"년월","대분류","중분류","전화","방문","이메일","게시판","SNS","이동상담","문자","합계"
"202502","교육","교육기관","3","0","0","0","0","0","","0"
"202502","교육","기타","5","1","0","0","0","0","","0"
"202502","교육","보육시설","0","0","0","0","0","0","","0"
"202502","교육","불편/개선건의","0","0","0","0","0","0","","0"
"202502","교육","일반교육","10","13","0","0","0","0","","0"
"202502","교육","한국어교육","18","4","1","0","1","0","","0"
"202502","교통","기타","1","0","0","0","0","0","","0"
"202502","교통","대중교통","0","0","0","0","0","0","","0"
"202502","교통","불편/개선건의","0","0","0","0","0","0","","0"
"202502","교통","유실물","0","0","0","0","0","0","","0"
"202502","교통","항공 및 선박","0","0","0","0","0","0","","0"
"202502","금융","기타","1","0","0","0","0","0","","0"
"202502","금융","불편/개선건의","0","0","0","0","0","0","","0"
"202502","금융","신용카드","0","0","0","0","0","0","","0"
"202502","금융","은행업무","8","0","0","0","0","0","","0"
"202502","기타","기타","5","2","0","0","0","0","","0"
"202502","기타","렌탈","1","0","0","0","0","0","","0"
"202502","기타","매매/교환","0","0","0","0","0","0","","0"
"202502","기타","불편/개선건의","0","0","0","0","0","0","","0"
"202502","기타","센터안내","13","3","1","0","0","0","","0"
"202502","기타","통역","17","0","0","0","0","0","","0"
"202502","노무","고용보험","4","0","0","0","0","0","","0"
"202502","노무","구인","4","0","0","0","0","0","","0"
"202502","노무","구직","4","3","0","0","0","0","","0"
"202502","노무","근로자교육","0","0","0","0","0","0","","0"
"202502","노무","근로조건","7","0","0","0","0","0","","0"
"202502","노무","급여","25","7","0","0","0","0","","0"
"202502","노무","기타","4","4","0","0","0","0","","0"
"202502","노무","부당해고","2","0","0","0","0","0","","0"
"202502","노무","불편/개선건의","3","2","0","0","0","0","","0"
"202502","노무","사업장변경","4","0","0","0","0","0","","0"
"202502","노무","사업장이탈","0","0","0","0","0","0","","0"
"202502","노무","산재보험","3","0","0","0","0","0","","0"
"202502","노무","외국근로자보험","15","4","0","0","0","0","","0"
"202502","노무","재고용","9","0","0","0","0","0","","0"
"202502","노무","체불임금","12","9","0","0","0","0","","0"
"202502","문화/관광","교류/행사","1","0","0","0","0","0","","0"
"202502","문화/관광","기타","0","0","0","0","0","0","","0"
"202502","문화/관광","불편/개선건의","0","0","0","0","0","0","","0"
"202502","문화/관광","여행/관광","1","0","0","0","0","0","","0"
"202502","문화/관광","자원봉사","0","0","0","0","0","0","","0"
"202502","문화/관광","종교","0","0","0","0","0","0","","0"
"202502","보건/복지","건강보험","5","3","0","0","0","0","","0"
"202502","보건/복지","국민연금","18","6","0","0","0","0","","0"
"202502","보건/복지","기타","1","0","0","0","0","0","","0"
"202502","보건/복지","동물병원","0","0","0","0","0","0","","0"
"202502","보건/복지","무료진료","0","0","0","0","0","0","","0"
"202502","보건/복지","방역","0","0","0","0","0","0","","0"
"202502","보건/복지","불편/개선건의","0","0","0","0","0","0","","0"
"202502","보건/복지","사보험","1","0","0","0","0","0","","0"
"202502","보건/복지","사회복지","5","1","0","0","0","0","","0"
"202502","보건/복지","심리상담","0","0","0","0","0","0","","0"
"202502","보건/복지","의료기관","6","5","0","0","0","0","","0"
"202502","보건/복지","재난지원금","0","0","0","0","0","0","","0"
"202502","보건/복지","중국어 심리상담","0","0","0","0","0","0","","0"
"202502","비즈니스","FDI/금융","0","0","0","0","0","0","","0"
"202502","비즈니스","관세/통관","0","0","0","0","0","0","","0"
"202502","비즈니스","기타","6","1","1","0","0","0","","0"
"202502","비즈니스","노무/인사","0","0","0","0","0","0","","0"
"202502","비즈니스","마케팅","0","0","0","0","0","0","","0"
"202502","비즈니스","무역특화","0","0","0","0","0","0","","0"
"202502","비즈니스","법률/상법","0","0","1","0","0","0","","0"
"202502","비즈니스","불편/개선건의","0","0","0","0","0","0","","0"
"202502","비즈니스","비자","0","0","0","0","0","0","","0"
"202502","비즈니스","비즈네트워킹","0","0","0","0","0","0","","0"
"202502","비즈니스","비즈한국어","0","0","0","0","0","0","","0"
"202502","비즈니스","세금","1","0","0","0","0","0","","0"
"202502","비즈니스","인허가","0","0","0","0","0","0","","0"
"202502","비즈니스","지식재산권","0","0","0","0","0","0","","0"
"202502","비즈니스","창업교육","0","0","0","0","0","0","","0"
"202502","비즈니스","창업보육","0","0","0","0","0","0","","0"
"202502","비즈니스","창업일반","7","0","0","0","0","0","","0"
"202502","비즈니스","회사설립","5","1","1","0","0","0","","0"
"202502","안전","교통사고","1","0","0","0","0","0","","0"
"202502","안전","기타","0","0","0","0","0","0","","0"
"202502","안전","민사사건","0","1","0","0","0","0","","0"
"202502","안전","불편/개선건의","0","0","0","0","0","0","","0"
"202502","안전","일반사고","0","0","0","0","0","0","","0"
"202502","안전","재난/재해","0","0","0","0","0","0","","0"
"202502","안전","형사사건","2","0","0","0","0","0","","0"
"202502","여성/가족","가정폭력","0","0","0","0","0","0","","0"
"202502","여성/가족","가족상담","0","0","0","0","0","0","","0"
"202502","여성/가족","기타","1","1","0","0","0","0","","0"
"202502","여성/가족","불편/개선건의","0","0","0","0","0","0","","0"
"202502","여성/가족","이혼","0","0","0","0","0","0","","0"
"202502","여성/가족","임신/출산","2","0","0","0","0","0","","0"
"202502","정보통신","기타","0","0","0","0","0","0","","0"
"202502","정보통신","불편/개선건의","0","0","0","0","0","0","","0"
"202502","정보통신","우편/택배등","1","0","0","0","0","0","","0"
"202502","정보통신","인터넷","1","0","0","0","0","0","","0"
"202502","정보통신","전화","0","0","0","0","0","0","","0"
"202502","정보통신","케이블/위성TV","0","0","0","0","0","0","","0"
"202502","정보통신","휴대폰","0","1","0","0","0","0","","0"
"202502","주거","공과금","0","0","0","0","0","0","","0"
"202502","주거","기타","4","1","0","0","0","0","","0"
"202502","주거","부동산매매","2","2","0","0","0","0","","0"
"202502","주거","부동산임대","4","0","0","0","0","0","","0"
"202502","주거","불편/개선건의","4","0","0","0","0","0","","0"
"202502","주거","이사","1","0","0","0","0","0","","0"
"202502","주거","주거관련분쟁","7","0","0","0","0","0","","0"
"202502","출입국","검역/세관","0","0","0","0","0","0","","0"
"202502","출입국","귀화/영주권","6","6","0","0","0","0","","0"
"202502","출입국","기타","17","6","0","0","0","0","","0"
"202502","출입국","난민","0","0","0","0","0","0","","0"
"202502","출입국","불편/개선건의","0","0","0","0","0","0","","0"
"202502","출입국","사증변경","16","18","3","0","0","0","","1"
"202502","출입국","사증연장","32","14","0","0","0","0","","0"
"202502","출입국","사증자격","8","4","0","0","0","0","","0"
"202502","출입국","사증취득","7","1","2","0","0","0","","0"
"202502","출입국","외국인등록증","17","11","1","0","0","0","","0"
"202502","출입국","초청","2","2","0","0","0","0","","0"
"202502","출입국","출국/입국","12","7","0","0","0","0","","0"
"202502","행정","공증","0","0","0","0","0","0","","0"
"202502","행정","기타","11","2","0","0","0","0","","0"
"202502","행정","불편/개선건의","0","0","0","0","0","0","","0"
"202502","행정","세무","6","0","2","0","0","0","","0"
"202502","행정","소비자상담","0","0","0","0","0","0","","0"
"202502","행정","쓰레기처리","0","0","0","0","0","0","","0"
"202502","행정","여권","1","0","0","0","0","0","","0"
"202502","행정","운전면허","3","1","0","0","0","0","","0"
"202502","행정","인감","0","0","0","0","0","0","","0"
"202502","행정","일반법률","14","1","0","0","0","0","","0"
"202502","행정","자동차관련","2","1","0","0","0","0","","0"
"202502","행정","출생 및 사망","1","0","0","0","0","0","","0"
"202502","행정","행정기관","10","4","0","0","0","0","","0"
"202502","행정","행정소송","0","0","0","0","0","0","","0"
"202502","행정","혼인관계","1","0","0","0","0","0","","0"
"202501","교육","교육기관","0","0","0","0","0","0","","0"
"202501","교육","기타","7","3","0","0","0","0","","0"
"202501","교육","보육시설","0","0","0","0","0","0","","0"
"202501","교육","불편/개선건의","1","0","0","0","0","0","","0"
"202501","교육","일반교육","8","8","0","0","0","0","","0"
"202501","교육","한국어교육","15","1","1","0","0","0","","0"
"202501","교통","기타","0","0","0","0","0","0","","0"
"202501","교통","대중교통","0","0","0","0","0","0","","0"
"202501","교통","불편/개선건의","0","0","0","0","0","0","","0"
"202501","교통","유실물","0","0","0","0","0","0","","0"
"202501","교통","항공 및 선박","0","0","0","0","0","0","","0"
"202501","금융","기타","0","1","0","0","0","0","","0"
"202501","금융","불편/개선건의","0","0","0","0","0","0","","0"
"202501","금융","신용카드","0","0","0","0","0","0","","0"
"202501","금융","은행업무","8","3","0","0","0","0","","0"
"202501","기타","기타","4","0","0","0","0","0","","0"
"202501","기타","렌탈","0","0","0","0","0","0","","0"
"202501","기타","매매/교환","0","0","0","0","0","0","","0"
"202501","기타","불편/개선건의","0","0","0","0","0","0","","0"
"202501","기타","센터안내","4","0","0","0","0","0","","0"
"202501","기타","통역","7","0","0","0","0","0","","0"
"202501","노무","고용보험","0","0","0","0","0","0","","0"
"202501","노무","구인","1","0","0","0","0","0","","0"
"202501","노무","구직","6","1","0","0","0","0","","0"
"202501","노무","근로자교육","0","0","0","0","0","0","","0"
"202501","노무","근로조건","14","0","0","0","0","0","","0"
"202501","노무","급여","21","2","0","0","0","0","","0"
"202501","노무","기타","4","1","0","0","0","0","","0"
"202501","노무","부당해고","4","0","0","0","0","0","","0"
"202501","노무","불편/개선건의","2","0","0","0","0","0","","0"
"202501","노무","사업장변경","6","0","0","0","0","0","","0"
"202501","노무","사업장이탈","0","0","0","0","0","0","","0"
"202501","노무","산재보험","1","0","0","0","0","0","","0"
"202501","노무","외국근로자보험","19","7","0","0","0","0","","0"
"202501","노무","재고용","7","0","0","0","0","0","","0"
"202501","노무","체불임금","17","2","0","0","0","0","","0"
"202501","문화/관광","교류/행사","0","0","0","0","0","0","","0"
"202501","문화/관광","기타","1","0","0","0","0","0","","0"
"202501","문화/관광","불편/개선건의","0","0","0","0","0","0","","0"
"202501","문화/관광","여행/관광","1","1","0","0","0","0","","0"
"202501","문화/관광","자원봉사","0","0","0","0","0","0","","0"
"202501","문화/관광","종교","0","0","0","0","0","0","","0"
"202501","보건/복지","건강보험","4","0","0","0","0","0","","0"
"202501","보건/복지","국민연금","13","7","0","0","0","0","","0"
"202501","보건/복지","기타","1","0","0","0","0","0","","0"
"202501","보건/복지","동물병원","0","0","0","0","0","0","","0"
"202501","보건/복지","무료진료","0","0","0","0","0","0","","0"
"202501","보건/복지","방역","0","0","0","0","0","0","","0"
"202501","보건/복지","불편/개선건의","0","0","0","0","0","0","","0"
"202501","보건/복지","사보험","0","1","0","0","0","0","","0"
"202501","보건/복지","사회복지","1","2","0","0","0","0","","0"
"202501","보건/복지","심리상담","2","0","0","0","0","0","","0"
"202501","보건/복지","의료기관","2","1","0","0","0","0","","0"
"202501","보건/복지","재난지원금","0","0","0","0","0","0","","0"
"202501","보건/복지","중국어 심리상담","0","0","0","0","0","0","","0"
"202501","비즈니스","FDI/금융","0","0","0","0","0","0","","0"
"202501","비즈니스","관세/통관","0","0","0","0","0","0","","0"
"202501","비즈니스","기타","1","0","0","0","0","0","","0"
"202501","비즈니스","노무/인사","0","0","0","0","0","0","","0"
"202501","비즈니스","마케팅","0","0","0","0","0","0","","0"
"202501","비즈니스","무역특화","0","0","0","0","0","0","","0"
"202501","비즈니스","법률/상법","2","0","1","0","0","0","","0"
"202501","비즈니스","불편/개선건의","0","0","0","0","0","0","","0"
"202501","비즈니스","비자","0","0","0","0","0","0","","0"
"202501","비즈니스","비즈네트워킹","0","0","0","0","0","0","","0"
"202501","비즈니스","비즈한국어","0","0","0","0","0","0","","0"
"202501","비즈니스","세금","1","0","0","0","0","0","","0"
"202501","비즈니스","인허가","0","0","0","0","0","0","","0"
"202501","비즈니스","지식재산권","0","0","0","0","0","0","","0"
"202501","비즈니스","창업교육","1","0","0","0","0","0","","0"
"202501","비즈니스","창업보육","0","0","0","0","0","0","","0"
"202501","비즈니스","창업일반","6","0","0","0","0","0","","0"
"202501","비즈니스","회사설립","1","1","1","0","0","0","","0"
"202501","안전","교통사고","0","0","0","0","0","0","","0"
"202501","안전","기타","0","0","0","0","0","0","","0"
"202501","안전","민사사건","0","2","0","0","0","0","","0"
"202501","안전","불편/개선건의","1","0","0","0","0","0","","0"
"202501","안전","일반사고","0","0","0","0","0","0","","0"
"202501","안전","재난/재해","0","0","0","0","0","0","","0"
"202501","안전","형사사건","1","0","0","0","0","0","","0"
"202501","여성/가족","가정폭력","0","0","0","0","0","0","","0"
"202501","여성/가족","가족상담","0","0","0","0","0","0","","0"
"202501","여성/가족","기타","0","0","0","0","0","0","","0"
"202501","여성/가족","불편/개선건의","1","0","0","0","0","0","","0"
"202501","여성/가족","이혼","4","1","0","0","0","0","","0"
"202501","여성/가족","임신/출산","1","0","0","0","0","0","","0"
"202501","정보통신","기타","0","0","0","0","0","0","","0"
"202501","정보통신","불편/개선건의","0","0","0","0","0","0","","0"
"202501","정보통신","우편/택배등","1","0","0","0","0","0","","0"
"202501","정보통신","인터넷","0","0","0","0","0","0","","0"
"202501","정보통신","전화","0","0","0","0","0","0","","0"
"202501","정보통신","케이블/위성TV","0","0","0","0","0","0","","0"
"202501","정보통신","휴대폰","1","0","0","0","0","0","","0"
"202501","주거","공과금","0","0","0","0","0","0","","0"
"202501","주거","기타","0","0","0","0","0","0","","0"
"202501","주거","부동산매매","0","0","0","0","0","0","","0"
"202501","주거","부동산임대","1","0","0","0","0","0","","0"
"202501","주거","불편/개선건의","1","0","0","0","0","0","","0"
"202501","주거","이사","0","0","0","0","0","0","","0"
"202501","주거","주거관련분쟁","5","0","0","0","0","0","","0"
"202501","출입국","검역/세관","1","0","0","0","0","0","","0"
"202501","출입국","귀화/영주권","4","5","0","0","0","0","","0"
"202501","출입국","기타","14","4","0","0","0","0","","0"
"202501","출입국","난민","0","0","0","0","0","0","","0"
"202501","출입국","불편/개선건의","0","0","0","0","0","0","","0"
"202501","출입국","사증변경","6","16","0","0","0","0","","0"
"202501","출입국","사증연장","27","33","0","0","0","0","","0"
"202501","출입국","사증자격","4","1","0","0","0","0","","0"
"202501","출입국","사증취득","2","5","0","0","0","0","","0"
"202501","출입국","외국인등록증","12","23","0","0","0","0","","0"
"202501","출입국","초청","2","3","0","0","0","0","","0"
"202501","출입국","출국/입국","3","0","0","0","0","0","","0"
"202501","행정","공증","0","0","0","0","0","0","","0"
"202501","행정","기타","7","1","0","0","0","0","","0"
"202501","행정","불편/개선건의","0","0","0","0","0","0","","0"
"202501","행정","세무","3","3","0","0","0","0","","0"
"202501","행정","소비자상담","0","0","0","0","0","0","","0"
"202501","행정","쓰레기처리","0","0","0","0","0","0","","0"
"202501","행정","여권","3","0","0","0","0","0","","0"
"202501","행정","운전면허","6","5","0","0","0","0","","0"
"202501","행정","인감","0","0","0","0","0","0","","0"
"202501","행정","일반법률","24","0","0","0","0","0","","0"
"202501","행정","자동차관련","1","0","0","0","0","0","","0"
"202501","행정","출생 및 사망","1","0","0","0","0","0","","0"
"202501","행정","행정기관","6","3","1","0","0","0","","0"
"202501","행정","행정소송","0","1","0","0","0","0","","0"
"202501","행정","혼인관계","2","2","0","0","0","0","","0"
"202412","교육","교육기관","4","0","0","0","0","0","","0"
"202412","교육","기타","9","2","0","0","0","0","","0"
"202412","교육","보육시설","0","0","0","0","0","0","","0"
"202412","교육","불편/개선건의","0","0","0","0","0","0","","0"
"202412","교육","일반교육","4","6","0","0","0","0","","0"
"202412","교육","한국어교육","9","5","0","0","0","0","","0"
"202412","교통","기타","0","0","0","0","0","0","","0"
"202412","교통","대중교통","0","0","0","0","0","0","","0"
"202412","교통","불편/개선건의","0","0","0","0","0","0","","0"
"202412","교통","유실물","0","0","0","0","0","0","","0"
"202412","교통","항공 및 선박","0","0","0","0","0","0","","0"
"202412","금융","기타","1","0","0","0","0","0","","0"
"202412","금융","불편/개선건의","0","0","0","0","0","0","","0"
"202412","금융","신용카드","0","0","0","0","0","0","","0"
"202412","금융","은행업무","2","0","0","0","0","0","","0"
"202412","기타","기타","14","1","0","0","0","0","","0"
"202412","기타","렌탈","1","0","0","0","0","0","","0"
"202412","기타","매매/교환","0","0","0","0","0","0","","0"
"202412","기타","불편/개선건의","0","0","0","0","0","0","","0"
"202412","기타","센터안내","14","0","0","0","0","0","","0"
"202412","기타","통역","11","0","0","0","0","0","","0"
"202412","노무","고용보험","1","0","0","0","0","0","","0"
"202412","노무","구인","0","0","0","0","0","0","","0"
"202412","노무","구직","8","3","0","0","0","0","","0"
"202412","노무","근로자교육","0","0","0","0","0","0","","0"
"202412","노무","근로조건","7","0","0","0","0","0","","0"
"202412","노무","급여","13","2","0","0","0","0","","0"
"202412","노무","기타","2","0","0","0","0","0","","0"
"202412","노무","부당해고","1","0","0","0","0","0","","0"
"202412","노무","불편/개선건의","1","1","0","0","0","0","","0"
"202412","노무","사업장변경","2","1","0","0","0","0","","0"
"202412","노무","사업장이탈","0","0","0","0","0","0","","0"
"202412","노무","산재보험","2","1","0","0","0","0","","0"
"202412","노무","외국근로자보험","15","4","0","0","0","0","","0"
"202412","노무","재고용","4","0","0","0","0","0","","0"
"202412","노무","체불임금","34","6","0","0","0","0","","0"
"202412","문화/관광","교류/행사","0","0","0","0","0","0","","0"
"202412","문화/관광","기타","0","0","0","0","0","0","","0"
"202412","문화/관광","불편/개선건의","0","0","0","0","0","0","","0"
"202412","문화/관광","여행/관광","0","2","0","0","0","0","","0"
"202412","문화/관광","자원봉사","1","0","0","0","0","0","","0"
"202412","문화/관광","종교","0","0","0","0","0","0","","0"
"202412","보건/복지","건강보험","12","1","0","0","0","0","","0"
"202412","보건/복지","국민연금","5","2","0","0","0","0","","0"
"202412","보건/복지","기타","0","1","0","0","0","0","","0"
"202412","보건/복지","동물병원","0","0","0","0","0","0","","0"
"202412","보건/복지","무료진료","0","0","0","0","0","0","","0"
"202412","보건/복지","방역","0","0","0","0","0","0","","0"
"202412","보건/복지","불편/개선건의","0","0","0","0","0","0","","0"
"202412","보건/복지","사보험","0","0","0","0","0","0","","0"
"202412","보건/복지","사회복지","0","1","0","0","0","0","","0"
"202412","보건/복지","심리상담","0","0","0","0","0","0","","0"
"202412","보건/복지","의료기관","7","1","0","0","0","0","","0"
"202412","보건/복지","재난지원금","0","0","0","0","0","0","","0"
"202412","보건/복지","중국어 심리상담","0","0","0","0","0","0","","0"
"202412","비즈니스","FDI/금융","0","0","0","0","0","0","","0"
"202412","비즈니스","관세/통관","0","0","0","0","0","0","","0"
"202412","비즈니스","기타","2","1","0","0","0","0","","0"
"202412","비즈니스","노무/인사","0","0","0","0","0","0","","0"
"202412","비즈니스","마케팅","0","0","0","0","0","0","","0"
"202412","비즈니스","무역특화","0","0","0","0","0","0","","0"
"202412","비즈니스","법률/상법","0","0","0","0","0","0","","0"
"202412","비즈니스","불편/개선건의","0","0","0","0","0","0","","0"
"202412","비즈니스","비자","0","0","0","0","0","0","","0"
"202412","비즈니스","비즈네트워킹","0","0","0","0","0","0","","0"
"202412","비즈니스","비즈한국어","0","0","0","0","0","0","","0"
"202412","비즈니스","세금","0","0","0","0","0","0","","0"
"202412","비즈니스","인허가","0","0","0","0","0","0","","0"
"202412","비즈니스","지식재산권","0","0","0","0","0","0","","0"
"202412","비즈니스","창업교육","0","0","0","0","0","0","","0"
"202412","비즈니스","창업보육","0","0","0","0","0","0","","0"
"202412","비즈니스","창업일반","4","2","0","0","0","0","","0"
"202412","비즈니스","회사설립","0","0","0","0","0","0","","0"
"202412","안전","교통사고","0","0","0","0","0","0","","0"
"202412","안전","기타","1","0","0","0","0","0","","0"
"202412","안전","민사사건","2","0","0","0","0","0","","0"
"202412","안전","불편/개선건의","0","0","0","0","0","0","","0"
"202412","안전","일반사고","0","0","0","0","0","0","","0"
"202412","안전","재난/재해","0","0","0","0","0","0","","0"
"202412","안전","형사사건","1","0","0","0","0","0","","0"
"202412","여성/가족","가정폭력","0","0","0","0","0","0","","0"
"202412","여성/가족","가족상담","0","0","0","0","0","0","","0"
"202412","여성/가족","기타","0","0","0","0","0","0","","0"
"202412","여성/가족","불편/개선건의","0","0","0","0","0","0","","0"
"202412","여성/가족","이혼","4","0","0","0","0","0","","0"
"202412","여성/가족","임신/출산","1","0","0","0","0","0","","0"
"202412","정보통신","기타","0","0","0","0","0","0","","0"
"202412","정보통신","불편/개선건의","0","0","0","0","0","0","","0"
"202412","정보통신","우편/택배등","0","0","0","0","0","0","","0"
"202412","정보통신","인터넷","0","0","0","0","0","0","","0"
"202412","정보통신","전화","0","0","0","0","0","0","","0"
"202412","정보통신","케이블/위성TV","0","0","0","0","0","0","","0"
"202412","정보통신","휴대폰","0","0","0","0","0","0","","0"
"202412","주거","공과금","0","0","0","0","0","0","","0"
"202412","주거","기타","1","0","0","0","0","0","","0"
"202412","주거","부동산매매","2","0","0","0","0","0","","0"
"202412","주거","부동산임대","4","1","0","0","0","0","","0"
"202412","주거","불편/개선건의","0","0","0","0","0","0","","0"
"202412","주거","이사","1","0","0","0","0","0","","0"
"202412","주거","주거관련분쟁","8","2","0","0","0","0","","0"
"202412","출입국","검역/세관","0","0","0","0","0","0","","0"
"202412","출입국","귀화/영주권","2","7","0","0","0","0","","0"
"202412","출입국","기타","7","8","0","0","0","0","","0"
"202412","출입국","난민","0","1","0","0","0","0","","0"
"202412","출입국","불편/개선건의","0","1","0","0","0","0","","0"
"202412","출입국","사증변경","6","11","0","0","0","0","","0"
"202412","출입국","사증연장","21","17","0","0","0","0","","0"
"202412","출입국","사증자격","3","3","0","0","0","0","","0"
"202412","출입국","사증취득","1","2","0","0","0","0","","0"
"202412","출입국","외국인등록증","3","15","0","0","0","0","","0"
"202412","출입국","초청","0","0","0","0","0","0","","0"
"202412","출입국","출국/입국","8","8","0","0","0","0","","0"
"202412","행정","공증","0","0","0","0","0","0","","0"
"202412","행정","기타","4","0","0","0","0","0","","0"
"202412","행정","불편/개선건의","0","0","0","0","0","0","","0"
"202412","행정","세무","1","0","0","0","0","0","","0"
"202412","행정","소비자상담","0","0","0","0","0","0","","0"
"202412","행정","쓰레기처리","0","0","0","0","0","0","","0"
"202412","행정","여권","0","0","0","0","0","0","","0"
"202412","행정","운전면허","13","5","0","0","0","0","","0"
"202412","행정","인감","0","0","0","0","0","0","","0"
"202412","행정","일반법률","19","4","0","0","0","0","","0"
"202412","행정","자동차관련","0","0","0","0","0","0","","0"
"202412","행정","출생 및 사망","0","0","0","0","0","0","","0"
"202412","행정","행정기관","15","3","0","0","0","0","","0"
"202412","행정","행정소송","0","0","0","0","0","0","","0"
"202412","행정","혼인관계","2","0","0","0","0","0","","0"
"202411","교육","교육기관","0","0","0","0","0","0","","0"
"202411","교육","기타","5","3","0","0","0","0","","0"
"202411","교육","보육시설","0","0","0","0","0","0","","0"
"202411","교육","불편/개선건의","0","0","0","0","0","0","","0"
"202411","교육","일반교육","12","4","0","0","0","0","","0"
"202411","교육","한국어교육","12","4","0","0","0","0","","0"
"202411","교통","기타","2","0","0","0","0","0","","0"
"202411","교통","대중교통","0","0","0","0","0","0","","0"
"202411","교통","불편/개선건의","0","0","0","0","0","0","","0"
"202411","교통","유실물","0","0","0","0","0","0","","0"
"202411","교통","항공 및 선박","0","0","0","0","0","0","","0"
"202411","금융","기타","0","0","0","0","0","0","","0"
"202411","금융","불편/개선건의","1","0","0","0","0","0","","0"
"202411","금융","신용카드","0","0","0","0","0","0","","0"
"202411","금융","은행업무","5","1","0","0","0","0","","0"
"202411","기타","기타","3","0","0","0","0","0","","0"
"202411","기타","렌탈","0","0","0","0","0","0","","0"
"202411","기타","매매/교환","0","0","0","0","0","0","","0"
"202411","기타","불편/개선건의","0","0","0","0","0","0","","0"
"202411","기타","센터안내","13","0","0","0","0","0","","0"
"202411","기타","통역","9","1","0","0","0","0","","0"
"202411","노무","고용보험","0","0","0","0","0","0","","0"
"202411","노무","구인","0","0","0","0","0","0","","0"
"202411","노무","구직","3","2","0","0","0","0","","0"
"202411","노무","근로자교육","1","0","0","0","0","0","","0"
"202411","노무","근로조건","3","1","0","0","0","0","","0"
"202411","노무","급여","9","9","0","0","0","0","","0"
"202411","노무","기타","4","0","0","0","0","0","","0"
"202411","노무","부당해고","1","2","0","0","0","0","","0"
"202411","노무","불편/개선건의","5","0","0","0","0","0","","0"
"202411","노무","사업장변경","3","0","0","0","0","0","","0"
"202411","노무","사업장이탈","0","0","0","0","0","0","","0"
"202411","노무","산재보험","5","1","0","0","0","0","","0"
"202411","노무","외국근로자보험","13","12","0","0","0","0","","0"
"202411","노무","재고용","4","1","0","0","0","0","","0"
"202411","노무","체불임금","12","4","0","0","0","0","","0"
"202411","문화/관광","교류/행사","1","0","0","0","0","0","","0"
"202411","문화/관광","기타","0","0","0","0","0","0","","0"
"202411","문화/관광","불편/개선건의","0","0","0","0","0","0","","0"
"202411","문화/관광","여행/관광","1","0","0","0","0","0","","0"
"202411","문화/관광","자원봉사","1","0","0","0","0","0","","0"
"202411","문화/관광","종교","0","0","0","0","0","0","","0"
"202411","보건/복지","건강보험","7","1","0","0","0","0","","0"
"202411","보건/복지","국민연금","8","6","0","0","0","0","","0"
"202411","보건/복지","기타","0","0","0","0","0","0","","0"
"202411","보건/복지","동물병원","0","0","0","0","0","0","","0"
"202411","보건/복지","무료진료","1","0","0","0","0","0","","0"
"202411","보건/복지","방역","0","0","0","0","0","0","","0"
"202411","보건/복지","불편/개선건의","0","0","0","0","0","0","","0"
"202411","보건/복지","사보험","0","0","0","0","0","0","","0"
"202411","보건/복지","사회복지","4","1","0","0","0","0","","0"
"202411","보건/복지","심리상담","3","0","0","0","0","0","","0"
"202411","보건/복지","의료기관","0","1","0","0","0","0","","0"
"202411","보건/복지","재난지원금","0","0","0","0","0","0","","0"
"202411","보건/복지","중국어 심리상담","0","0","0","0","0","0","","0"
"202411","비즈니스","FDI/금융","0","0","0","0","0","0","","0"
"202411","비즈니스","관세/통관","0","0","0","0","0","0","","0"
"202411","비즈니스","기타","2","0","0","0","0","0","","0"
"202411","비즈니스","노무/인사","0","0","0","0","0","0","","0"
"202411","비즈니스","마케팅","0","0","0","0","0","0","","0"
"202411","비즈니스","무역특화","0","0","0","0","0","0","","0"
"202411","비즈니스","법률/상법","1","0","0","0","0","0","","0"
"202411","비즈니스","불편/개선건의","0","0","0","0","0","0","","0"
"202411","비즈니스","비자","0","0","0","0","0","0","","0"
"202411","비즈니스","비즈네트워킹","0","0","0","0","0","0","","0"
"202411","비즈니스","비즈한국어","0","0","0","0","0","0","","0"
"202411","비즈니스","세금","1","0","0","0","0","0","","0"
"202411","비즈니스","인허가","0","0","0","0","0","0","","0"
"202411","비즈니스","지식재산권","0","0","0","0","0","0","","0"
"202411","비즈니스","창업교육","0","0","0","0","0","0","","0"
"202411","비즈니스","창업보육","0","0","0","0","0","0","","0"
"202411","비즈니스","창업일반","4","2","1","0","0","0","","0"
"202411","비즈니스","회사설립","4","3","0","0","0","0","","0"
"202411","안전","교통사고","0","0","0","0","0","0","","0"
"202411","안전","기타","1","0","0","0","0","0","","0"
"202411","안전","민사사건","0","0","0","0","0","0","","0"
"202411","안전","불편/개선건의","1","0","0","0","0","0","","0"
"202411","안전","일반사고","0","1","0","0","0","0","","0"
"202411","안전","재난/재해","0","0","0","0","0","0","","0"
"202411","안전","형사사건","0","0","0","0","0","0","","0"
"202411","여성/가족","가정폭력","0","0","0","0","0","0","","0"
"202411","여성/가족","가족상담","0","0","0","0","0","0","","0"
"202411","여성/가족","기타","1","0","0","0","0","0","","0"
"202411","여성/가족","불편/개선건의","0","0","0","0","0","0","","0"
"202411","여성/가족","이혼","0","0","0","0","0","0","","0"
"202411","여성/가족","임신/출산","0","0","0","0","0","0","","0"
"202411","정보통신","기타","0","0","0","0","0","0","","0"
"202411","정보통신","불편/개선건의","0","0","0","0","0","0","","0"
"202411","정보통신","우편/택배등","0","0","0","0","0","0","","0"
"202411","정보통신","인터넷","0","0","0","0","0","0","","0"
"202411","정보통신","전화","0","0","0","0","0","0","","0"
"202411","정보통신","케이블/위성TV","0","0","0","0","0","0","","0"
"202411","정보통신","휴대폰","2","0","0","0","0","0","","0"
"202411","주거","공과금","0","0","0","0","0","0","","0"
"202411","주거","기타","3","0","0","0","0","0","","0"
"202411","주거","부동산매매","0","1","0","0","0","0","","0"
"202411","주거","부동산임대","0","0","0","0","0","0","","0"
"202411","주거","불편/개선건의","2","0","0","0","0","0","","0"
"202411","주거","이사","0","1","0","0","0","0","","0"
"202411","주거","주거관련분쟁","10","2","0","0","0","0","","0"
"202411","출입국","검역/세관","0","0","0","0","0","0","","0"
"202411","출입국","귀화/영주권","7","2","0","0","0","0","","0"
"202411","출입국","기타","10","9","0","0","0","0","","0"
"202411","출입국","난민","0","0","0","0","0","0","","0"
"202411","출입국","불편/개선건의","1","0","0","0","0","0","","0"
"202411","출입국","사증변경","16","7","0","0","0","0","","0"
"202411","출입국","사증연장","22","26","0","0","0","0","","0"
"202411","출입국","사증자격","3","5","0","0","0","0","","0"
"202411","출입국","사증취득","2","4","0","0","0","0","","0"
"202411","출입국","외국인등록증","11","22","0","0","0","0","","0"
"202411","출입국","초청","1","2","0","0","0","0","","0"
"202411","출입국","출국/입국","8","7","0","0","0","0","","0"
"202411","행정","공증","0","0","0","0","0","0","","0"
"202411","행정","기타","4","0","0","0","0","0","","0"
"202411","행정","불편/개선건의","0","0","0","0","0","0","","0"
"202411","행정","세무","7","1","0","0","0","0","","0"
"202411","행정","소비자상담","0","0","0","0","0","0","","0"
"202411","행정","쓰레기처리","0","0","0","0","0","0","","0"
"202411","행정","여권","3","1","0","0","0","0","","0"
"202411","행정","운전면허","6","1","0","0","0","0","","0"
"202411","행정","인감","0","0","0","0","0","0","","0"
"202411","행정","일반법률","21","3","0","0","0","0","","0"
"202411","행정","자동차관련","1","0","0","0","0","0","","0"
"202411","행정","출생 및 사망","3","0","0","0","0","0","","0"
"202411","행정","행정기관","15","4","0","0","0","0","","0"
"202411","행정","행정소송","0","1","0","0","0","0","","0"
"202411","행정","혼인관계","2","0","0","0","0","0","","0"
"202410","교육","교육기관","1","0","0","0","0","0","","0"
"202410","교육","기타","0","0","0","0","0","0","","0"
"202410","교육","보육시설","1","0","0","0","0","0","","0"
"202410","교육","불편/개선건의","0","0","0","0","0","0","","0"
"202410","교육","일반교육","8","9","0","0","0","0","","0"
"202410","교육","한국어교육","6","8","0","0","0","0","","0"
"202410","교통","기타","2","0","0","0","0","0","","0"
"202410","교통","대중교통","0","2","0","0","0","0","","0"
"202410","교통","불편/개선건의","0","0","0","0","0","0","","0"
"202410","교통","유실물","3","2","0","0","0","0","","0"
"202410","교통","항공 및 선박","0","0","0","0","0","0","","0"
"202410","금융","기타","0","0","0","0","0","0","","0"
"202410","금융","불편/개선건의","0","0","0","0","0","0","","0"
"202410","금융","신용카드","0","0","0","0","0","0","","0"
"202410","금융","은행업무","4","3","0","0","0","0","","0"
"202410","기타","기타","2","2","0","0","0","0","","0"
"202410","기타","렌탈","0","0","0","0","0","0","","0"
"202410","기타","매매/교환","0","0","0","0","0","0","","0"
"202410","기타","불편/개선건의","0","0","0","0","0","0","","0"
"202410","기타","센터안내","10","1","0","0","0","0","","0"
"202410","기타","통역","7","0","0","0","0","0","","0"
"202410","노무","고용보험","0","0","0","0","0","0","","0"
"202410","노무","구인","1","0","0","0","0","0","","0"
"202410","노무","구직","1","6","0","0","0","0","","0"
"202410","노무","근로자교육","2","1","0","0","0","0","","0"
"202410","노무","근로조건","4","0","0","0","0","0","","0"
"202410","노무","급여","10","7","0","0","0","0","","0"
"202410","노무","기타","0","1","0","0","0","0","","0"
"202410","노무","부당해고","0","0","0","0","0","0","","0"
"202410","노무","불편/개선건의","3","1","0","0","0","0","","0"
"202410","노무","사업장변경","2","0","0","0","0","0","","0"
"202410","노무","사업장이탈","0","0","0","0","0","0","","0"
"202410","노무","산재보험","1","1","0","0","0","0","","0"
"202410","노무","외국근로자보험","12","18","0","0","0","0","","0"
"202410","노무","재고용","6","1","0","0","0","0","","0"
"202410","노무","체불임금","20","5","0","0","0","0","","0"
"202410","문화/관광","교류/행사","1","0","0","0","0","0","","0"
"202410","문화/관광","기타","0","1","0","0","0","0","","0"
"202410","문화/관광","불편/개선건의","0","0","0","0","0","0","","0"
"202410","문화/관광","여행/관광","0","0","0","0","0","0","","0"
"202410","문화/관광","자원봉사","1","0","0","0","0","0","","0"
"202410","문화/관광","종교","0","0","0","0","0","0","","0"
"202410","보건/복지","건강보험","11","0","0","0","0","0","","0"
"202410","보건/복지","국민연금","21","14","0","0","0","0","","0"
"202410","보건/복지","기타","3","0","0","0","0","0","","0"
"202410","보건/복지","동물병원","0","0","0","0","0","0","","0"
"202410","보건/복지","무료진료","0","0","0","0","0","0","","0"
"202410","보건/복지","방역","0","0","0","0","0","0","","0"
"202410","보건/복지","불편/개선건의","1","0","0","0","0","0","","0"
"202410","보건/복지","사보험","0","1","0","0","0","0","","0"
"202410","보건/복지","사회복지","3","2","0","0","0","0","","0"
"202410","보건/복지","심리상담","1","0","0","0","0","0","","0"
"202410","보건/복지","의료기관","5","0","0","0","0","0","","0"
"202410","보건/복지","재난지원금","0","0","0","0","0","0","","0"
"202410","보건/복지","중국어 심리상담","0","0","0","0","0","0","","0"
"202410","비즈니스","FDI/금융","0","0","0","0","0","0","","0"
"202410","비즈니스","관세/통관","0","0","0","0","0","0","","0"
"202410","비즈니스","기타","4","0","0","0","0","0","","0"
"202410","비즈니스","노무/인사","0","0","0","0","0","0","","0"
"202410","비즈니스","마케팅","0","0","0","0","0","0","","0"
"202410","비즈니스","무역특화","0","0","0","0","0","0","","0"
"202410","비즈니스","법률/상법","0","0","0","0","0","0","","0"
"202410","비즈니스","불편/개선건의","0","0","0","0","0","0","","0"
"202410","비즈니스","비자","0","0","0","0","0","0","","0"
"202410","비즈니스","비즈네트워킹","0","0","0","0","0","0","","0"
"202410","비즈니스","비즈한국어","0","0","0","0","0","0","","0"
"202410","비즈니스","세금","1","0","0","0","0","0","","0"
"202410","비즈니스","인허가","0","0","0","0","0","0","","0"
"202410","비즈니스","지식재산권","0","0","0","0","0","0","","0"
"202410","비즈니스","창업교육","0","0","0","0","0","0","","0"
"202410","비즈니스","창업보육","0","0","0","0","0","0","","0"
"202410","비즈니스","창업일반","8","3","0","0","0","0","","0"
"202410","비즈니스","회사설립","1","4","0","0","0","0","","0"
"202410","안전","교통사고","0","0","0","0","0","0","","0"
"202410","안전","기타","0","0","0","0","0","0","","0"
"202410","안전","민사사건","0","0","0","0","0","0","","0"
"202410","안전","불편/개선건의","0","0","0","0","0","0","","0"
"202410","안전","일반사고","0","0","0","0","0","0","","0"
"202410","안전","재난/재해","0","0","0","0","0","0","","0"
"202410","안전","형사사건","0","1","0","0","0","0","","0"
"202410","여성/가족","가정폭력","1","0","0","0","0","0","","0"
"202410","여성/가족","가족상담","2","0","0","0","0","0","","0"
"202410","여성/가족","기타","0","0","0","0","0","0","","0"
"202410","여성/가족","불편/개선건의","0","0","0","0","0","0","","0"
"202410","여성/가족","이혼","1","0","0","0","0","0","","0"
"202410","여성/가족","임신/출산","0","0","0","0","0","0","","0"
"202410","정보통신","기타","0","0","0","0","0","0","","0"
"202410","정보통신","불편/개선건의","0","0","0","0","0","0","","0"
"202410","정보통신","우편/택배등","3","1","0","0","0","0","","0"
"202410","정보통신","인터넷","0","0","0","0","0","0","","0"
"202410","정보통신","전화","0","0","0","0","0","0","","0"
"202410","정보통신","케이블/위성TV","0","0","0","0","0","0","","0"
"202410","정보통신","휴대폰","0","0","0","0","0","0","","0"
"202410","주거","공과금","0","0","0","0","0","0","","0"
"202410","주거","기타","2","0","0","0","0","0","","0"
"202410","주거","부동산매매","2","0","0","0","0","0","","0"
"202410","주거","부동산임대","1","1","0","0","0","0","","0"
"202410","주거","불편/개선건의","3","0","0","0","0","0","","0"
"202410","주거","이사","1","0","0","0","0","0","","0"
"202410","주거","주거관련분쟁","9","5","0","0","0","0","","0"
"202410","출입국","검역/세관","0","0","0","0","0","0","","0"
"202410","출입국","귀화/영주권","5","4","0","0","0","0","","0"
"202410","출입국","기타","16","10","0","0","0","0","","0"
"202410","출입국","난민","0","0","0","0","0","0","","0"
"202410","출입국","불편/개선건의","0","1","0","0","0","0","","0"
"202410","출입국","사증변경","6","8","0","0","0","0","","0"
"202410","출입국","사증연장","17","20","1","0","0","0","","0"
"202410","출입국","사증자격","7","7","0","0","0","0","","0"
"202410","출입국","사증취득","9","6","0","0","0","0","","0"
"202410","출입국","외국인등록증","17","13","0","0","0","0","","0"
"202410","출입국","초청","1","0","0","0","0","0","","0"
"202410","출입국","출국/입국","8","5","0","0","0","0","","0"
"202410","행정","공증","0","0","0","0","0","0","","0"
"202410","행정","기타","6","2","0","0","0","0","","0"
"202410","행정","불편/개선건의","0","0","0","0","0","0","","0"
"202410","행정","세무","4","1","0","0","0","0","","0"
"202410","행정","소비자상담","0","0","0","0","0","0","","0"
"202410","행정","쓰레기처리","0","0","0","0","0","0","","0"
"202410","행정","여권","1","0","0","0","0","0","","0"
"202410","행정","운전면허","9","1","0","0","0","0","","0"
"202410","행정","인감","0","0","0","0","0","0","","0"
"202410","행정","일반법률","22","3","0","0","0","0","","0"
"202410","행정","자동차관련","0","0","0","0","0","0","","0"
"202410","행정","출생 및 사망","0","0","0","0","0","0","","0"
"202410","행정","행정기관","18","4","0","0","0","0","","0"
"202410","행정","행정소송","0","0","0","0","0","0","","0"
"202410","행정","혼인관계","1","0","0","0","0","0","","0"
"202409","교육","교육기관","0","1","0","0","0","0","","0"
"202409","교육","기타","2","1","0","0","0","0","","0"
"202409","교육","보육시설","1","1","0","0","0","0","","0"
"202409","교육","불편/개선건의","0","0","0","0","0","0","","0"
"202409","교육","일반교육","2","2","0","0","0","0","","0"
"202409","교육","한국어교육","6","2","0","0","0","0","","0"
"202409","교통","기타","1","0","0","0","0","0","","0"
"202409","교통","대중교통","0","0","0","0","0","0","","0"
"202409","교통","불편/개선건의","0","0","0","0","0","0","","0"
"202409","교통","유실물","1","0","0","0","0","0","","0"
"202409","교통","항공 및 선박","0","0","0","0","0","0","","0"
"202409","금융","기타","0","0","0","0","0","0","","0"
"202409","금융","불편/개선건의","0","0","0","0","0","0","","0"
"202409","금융","신용카드","0","0","0","0","0","0","","0"
"202409","금융","은행업무","2","1","0","0","0","0","","0"
"202409","기타","기타","7","0","0","0","0","0","","0"
"202409","기타","렌탈","0","1","0","0","0","0","","0"
"202409","기타","매매/교환","0","0","0","0","0","0","","0"
"202409","기타","불편/개선건의","0","0","0","0","0","0","","0"
"202409","기타","센터안내","5","0","0","0","0","0","","0"
"202409","기타","통역","14","1","0","0","0","0","","0"
"202409","노무","고용보험","1","0","0","0","0","0","","0"
"202409","노무","구인","0","0","0","0","0","0","","0"
"202409","노무","구직","4","2","0","0","0","0","","0"
"202409","노무","근로자교육","0","0","0","0","0","0","","0"
"202409","노무","근로조건","12","1","0","0","0","0","","0"
"202409","노무","급여","9","11","0","0","0","0","","0"
"202409","노무","기타","3","0","0","0","0","0","","0"
"202409","노무","부당해고","0","2","0","0","0","0","","0"
"202409","노무","불편/개선건의","6","0","0","0","0","0","","0"
"202409","노무","사업장변경","3","0","0","0","0","0","","0"
"202409","노무","사업장이탈","0","0","0","0","0","0","","0"
"202409","노무","산재보험","2","0","0","0","0","0","","0"
"202409","노무","외국근로자보험","15","7","0","0","0","0","","0"
"202409","노무","재고용","2","0","0","0","0","0","","0"
"202409","노무","체불임금","18","7","0","0","0","0","","0"
"202409","문화/관광","교류/행사","0","0","0","0","0","0","","0"
"202409","문화/관광","기타","0","0","0","0","0","0","","0"
"202409","문화/관광","불편/개선건의","0","0","0","0","0","0","","0"
"202409","문화/관광","여행/관광","1","0","0","0","0","0","","0"
"202409","문화/관광","자원봉사","0","0","0","0","0","0","","0"
"202409","문화/관광","종교","0","0","0","0","0","0","","0"
"202409","보건/복지","건강보험","2","0","0","0","0","0","","0"
"202409","보건/복지","국민연금","9","4","0","0","0","0","","0"
"202409","보건/복지","기타","4","0","0","0","0","0","","0"
"202409","보건/복지","동물병원","0","0","0","0","0","0","","0"
"202409","보건/복지","무료진료","0","0","0","0","0","0","","0"
"202409","보건/복지","방역","0","0","0","0","0","0","","0"
"202409","보건/복지","불편/개선건의","0","0","0","0","0","0","","0"
"202409","보건/복지","사보험","0","0","0","0","0","0","","0"
"202409","보건/복지","사회복지","0","0","0","0","0","0","","0"
"202409","보건/복지","심리상담","0","0","0","0","0","0","","0"
"202409","보건/복지","의료기관","6","2","0","0","0","0","","0"
"202409","보건/복지","재난지원금","0","0","0","0","0","0","","0"
"202409","보건/복지","중국어 심리상담","0","0","0","0","0","0","","0"
"202409","비즈니스","FDI/금융","0","0","0","0","0","0","","0"
"202409","비즈니스","관세/통관","0","0","0","0","0","0","","0"
"202409","비즈니스","기타","4","1","0","0","0","0","","0"
"202409","비즈니스","노무/인사","0","0","0","0","0","0","","0"
"202409","비즈니스","마케팅","0","0","0","0","0","0","","0"
"202409","비즈니스","무역특화","0","0","0","0","0","0","","0"
"202409","비즈니스","법률/상법","0","0","0","0","0","0","","0"
"202409","비즈니스","불편/개선건의","0","0","0","0","0","0","","0"
"202409","비즈니스","비자","0","0","0","0","0","0","","0"
"202409","비즈니스","비즈네트워킹","0","0","0","0","0","0","","0"
"202409","비즈니스","비즈한국어","0","0","0","0","0","0","","0"
"202409","비즈니스","세금","1","0","0","0","0","0","","0"
"202409","비즈니스","인허가","0","0","0","0","0","0","","0"
"202409","비즈니스","지식재산권","0","0","0","0","0","0","","0"
"202409","비즈니스","창업교육","0","0","0","0","0","0","","0"
"202409","비즈니스","창업보육","1","0","0","0","0","0","","0"
"202409","비즈니스","창업일반","4","3","0","0","0","0","","0"
"202409","비즈니스","회사설립","5","2","0","0","0","0","","0"
"202409","안전","교통사고","0","0","0","0","0","0","","0"
"202409","안전","기타","0","0","0","0","0","0","","0"
"202409","안전","민사사건","2","0","0","0","0","0","","0"
"202409","안전","불편/개선건의","1","0","0","0","0","0","","0"
"202409","안전","일반사고","0","0","0","0","0","0","","0"
"202409","안전","재난/재해","0","0","0","0","0","0","","0"
"202409","안전","형사사건","0","0","0","0","0","0","","0"
"202409","여성/가족","가정폭력","0","0","0","0","0","0","","0"
"202409","여성/가족","가족상담","0","0","0","0","0","0","","0"
"202409","여성/가족","기타","0","0","0","0","0","0","","0"
"202409","여성/가족","불편/개선건의","1","0","0","0","0","0","","0"
"202409","여성/가족","이혼","2","0","0","0","0","0","","0"
"202409","여성/가족","임신/출산","1","0","0","0","0","0","","0"
"202409","정보통신","기타","0","1","0","0","0","0","","0"
"202409","정보통신","불편/개선건의","0","0","0","0","0","0","","0"
"202409","정보통신","우편/택배등","2","0","0","0","0","0","","0"
"202409","정보통신","인터넷","1","0","0","0","0","0","","0"
"202409","정보통신","전화","0","1","0","0","0","0","","0"
"202409","정보통신","케이블/위성TV","0","0","0","0","0","0","","0"
"202409","정보통신","휴대폰","1","0","0","0","0","0","","0"
"202409","주거","공과금","0","0","0","0","0","0","","0"
"202409","주거","기타","1","0","0","0","0","0","","0"
"202409","주거","부동산매매","1","0","0","0","0","0","","0"
"202409","주거","부동산임대","1","0","0","0","0","0","","0"
"202409","주거","불편/개선건의","0","0","0","0","0","0","","0"
"202409","주거","이사","0","0","0","0","0","0","","0"
"202409","주거","주거관련분쟁","9","4","0","0","0","0","","0"
"202409","출입국","검역/세관","1","0","0","0","0","0","","0"
"202409","출입국","귀화/영주권","5","5","0","0","0","0","","0"
"202409","출입국","기타","9","10","0","0","0","0","","0"
"202409","출입국","난민","1","0","0","0","0","0","","0"
"202409","출입국","불편/개선건의","0","0","0","0","0","0","","0"
"202409","출입국","사증변경","5","11","0","0","0","0","","0"
"202409","출입국","사증연장","18","12","0","0","0","0","","0"
"202409","출입국","사증자격","3","2","0","0","0","0","","0"
"202409","출입국","사증취득","1","2","0","0","0","0","","0"
"202409","출입국","외국인등록증","3","11","0","0","0","0","","0"
"202409","출입국","초청","0","1","0","0","0","0","","0"
"202409","출입국","출국/입국","4","1","0","0","0","0","","0"
"202409","행정","공증","1","0","0","0","0","0","","0"
"202409","행정","기타","2","0","0","0","0","0","","0"
"202409","행정","불편/개선건의","0","0","0","0","0","0","","0"
"202409","행정","세무","3","0","0","0","0","0","","0"
"202409","행정","소비자상담","0","0","0","0","0","0","","0"
"202409","행정","쓰레기처리","0","0","0","0","0","0","","0"
"202409","행정","여권","3","2","0","0","0","0","","0"
"202409","행정","운전면허","9","2","0","0","0","0","","0"
"202409","행정","인감","0","0","0","0","0","0","","0"
"202409","행정","일반법률","15","1","0","0","0","0","","0"
"202409","행정","자동차관련","1","0","0","0","0","0","","0"
"202409","행정","출생 및 사망","0","0","0","0","0","0","","0"
"202409","행정","행정기관","13","2","0","0","0","0","","0"
"202409","행정","행정소송","1","1","0","0","0","0","","0"
"202409","행정","혼인관계","1","1","0","0","0","0","","0"
"202408","교육","교육기관","2","1","0","0","0","0","","0"
"202408","교육","기타","2","0","0","0","0","0","","0"
"202408","교육","보육시설","0","0","0","0","0","0","","0"
"202408","교육","불편/개선건의","0","0","0","0","0","0","","0"
"202408","교육","일반교육","5","5","0","0","0","0","","0"
"202408","교육","한국어교육","13","4","0","0","0","0","","0"
"202408","교통","기타","0","0","0","0","0","0","","0"
"202408","교통","대중교통","0","1","0","0","0","0","","0"
"202408","교통","불편/개선건의","0","0","0","0","0","0","","0"
"202408","교통","유실물","0","0","0","0","0","0","","0"
"202408","교통","항공 및 선박","0","0","0","0","0","0","","0"
"202408","금융","기타","0","0","0","0","0","0","","0"
"202408","금융","불편/개선건의","0","0","0","0","0","0","","0"
"202408","금융","신용카드","0","0","0","0","0","0","","0"
"202408","금융","은행업무","5","2","0","0","0","0","","0"
"202408","기타","기타","3","0","0","0","0","0","","0"
"202408","기타","렌탈","0","0","0","0","0","0","","0"
"202408","기타","매매/교환","0","0","0","0","0","0","","0"
"202408","기타","불편/개선건의","0","0","0","0","0","0","","0"
"202408","기타","센터안내","7","1","0","0","0","0","","0"
"202408","기타","통역","19","0","0","0","0","0","","0"
"202408","노무","고용보험","0","0","0","0","0","0","","0"
"202408","노무","구인","0","0","0","0","0","0","","0"
"202408","노무","구직","5","3","0","0","0","0","","0"
"202408","노무","근로자교육","0","0","0","0","0","0","","0"
"202408","노무","근로조건","15","0","0","0","0","0","","0"
"202408","노무","급여","19","6","0","0","0","0","","0"
"202408","노무","기타","5","0","0","0","0","0","","0"
"202408","노무","부당해고","1","0","0","0","0","0","","0"
"202408","노무","불편/개선건의","9","2","0","0","0","0","","0"
"202408","노무","사업장변경","8","0","0","0","0","0","","0"
"202408","노무","사업장이탈","0","0","0","0","0","0","","0"
"202408","노무","산재보험","7","0","0","0","0","0","","0"
"202408","노무","외국근로자보험","19","10","0","0","0","0","","0"
"202408","노무","재고용","2","0","0","0","0","0","","0"
"202408","노무","체불임금","19","7","0","0","0","0","","0"
"202408","문화/관광","교류/행사","1","0","0","0","0","0","","0"
"202408","문화/관광","기타","0","0","0","0","0","0","","0"
"202408","문화/관광","불편/개선건의","0","0","0","0","0","0","","0"
"202408","문화/관광","여행/관광","2","0","0","0","0","0","","0"
"202408","문화/관광","자원봉사","1","0","0","0","0","0","","0"
"202408","문화/관광","종교","0","0","0","0","0","0","","0"
"202408","보건/복지","건강보험","10","6","0","0","0","0","","0"
"202408","보건/복지","국민연금","13","7","0","0","0","0","","0"
"202408","보건/복지","기타","3","1","0","0","0","0","","0"
"202408","보건/복지","동물병원","0","0","0","0","0","0","","0"
"202408","보건/복지","무료진료","0","0","0","0","0","0","","0"
"202408","보건/복지","방역","0","0","0","0","0","0","","0"
"202408","보건/복지","불편/개선건의","0","0","0","0","0","0","","0"
"202408","보건/복지","사보험","0","1","0","0","0","0","","0"
"202408","보건/복지","사회복지","2","1","0","0","0","0","","0"
"202408","보건/복지","심리상담","2","0","0","0","0","0","","0"
"202408","보건/복지","의료기관","5","3","0","0","0","0","","0"
"202408","보건/복지","재난지원금","0","0","0","0","0","0","","0"
"202408","보건/복지","중국어 심리상담","0","0","0","0","0","0","","0"
"202408","비즈니스","FDI/금융","0","0","0","0","0","0","","0"
"202408","비즈니스","관세/통관","0","0","0","0","0","0","","0"
"202408","비즈니스","기타","2","0","0","0","0","0","","0"
"202408","비즈니스","노무/인사","0","0","0","0","0","0","","0"
"202408","비즈니스","마케팅","0","0","0","0","0","0","","0"
"202408","비즈니스","무역특화","0","0","0","0","0","0","","0"
"202408","비즈니스","법률/상법","0","0","0","0","0","0","","0"
"202408","비즈니스","불편/개선건의","0","0","0","0","0","0","","0"
"202408","비즈니스","비자","0","0","0","0","0","0","","0"
"202408","비즈니스","비즈네트워킹","0","0","0","0","0","0","","0"
"202408","비즈니스","비즈한국어","0","0","0","0","0","0","","0"
"202408","비즈니스","세금","0","0","0","0","0","0","","0"
"202408","비즈니스","인허가","0","0","0","0","0","0","","0"
"202408","비즈니스","지식재산권","0","0","0","0","0","0","","0"
"202408","비즈니스","창업교육","1","0","0","0","0","0","","0"
"202408","비즈니스","창업보육","0","0","0","0","0","0","","0"
"202408","비즈니스","창업일반","8","7","0","0","0","0","","0"
"202408","비즈니스","회사설립","4","7","0","0","0","0","","0"
"202408","안전","교통사고","1","0","0","0","0","0","","0"
"202408","안전","기타","1","0","0","0","0","0","","0"
"202408","안전","민사사건","2","0","0","0","0","0","","0"
"202408","안전","불편/개선건의","0","0","0","0","0","0","","0"
"202408","안전","일반사고","0","0","0","0","0","0","","0"
"202408","안전","재난/재해","0","0","0","0","0","0","","0"
"202408","안전","형사사건","1","0","0","0","0","0","","0"
"202408","여성/가족","가정폭력","1","1","0","0","0","0","","0"
"202408","여성/가족","가족상담","0","0","0","0","0","0","","0"
"202408","여성/가족","기타","0","0","0","0","0","0","","0"
"202408","여성/가족","불편/개선건의","0","0","0","0","0","0","","0"
"202408","여성/가족","이혼","1","0","0","0","0","0","","0"
"202408","여성/가족","임신/출산","0","0","0","0","0","0","","0"
"202408","정보통신","기타","0","0","0","0","0","0","","0"
"202408","정보통신","불편/개선건의","0","0","0","0","0","0","","0"
"202408","정보통신","우편/택배등","2","0","0","0","0","0","","0"
"202408","정보통신","인터넷","0","0","0","0","0","0","","0"
"202408","정보통신","전화","0","0","0","0","0","0","","0"
"202408","정보통신","케이블/위성TV","0","0","0","0","0","0","","0"
"202408","정보통신","휴대폰","0","0","0","0","0","0","","0"
"202408","주거","공과금","0","0","0","0","0","0","","0"
"202408","주거","기타","1","3","0","0","0","0","","0"
"202408","주거","부동산매매","2","3","0","0","0","0","","0"
"202408","주거","부동산임대","1","1","0","0","0","0","","0"
"202408","주거","불편/개선건의","0","0","0","0","0","0","","0"
"202408","주거","이사","0","0","0","0","0","0","","0"
"202408","주거","주거관련분쟁","10","2","0","0","0","0","","0"
"202408","출입국","검역/세관","1","0","0","0","0","0","","0"
"202408","출입국","귀화/영주권","5","8","0","0","0","0","","0"
"202408","출입국","기타","8","13","0","0","0","0","","0"
"202408","출입국","난민","1","0","0","0","0","0","","0"
"202408","출입국","불편/개선건의","0","0","0","0","0","0","","0"
"202408","출입국","사증변경","4","15","0","0","0","0","","0"
"202408","출입국","사증연장","21","25","0","0","0","0","","0"
"202408","출입국","사증자격","2","7","0","0","0","0","","0"
"202408","출입국","사증취득","4","6","0","0","0","0","","0"
"202408","출입국","외국인등록증","5","12","0","0","0","0","","0"
"202408","출입국","초청","1","2","0","0","0","0","","0"
"202408","출입국","출국/입국","12","5","0","0","0","0","","0"
"202408","행정","공증","0","0","0","0","0","0","","0"
"202408","행정","기타","2","1","0","0","0","0","","0"
"202408","행정","불편/개선건의","0","0","0","0","0","0","","0"
"202408","행정","세무","4","0","0","0","0","0","","0"
"202408","행정","소비자상담","0","0","0","0","0","0","","0"
"202408","행정","쓰레기처리","0","0","0","0","0","0","","0"
"202408","행정","여권","1","0","0","0","0","0","","0"
"202408","행정","운전면허","6","3","0","0","0","0","","0"
"202408","행정","인감","0","0","0","0","0","0","","0"
"202408","행정","일반법률","15","5","0","0","0","0","","0"
"202408","행정","자동차관련","0","1","0","0","0","0","","0"
"202408","행정","출생 및 사망","2","0","0","0","0","0","","0"
"202408","행정","행정기관","8","10","0","0","0","0","","0"
"202408","행정","행정소송","0","0","0","0","0","0","","0"
"202408","행정","혼인관계","1","2","0","0","0","0","","0"
"202407","교육","교육기관","0","1","0","0","0","0","","0"
"202407","교육","기타","3","0","0","0","0","0","","0"
"202407","교육","보육시설","0","0","0","0","0","0","","0"
"202407","교육","불편/개선건의","0","0","0","0","0","0","","0"
"202407","교육","일반교육","9","12","0","0","0","0","","0"
"202407","교육","한국어교육","16","10","0","0","0","0","","0"
"202407","교통","기타","1","1","0","0","0","0","","0"
"202407","교통","대중교통","1","0","0","0","0","0","","0"
"202407","교통","불편/개선건의","0","0","0","0","0","0","","0"
"202407","교통","유실물","1","0","0","0","0","0","","0"
"202407","교통","항공 및 선박","0","0","0","0","0","0","","0"
"202407","금융","기타","1","0","0","0","0","0","","0"
"202407","금융","불편/개선건의","0","0","0","0","0","0","","0"
"202407","금융","신용카드","0","0","0","0","0","0","","0"
"202407","금융","은행업무","3","1","0","0","0","0","","0"
"202407","기타","기타","10","0","0","0","0","0","","0"
"202407","기타","렌탈","1","0","0","0","0","0","","0"
"202407","기타","매매/교환","0","0","0","0","0","0","","0"
"202407","기타","불편/개선건의","1","0","0","0","0","0","","0"
"202407","기타","센터안내","15","0","0","0","0","0","","0"
"202407","기타","통역","22","2","0","0","0","0","","0"
"202407","노무","고용보험","1","0","0","0","0","0","","0"
"202407","노무","구인","1","0","0","0","0","0","","0"
"202407","노무","구직","5","6","0","0","0","0","","0"
"202407","노무","근로자교육","2","0","0","0","0","0","","0"
"202407","노무","근로조건","11","2","0","0","0","0","","0"
"202407","노무","급여","24","8","0","0","0","0","","0"
"202407","노무","기타","6","0","0","0","0","0","","0"
"202407","노무","부당해고","0","0","0","0","0","0","","0"
"202407","노무","불편/개선건의","2","2","0","0","0","0","","0"
"202407","노무","사업장변경","16","0","0","0","0","0","","0"
"202407","노무","사업장이탈","0","0","0","0","0","0","","0"
"202407","노무","산재보험","4","1","0","0","0","0","","0"
"202407","노무","외국근로자보험","24","8","0","0","0","0","","0"
"202407","노무","재고용","5","0","0","0","0","0","","0"
"202407","노무","체불임금","42","7","0","0","0","0","","0"
"202407","문화/관광","교류/행사","2","0","0","0","0","0","","0"
"202407","문화/관광","기타","1","0","0","0","0","0","","0"
"202407","문화/관광","불편/개선건의","0","0","0","0","0","0","","0"
"202407","문화/관광","여행/관광","1","1","0","0","0","0","","0"
"202407","문화/관광","자원봉사","1","0","0","0","0","0","","0"
"202407","문화/관광","종교","0","0","0","0","0","0","","0"
"202407","보건/복지","건강보험","8","3","0","0","0","0","","0"
"202407","보건/복지","국민연금","23","3","0","0","0","0","","0"
"202407","보건/복지","기타","2","0","0","0","0","0","","0"
"202407","보건/복지","동물병원","0","0","0","0","0","0","","0"
"202407","보건/복지","무료진료","1","0","0","0","0","0","","0"
"202407","보건/복지","방역","0","0","0","0","0","0","","0"
"202407","보건/복지","불편/개선건의","0","0","0","0","0","0","","0"
"202407","보건/복지","사보험","2","0","0","0","0","0","","0"
"202407","보건/복지","사회복지","1","1","0","0","0","0","","0"
"202407","보건/복지","심리상담","2","0","0","0","0","0","","0"
"202407","보건/복지","의료기관","6","0","0","0","0","0","","0"
"202407","보건/복지","재난지원금","0","0","0","0","0","0","","0"
"202407","보건/복지","중국어 심리상담","0","0","0","0","0","0","","0"
"202407","비즈니스","FDI/금융","0","0","0","0","0","0","","0"
"202407","비즈니스","관세/통관","0","0","0","0","0","0","","0"
"202407","비즈니스","기타","4","2","0","0","0","0","","0"
"202407","비즈니스","노무/인사","0","0","0","0","0","0","","0"
"202407","비즈니스","마케팅","0","0","0","0","0","0","","0"
"202407","비즈니스","무역특화","0","0","0","0","0","0","","0"
"202407","비즈니스","법률/상법","0","0","0","0","0","0","","0"
"202407","비즈니스","불편/개선건의","0","0","0","0","0","0","","0"
"202407","비즈니스","비자","1","0","0","0","0","0","","0"
"202407","비즈니스","비즈네트워킹","0","0","0","0","0","0","","0"
"202407","비즈니스","비즈한국어","0","0","0","0","0","0","","0"
"202407","비즈니스","세금","0","0","0","0","0","0","","0"
"202407","비즈니스","인허가","0","0","0","0","0","0","","0"
"202407","비즈니스","지식재산권","0","0","0","0","0","0","","0"
"202407","비즈니스","창업교육","0","0","0","0","0","0","","0"
"202407","비즈니스","창업보육","0","0","0","0","0","0","","0"
"202407","비즈니스","창업일반","6","5","0","0","0","0","","0"
"202407","비즈니스","회사설립","4","2","0","0","0","0","","0"
"202407","안전","교통사고","0","0","0","0","0","0","","0"
"202407","안전","기타","0","1","0","0","0","0","","0"
"202407","안전","민사사건","3","0","0","0","0","0","","0"
"202407","안전","불편/개선건의","0","0","0","0","0","0","","0"
"202407","안전","일반사고","0","0","0","0","0","0","","0"
"202407","안전","재난/재해","0","0","0","0","0","0","","0"
"202407","안전","형사사건","0","0","0","0","0","0","","0"
"202407","여성/가족","가정폭력","0","0","0","0","0","0","","0"
"202407","여성/가족","가족상담","1","0","0","0","0","0","","0"
"202407","여성/가족","기타","3","0","0","0","0","0","","0"
"202407","여성/가족","불편/개선건의","0","0","0","0","0","0","","0"
"202407","여성/가족","이혼","3","1","0","0","0","0","","0"
"202407","여성/가족","임신/출산","1","0","0","0","0","0","","0"
"202407","정보통신","기타","0","0","0","0","0","0","","0"
"202407","정보통신","불편/개선건의","0","0","0","0","0","0","","0"
"202407","정보통신","우편/택배등","2","1","0","0","0","0","","0"
"202407","정보통신","인터넷","0","1","0","0","0","0","","0"
"202407","정보통신","전화","1","0","0","0","0","0","","0"
"202407","정보통신","케이블/위성TV","0","0","0","0","0","0","","0"
"202407","정보통신","휴대폰","3","1","0","0","0","0","","0"
"202407","주거","공과금","0","0","0","0","0","0","","0"
"202407","주거","기타","6","0","0","0","0","0","","0"
"202407","주거","부동산매매","3","1","0","0","0","0","","0"
"202407","주거","부동산임대","2","0","0","0","0","0","","0"
"202407","주거","불편/개선건의","5","0","0","0","0","0","","0"
"202407","주거","이사","1","0","0","0","0","0","","0"
"202407","주거","주거관련분쟁","13","0","0","0","0","0","","0"
"202407","출입국","검역/세관","0","0","0","0","0","0","","0"
"202407","출입국","귀화/영주권","7","10","0","0","0","0","","0"
"202407","출입국","기타","18","11","0","0","0","0","","0"
"202407","출입국","난민","3","2","0","0","0","0","","0"
"202407","출입국","불편/개선건의","0","0","0","0","0","0","","0"
"202407","출입국","사증변경","12","24","0","0","0","0","","0"
"202407","출입국","사증연장","19","17","0","0","0","0","","0"
"202407","출입국","사증자격","10","3","0","0","0","0","","0"
"202407","출입국","사증취득","4","0","0","0","0","0","","0"
"202407","출입국","외국인등록증","6","18","0","0","0","0","","0"
"202407","출입국","초청","1","3","0","0","0","0","","0"
"202407","출입국","출국/입국","14","2","0","0","0","0","","0"
"202407","행정","공증","0","0","0","0","0","0","","0"
"202407","행정","기타","3","0","0","0","0","0","","0"
"202407","행정","불편/개선건의","0","1","0","0","0","0","","0"
"202407","행정","세무","14","2","0","0","0","0","","0"
"202407","행정","소비자상담","0","0","0","0","0","0","","0"
"202407","행정","쓰레기처리","0","0","0","0","0","0","","0"
"202407","행정","여권","2","1","0","0","0","0","","0"
"202407","행정","운전면허","9","10","0","0","0","0","","0"
"202407","행정","인감","0","0","0","0","0","0","","0"
"202407","행정","일반법률","13","3","0","0","0","0","","0"
"202407","행정","자동차관련","1","1","0","0","0","0","","0"
"202407","행정","출생 및 사망","4","2","0","0","0","0","","0"
"202407","행정","행정기관","34","9","0","0","0","0","","0"
"202407","행정","행정소송","0","0","0","0","0","0","","0"
"202407","행정","혼인관계","1","0","0","0","0","0","","0"
"202406","교육","교육기관","2","1","0","0","0","0","","0"
"202406","교육","기타","5","1","0","0","0","0","","0"
"202406","교육","보육시설","0","0","0","0","0","0","","0"
"202406","교육","불편/개선건의","0","0","0","0","0","0","","0"
"202406","교육","일반교육","7","9","0","0","0","0","","0"
"202406","교육","한국어교육","13","10","1","0","0","0","","0"
"202406","교통","기타","5","0","0","0","0","0","","0"
"202406","교통","대중교통","0","0","0","0","0","0","","0"
"202406","교통","불편/개선건의","0","0","0","0","0","0","","0"
"202406","교통","유실물","0","0","0","0","0","0","","0"
"202406","교통","항공 및 선박","6","0","0","0","0","0","","0"
"202406","금융","기타","5","0","0","0","0","0","","0"
"202406","금융","불편/개선건의","0","0","0","0","0","0","","0"
"202406","금융","신용카드","0","0","0","0","0","0","","0"
"202406","금융","은행업무","1","1","0","0","0","0","","0"
"202406","기타","기타","5","2","0","0","0","0","","0"
"202406","기타","렌탈","1","0","0","0","0","0","","0"
"202406","기타","매매/교환","0","0","0","0","0","0","","0"
"202406","기타","불편/개선건의","0","0","0","0","0","0","","0"
"202406","기타","센터안내","11","0","0","0","0","0","","0"
"202406","기타","통역","33","2","0","0","0","0","","0"
"202406","노무","고용보험","1","0","0","0","0","0","","0"
"202406","노무","구인","0","1","0","0","0","0","","0"
"202406","노무","구직","3","7","0","0","0","0","","0"
"202406","노무","근로자교육","2","0","0","0","0","0","","0"
"202406","노무","근로조건","6","0","0","0","0","0","","0"
"202406","노무","급여","26","5","0","0","0","0","","0"
"202406","노무","기타","6","2","0","0","0","0","","0"
"202406","노무","부당해고","0","1","0","0","0","0","","0"
"202406","노무","불편/개선건의","1","1","0","0","0","0","","0"
"202406","노무","사업장변경","14","0","0","0","0","0","","0"
"202406","노무","사업장이탈","0","0","0","0","0","0","","0"
"202406","노무","산재보험","2","1","0","0","0","0","","0"
"202406","노무","외국근로자보험","32","18","0","0","0","0","","0"
"202406","노무","재고용","4","0","0","0","0","0","","0"
"202406","노무","체불임금","19","5","0","0","0","0","","0"
"202406","문화/관광","교류/행사","1","0","0","0","0","0","","0"
"202406","문화/관광","기타","1","0","0","0","0","0","","0"
"202406","문화/관광","불편/개선건의","0","0","0","0","0","0","","0"
"202406","문화/관광","여행/관광","0","0","0","0","0","0","","0"
"202406","문화/관광","자원봉사","2","1","0","0","0","0","","0"
"202406","문화/관광","종교","0","0","0","0","0","0","","0"
"202406","보건/복지","건강보험","8","3","0","0","0","0","","0"
"202406","보건/복지","국민연금","15","11","0","0","0","0","","0"
"202406","보건/복지","기타","0","0","0","0","0","0","","0"
"202406","보건/복지","동물병원","0","0","0","0","0","0","","0"
"202406","보건/복지","무료진료","1","0","0","0","0","0","","0"
"202406","보건/복지","방역","0","1","0","0","0","0","","0"
"202406","보건/복지","불편/개선건의","0","0","0","0","0","0","","0"
"202406","보건/복지","사보험","0","0","0","0","0","0","","0"
"202406","보건/복지","사회복지","2","1","0","0","0","0","","0"
"202406","보건/복지","심리상담","1","0","0","0","0","0","","0"
"202406","보건/복지","의료기관","3","2","0","0","0","0","","0"
"202406","보건/복지","재난지원금","0","0","0","0","0","0","","0"
"202406","보건/복지","중국어 심리상담","0","0","0","0","0","0","","0"
"202406","비즈니스","FDI/금융","0","0","0","0","0","0","","0"
"202406","비즈니스","관세/통관","0","0","0","0","0","0","","0"
"202406","비즈니스","기타","8","0","0","0","0","0","","0"
"202406","비즈니스","노무/인사","0","0","0","0","0","0","","0"
"202406","비즈니스","마케팅","0","0","0","0","0","0","","0"
"202406","비즈니스","무역특화","0","0","0","0","0","0","","0"
"202406","비즈니스","법률/상법","0","0","0","0","0","0","","0"
"202406","비즈니스","불편/개선건의","0","0","0","0","0","0","","0"
"202406","비즈니스","비자","0","0","0","0","0","0","","0"
"202406","비즈니스","비즈네트워킹","0","0","0","0","0","0","","0"
"202406","비즈니스","비즈한국어","0","0","0","0","0","0","","0"
"202406","비즈니스","세금","0","0","0","0","0","0","","0"
"202406","비즈니스","인허가","0","0","0","0","0","0","","0"
"202406","비즈니스","지식재산권","0","0","0","0","0","0","","0"
"202406","비즈니스","창업교육","0","0","0","0","0","0","","0"
"202406","비즈니스","창업보육","0","0","0","0","0","0","","0"
"202406","비즈니스","창업일반","8","3","0","0","0","0","","0"
"202406","비즈니스","회사설립","0","1","0","0","0","0","","0"
"202406","안전","교통사고","0","0","0","0","0","0","","0"
"202406","안전","기타","0","0","0","0","0","0","","0"
"202406","안전","민사사건","1","0","0","0","0","0","","0"
"202406","안전","불편/개선건의","0","0","0","0","0","0","","0"
"202406","안전","일반사고","1","0","0","0","0","0","","0"
"202406","안전","재난/재해","0","0","0","0","0","0","","0"
"202406","안전","형사사건","2","0","0","0","0","0","","0"
"202406","여성/가족","가정폭력","0","0","0","0","0","0","","0"
"202406","여성/가족","가족상담","0","0","0","0","0","0","","0"
"202406","여성/가족","기타","1","0","0","0","0","0","","0"
"202406","여성/가족","불편/개선건의","1","0","0","0","0","0","","0"
"202406","여성/가족","이혼","5","0","0","0","0","0","","0"
"202406","여성/가족","임신/출산","1","1","0","0","0","0","","0"
"202406","정보통신","기타","0","0","0","0","0","0","","0"
"202406","정보통신","불편/개선건의","0","0","0","0","0","0","","0"
"202406","정보통신","우편/택배등","3","0","0","0","0","0","","0"
"202406","정보통신","인터넷","0","0","0","0","0","0","","0"
"202406","정보통신","전화","0","0","0","0","0","0","","0"
"202406","정보통신","케이블/위성TV","0","0","0","0","0","0","","0"
"202406","정보통신","휴대폰","0","1","0","0","0","0","","0"
"202406","주거","공과금","0","3","0","0","0","0","","0"
"202406","주거","기타","4","2","0","0","0","0","","0"
"202406","주거","부동산매매","0","0","0","0","0","0","","0"
"202406","주거","부동산임대","1","0","0","0","0","0","","0"
"202406","주거","불편/개선건의","2","0","0","0","0","0","","0"
"202406","주거","이사","0","0","0","0","0","0","","0"
"202406","주거","주거관련분쟁","10","1","0","0","0","0","","0"
"202406","출입국","검역/세관","0","0","0","0","0","0","","0"
"202406","출입국","귀화/영주권","9","4","0","0","0","0","","0"
"202406","출입국","기타","12","3","0","0","0","0","","0"
"202406","출입국","난민","0","0","0","0","0","0","","0"
"202406","출입국","불편/개선건의","0","0","0","0","0","0","","0"
"202406","출입국","사증변경","9","2","0","0","0","0","","0"
"202406","출입국","사증연장","12","10","0","0","0","0","","0"
"202406","출입국","사증자격","4","3","0","0","0","0","","0"
"202406","출입국","사증취득","2","3","0","0","0","0","","0"
"202406","출입국","외국인등록증","5","5","0","0","0","0","","0"
"202406","출입국","초청","1","0","0","0","0","0","","0"
"202406","출입국","출국/입국","8","3","0","0","0","0","","0"
"202406","행정","공증","0","0","0","0","0","0","","0"
"202406","행정","기타","3","1","0","0","0","0","","0"
"202406","행정","불편/개선건의","0","0","0","0","0","0","","0"
"202406","행정","세무","3","1","0","0","0","0","","0"
"202406","행정","소비자상담","1","0","0","0","0","0","","0"
"202406","행정","쓰레기처리","0","0","0","0","0","0","","0"
"202406","행정","여권","4","0","0","0","0","0","","0"
"202406","행정","운전면허","13","1","0","0","0","0","","0"
"202406","행정","인감","0","0","0","0","0","0","","0"
"202406","행정","일반법률","8","1","0","0","0","0","","0"
"202406","행정","자동차관련","0","0","0","0","0","0","","0"
"202406","행정","출생 및 사망","2","0","0","0","0","0","","0"
"202406","행정","행정기관","29","6","0","0","0","0","","0"
"202406","행정","행정소송","0","0","0","0","0","0","","0"
"202406","행정","혼인관계","0","0","0","0","0","0","","0"
"202405","교육","교육기관","3","0","0","0","0","0","","0"
"202405","교육","기타","1","2","0","0","0","0","","0"
"202405","교육","보육시설","0","0","0","0","0","0","","0"
"202405","교육","불편/개선건의","0","0","0","0","0","0","","0"
"202405","교육","일반교육","3","5","0","0","0","0","","0"
"202405","교육","한국어교육","12","5","0","0","0","0","","0"
"202405","교통","기타","0","1","0","0","0","0","","0"
"202405","교통","대중교통","1","0","0","0","0","0","","0"
"202405","교통","불편/개선건의","0","0","0","0","0","0","","0"
"202405","교통","유실물","0","0","0","0","0","0","","0"
"202405","교통","항공 및 선박","0","0","0","0","0","0","","0"
"202405","금융","기타","1","0","0","0","0","0","","0"
"202405","금융","불편/개선건의","0","0","0","0","0","0","","0"
"202405","금융","신용카드","0","0","0","0","0","0","","0"
"202405","금융","은행업무","7","0","0","0","0","0","","0"
"202405","기타","기타","8","3","0","0","0","0","","0"
"202405","기타","렌탈","0","0","0","0","0","0","","0"
"202405","기타","매매/교환","0","0","0","0","0","0","","0"
"202405","기타","불편/개선건의","0","0","0","0","0","0","","0"
"202405","기타","센터안내","13","1","0","0","0","0","","0"
"202405","기타","통역","18","1","0","0","0","0","","0"
"202405","노무","고용보험","4","0","0","0","0","0","","0"
"202405","노무","구인","1","0","0","0","0","0","","0"
"202405","노무","구직","3","0","0","0","0","0","","0"
"202405","노무","근로자교육","2","0","0","0","0","0","","0"
"202405","노무","근로조건","5","1","0","0","0","0","","0"
"202405","노무","급여","49","2","0","0","0","0","","0"
"202405","노무","기타","7","0","0","0","0","0","","0"
"202405","노무","부당해고","0","0","0","0","0","0","","0"
"202405","노무","불편/개선건의","1","0","0","0","0","0","","0"
"202405","노무","사업장변경","6","0","0","0","0","0","","0"
"202405","노무","사업장이탈","0","0","0","0","0","0","","0"
"202405","노무","산재보험","4","1","0","0","0","0","","0"
"202405","노무","외국근로자보험","20","5","0","0","0","0","","0"
"202405","노무","재고용","7","0","0","0","0","0","","0"
"202405","노무","체불임금","15","2","0","0","0","0","","0"
"202405","문화/관광","교류/행사","0","0","0","0","0","0","","0"
"202405","문화/관광","기타","0","0","0","0","0","0","","0"
"202405","문화/관광","불편/개선건의","0","0","0","0","0","0","","0"
"202405","문화/관광","여행/관광","1","0","0","0","0","0","","0"
"202405","문화/관광","자원봉사","0","0","0","0","0","0","","0"
"202405","문화/관광","종교","0","0","0","0","0","0","","0"
"202405","보건/복지","건강보험","8","3","0","0","0","0","","0"
"202405","보건/복지","국민연금","10","3","0","0","0","0","","0"
"202405","보건/복지","기타","4","1","0","0","0","0","","0"
"202405","보건/복지","동물병원","0","0","0","0","0","0","","0"
"202405","보건/복지","무료진료","0","0","0","0","0","0","","0"
"202405","보건/복지","방역","0","0","0","0","0","0","","0"
"202405","보건/복지","불편/개선건의","0","0","0","0","0","0","","0"
"202405","보건/복지","사보험","1","1","0","0","0","0","","0"
"202405","보건/복지","사회복지","0","0","0","0","0","0","","0"
"202405","보건/복지","심리상담","0","0","0","0","0","0","","0"
"202405","보건/복지","의료기관","2","1","0","0","0","0","","0"
"202405","보건/복지","재난지원금","0","0","0","0","0","0","","0"
"202405","보건/복지","중국어 심리상담","0","0","0","0","0","0","","0"
"202405","비즈니스","FDI/금융","0","0","0","0","0","0","","0"
"202405","비즈니스","관세/통관","0","0","0","0","0","0","","0"
"202405","비즈니스","기타","3","2","0","0","0","0","","0"
"202405","비즈니스","노무/인사","0","0","0","0","0","0","","0"
"202405","비즈니스","마케팅","0","0","0","0","0","0","","0"
"202405","비즈니스","무역특화","0","0","0","0","0","0","","0"
"202405","비즈니스","법률/상법","0","0","0","0","0","0","","0"
"202405","비즈니스","불편/개선건의","0","0","0","0","0","0","","0"
"202405","비즈니스","비자","0","0","0","0","0","0","","0"
"202405","비즈니스","비즈네트워킹","0","0","0","0","0","0","","0"
"202405","비즈니스","비즈한국어","0","0","0","0","0","0","","0"
"202405","비즈니스","세금","1","0","0","0","0","0","","0"
"202405","비즈니스","인허가","1","0","0","0","0","0","","0"
"202405","비즈니스","지식재산권","0","0","0","0","0","0","","0"
"202405","비즈니스","창업교육","2","0","0","0","0","0","","0"
"202405","비즈니스","창업보육","0","0","0","0","0","0","","0"
"202405","비즈니스","창업일반","4","3","0","0","0","0","","0"
"202405","비즈니스","회사설립","2","1","0","0","0","0","","0"
"202405","안전","교통사고","0","0","0","0","0","0","","0"
"202405","안전","기타","0","0","0","0","0","0","","0"
"202405","안전","민사사건","2","1","0","0","0","0","","0"
"202405","안전","불편/개선건의","0","0","0","0","0","0","","0"
"202405","안전","일반사고","0","0","0","0","0","0","","0"
"202405","안전","재난/재해","0","0","0","0","0","0","","0"
"202405","안전","형사사건","1","0","0","0","0","0","","0"
"202405","여성/가족","가정폭력","0","0","0","0","0","0","","0"
"202405","여성/가족","가족상담","1","1","0","0","0","0","","0"
"202405","여성/가족","기타","0","0","0","0","0","0","","0"
"202405","여성/가족","불편/개선건의","0","0","0","0","0","0","","0"
"202405","여성/가족","이혼","0","0","0","0","0","0","","0"
"202405","여성/가족","임신/출산","2","1","0","0","0","0","","0"
"202405","정보통신","기타","0","0","0","0","0","0","","0"
"202405","정보통신","불편/개선건의","0","0","0","0","0","0","","0"
"202405","정보통신","우편/택배등","2","0","0","0","0","0","","0"
"202405","정보통신","인터넷","0","0","0","0","0","0","","0"
"202405","정보통신","전화","0","0","0","0","0","0","","0"
"202405","정보통신","케이블/위성TV","0","0","0","0","0","0","","0"
"202405","정보통신","휴대폰","1","0","0","0","0","0","","0"
"202405","주거","공과금","0","1","0","0","0","0","","0"
"202405","주거","기타","0","0","0","0","0","0","","0"
"202405","주거","부동산매매","0","0","0","0","0","0","","0"
"202405","주거","부동산임대","2","0","0","0","0","0","","0"
"202405","주거","불편/개선건의","0","0","0","0","0","0","","0"
"202405","주거","이사","1","1","0","0","0","0","","0"
"202405","주거","주거관련분쟁","9","0","0","0","0","0","","0"
"202405","출입국","검역/세관","0","0","0","0","0","0","","0"
"202405","출입국","귀화/영주권","7","8","0","0","0","0","","0"
"202405","출입국","기타","13","3","0","0","0","0","","0"
"202405","출입국","난민","2","0","0","0","0","0","","0"
"202405","출입국","불편/개선건의","0","0","0","0","0","0","","0"
"202405","출입국","사증변경","10","12","0","0","0","0","","0"
"202405","출입국","사증연장","16","10","0","0","0","0","","0"
"202405","출입국","사증자격","3","2","0","0","0","0","","0"
"202405","출입국","사증취득","3","1","0","0","0","0","","0"
"202405","출입국","외국인등록증","13","8","0","0","0","0","","0"
"202405","출입국","초청","3","2","0","0","0","0","","0"
"202405","출입국","출국/입국","11","5","0","0","0","0","","0"
"202405","행정","공증","1","0","0","0","0","0","","0"
"202405","행정","기타","2","0","0","0","0","0","","0"
"202405","행정","불편/개선건의","0","0","0","0","0","0","","0"
"202405","행정","세무","5","1","0","0","0","0","","0"
"202405","행정","소비자상담","0","0","0","0","0","0","","0"
"202405","행정","쓰레기처리","0","0","0","0","0","0","","0"
"202405","행정","여권","3","1","0","0","0","0","","0"
"202405","행정","운전면허","6","4","0","0","0","0","","0"
"202405","행정","인감","0","0","0","0","0","0","","0"
"202405","행정","일반법률","6","1","0","0","0","0","","0"
"202405","행정","자동차관련","1","0","0","0","0","0","","0"
"202405","행정","출생 및 사망","2","0","0","0","0","0","","0"
"202405","행정","행정기관","20","6","0","0","0","0","","0"
"202405","행정","행정소송","0","0","0","0","0","0","","0"
"202405","행정","혼인관계","4","0","0","0","0","0","","0"
"202404","교육","교육기관","4","3","0","0","0","0","","0"
"202404","교육","기타","7","0","0","0","0","0","","0"
"202404","교육","보육시설","0","0","0","0","0","0","","0"
"202404","교육","불편/개선건의","0","0","0","0","0","0","","0"
"202404","교육","일반교육","6","5","0","0","0","0","","0"
"202404","교육","한국어교육","6","3","0","0","0","0","","0"
"202404","교통","기타","4","0","0","0","0","0","","0"
"202404","교통","대중교통","0","0","0","0","0","0","","0"
"202404","교통","불편/개선건의","0","0","0","0","0","0","","0"
"202404","교통","유실물","0","0","0","0","0","0","","0"
"202404","교통","항공 및 선박","3","1","0","0","0","0","","0"
"202404","금융","기타","0","1","0","0","0","0","","0"
"202404","금융","불편/개선건의","0","0","0","0","0","0","","0"
"202404","금융","신용카드","0","0","0","0","0","0","","0"
"202404","금융","은행업무","4","3","0","0","0","0","","0"
"202404","기타","기타","5","0","0","0","0","0","","0"
"202404","기타","렌탈","0","0","0","0","0","0","","0"
"202404","기타","매매/교환","0","0","0","0","0","0","","0"
"202404","기타","불편/개선건의","0","0","0","0","0","0","","0"
"202404","기타","센터안내","22","6","0","0","0","0","","0"
"202404","기타","통역","16","0","0","0","0","0","","0"
"202404","노무","고용보험","1","0","0","0","0","0","","0"
"202404","노무","구인","0","0","0","0","0","0","","0"
"202404","노무","구직","4","0","0","0","0","0","","0"
"202404","노무","근로자교육","1","0","0","0","0","0","","0"
"202404","노무","근로조건","6","1","0","0","0","0","","0"
"202404","노무","급여","18","7","0","0","0","0","","0"
"202404","노무","기타","8","2","0","0","0","0","","0"
"202404","노무","부당해고","2","0","0","0","0","0","","0"
"202404","노무","불편/개선건의","6","1","0","0","0","0","","0"
"202404","노무","사업장변경","10","1","0","0","0","0","","0"
"202404","노무","사업장이탈","0","0","0","0","0","0","","0"
"202404","노무","산재보험","5","0","0","0","0","0","","0"
"202404","노무","외국근로자보험","19","14","0","0","0","0","","0"
"202404","노무","재고용","4","0","0","0","0","0","","0"
"202404","노무","체불임금","32","2","0","0","0","0","","0"
"202404","문화/관광","교류/행사","0","0","0","0","0","0","","0"
"202404","문화/관광","기타","0","0","0","0","0","0","","0"
"202404","문화/관광","불편/개선건의","0","0","0","0","0","0","","0"
"202404","문화/관광","여행/관광","0","0","0","0","0","0","","0"
"202404","문화/관광","자원봉사","1","1","0","0","0","0","","0"
"202404","문화/관광","종교","0","0","0","0","0","0","","0"
"202404","보건/복지","건강보험","14","5","0","0","0","0","","0"
"202404","보건/복지","국민연금","14","10","0","0","0","0","","0"
"202404","보건/복지","기타","4","0","0","0","0","0","","0"
"202404","보건/복지","동물병원","0","0","0","0","0","0","","0"
"202404","보건/복지","무료진료","0","0","0","0","0","0","","0"
"202404","보건/복지","방역","0","0","0","0","0","0","","0"
"202404","보건/복지","불편/개선건의","0","0","0","0","0","0","","0"
"202404","보건/복지","사보험","1","0","0","0","0","0","","0"
"202404","보건/복지","사회복지","4","0","0","0","0","0","","0"
"202404","보건/복지","심리상담","3","0","0","0","0","0","","0"
"202404","보건/복지","의료기관","2","1","0","0","0","0","","0"
"202404","보건/복지","재난지원금","0","0","0","0","0","0","","0"
"202404","보건/복지","중국어 심리상담","0","0","0","0","0","0","","0"
"202404","비즈니스","FDI/금융","0","0","0","0","0","0","","0"
"202404","비즈니스","관세/통관","0","0","0","0","0","0","","0"
"202404","비즈니스","기타","13","1","0","0","0","0","","0"
"202404","비즈니스","노무/인사","0","0","0","0","0","0","","0"
"202404","비즈니스","마케팅","0","0","0","0","0","0","","0"
"202404","비즈니스","무역특화","0","0","0","0","0","0","","0"
"202404","비즈니스","법률/상법","0","1","0","0","0","0","","0"
"202404","비즈니스","불편/개선건의","0","0","0","0","0","0","","0"
"202404","비즈니스","비자","0","1","0","0","0","0","","0"
"202404","비즈니스","비즈네트워킹","0","0","0","0","0","0","","0"
"202404","비즈니스","비즈한국어","0","0","0","0","0","0","","0"
"202404","비즈니스","세금","0","0","0","0","0","0","","0"
"202404","비즈니스","인허가","0","0","0","0","0","0","","0"
"202404","비즈니스","지식재산권","0","0","0","0","0","0","","0"
"202404","비즈니스","창업교육","3","3","0","0","0","0","","0"
"202404","비즈니스","창업보육","0","0","0","0","0","0","","0"
"202404","비즈니스","창업일반","12","4","0","0","0","0","","0"
"202404","비즈니스","회사설립","2","0","0","0","0","0","","0"
"202404","안전","교통사고","3","0","0","0","0","0","","0"
"202404","안전","기타","1","0","0","0","0","0","","0"
"202404","안전","민사사건","0","0","0","0","0","0","","0"
"202404","안전","불편/개선건의","0","0","0","0","0","0","","0"
"202404","안전","일반사고","0","0","0","0","0","0","","0"
"202404","안전","재난/재해","0","0","0","0","0","0","","0"
"202404","안전","형사사건","3","0","0","0","0","0","","0"
"202404","여성/가족","가정폭력","0","0","0","0","0","0","","0"
"202404","여성/가족","가족상담","0","0","0","0","0","0","","0"
"202404","여성/가족","기타","1","1","0","0","0","0","","0"
"202404","여성/가족","불편/개선건의","0","0","0","0","0","0","","0"
"202404","여성/가족","이혼","8","2","0","0","0","0","","0"
"202404","여성/가족","임신/출산","1","0","0","0","0","0","","0"
"202404","정보통신","기타","0","0","0","0","0","0","","0"
"202404","정보통신","불편/개선건의","0","0","0","0","0","0","","0"
"202404","정보통신","우편/택배등","3","1","0","0","0","0","","0"
"202404","정보통신","인터넷","0","0","0","0","0","0","","0"
"202404","정보통신","전화","0","0","0","0","0","0","","0"
"202404","정보통신","케이블/위성TV","0","0","0","0","0","0","","0"
"202404","정보통신","휴대폰","0","0","0","0","0","0","","0"
"202404","주거","공과금","0","0","0","0","0","0","","0"
"202404","주거","기타","4","0","0","0","0","0","","0"
"202404","주거","부동산매매","2","0","0","0","0","0","","0"
"202404","주거","부동산임대","4","0","0","0","0","0","","0"
"202404","주거","불편/개선건의","1","1","0","0","0","0","","0"
"202404","주거","이사","3","1","0","0","0","0","","0"
"202404","주거","주거관련분쟁","7","1","0","0","0","0","","0"
"202404","출입국","검역/세관","0","0","0","0","0","0","","0"
"202404","출입국","귀화/영주권","6","4","0","0","0","0","","0"
"202404","출입국","기타","15","10","0","0","0","0","","0"
"202404","출입국","난민","0","0","0","0","0","0","","0"
"202404","출입국","불편/개선건의","0","0","0","0","0","0","","0"
"202404","출입국","사증변경","11","3","0","0","0","0","","0"
"202404","출입국","사증연장","26","15","0","0","0","0","","0"
"202404","출입국","사증자격","7","0","0","0","0","0","","0"
"202404","출입국","사증취득","5","1","0","0","0","0","","0"
"202404","출입국","외국인등록증","9","12","0","0","0","0","","0"
"202404","출입국","초청","3","0","0","0","0","0","","0"
"202404","출입국","출국/입국","11","1","0","0","0","0","","0"
"202404","행정","공증","3","0","0","0","0","0","","0"
"202404","행정","기타","11","1","0","0","0","0","","0"
"202404","행정","불편/개선건의","2","0","0","0","0","0","","0"
"202404","행정","세무","14","1","0","0","0","0","","0"
"202404","행정","소비자상담","0","0","0","0","0","0","","0"
"202404","행정","쓰레기처리","0","0","0","0","0","0","","0"
"202404","행정","여권","11","5","0","0","0","0","","0"
"202404","행정","운전면허","8","5","0","0","0","0","","0"
"202404","행정","인감","0","0","0","0","0","0","","0"
"202404","행정","일반법률","18","3","0","0","0","0","","0"
"202404","행정","자동차관련","2","0","0","0","0","0","","0"
"202404","행정","출생 및 사망","2","0","0","0","0","0","","0"
"202404","행정","행정기관","40","4","0","0","0","0","","0"
"202404","행정","행정소송","0","0","0","0","0","0","","0"
"202404","행정","혼인관계","3","1","0","0","0","0","","0"
"202403","교육","교육기관","2","2","0","0","0","0","","0"
"202403","교육","기타","2","1","0","0","0","0","","0"
"202403","교육","보육시설","0","0","0","0","0","0","","0"
"202403","교육","불편/개선건의","0","0","0","0","0","0","","0"
"202403","교육","일반교육","13","0","0","0","0","0","","0"
"202403","교육","한국어교육","14","6","0","0","0","0","","0"
"202403","교통","기타","0","0","0","0","0","0","","0"
"202403","교통","대중교통","0","0","0","0","0","0","","0"
"202403","교통","불편/개선건의","0","0","0","0","0","0","","0"
"202403","교통","유실물","2","0","0","0","0","0","","0"
"202403","교통","항공 및 선박","0","1","0","0","0","0","","0"
"202403","금융","기타","2","0","0","0","0","0","","0"
"202403","금융","불편/개선건의","0","0","0","0","0","0","","0"
"202403","금융","신용카드","1","0","0","0","0","0","","0"
"202403","금융","은행업무","12","2","0","0","0","0","","0"
"202403","기타","기타","4","1","0","0","0","0","","0"
"202403","기타","렌탈","1","0","0","0","0","0","","0"
"202403","기타","매매/교환","0","0","0","0","0","0","","0"
"202403","기타","불편/개선건의","0","0","0","0","0","0","","0"
"202403","기타","센터안내","12","0","0","0","0","0","","0"
"202403","기타","통역","35","2","0","0","0","0","","0"
"202403","노무","고용보험","0","0","0","0","0","0","","0"
"202403","노무","구인","1","0","0","0","0","0","","0"
"202403","노무","구직","5","3","0","0","0","0","","0"
"202403","노무","근로자교육","0","0","0","0","0","0","","0"
"202403","노무","근로조건","11","1","0","0","0","0","","0"
"202403","노무","급여","23","2","0","0","0","0","","0"
"202403","노무","기타","12","0","0","0","0","0","","0"
"202403","노무","부당해고","0","1","0","0","0","0","","0"
"202403","노무","불편/개선건의","1","0","0","0","0","0","","0"
"202403","노무","사업장변경","7","0","0","0","0","0","","0"
"202403","노무","사업장이탈","0","0","0","0","0","0","","0"
"202403","노무","산재보험","7","1","0","0","0","0","","0"
"202403","노무","외국근로자보험","16","0","0","0","0","0","","0"
"202403","노무","재고용","3","0","0","0","0","0","","0"
"202403","노무","체불임금","13","3","0","0","0","0","","0"
"202403","문화/관광","교류/행사","2","0","0","0","0","0","","0"
"202403","문화/관광","기타","1","0","0","0","0","0","","0"
"202403","문화/관광","불편/개선건의","0","0","0","0","0","0","","0"
"202403","문화/관광","여행/관광","0","0","0","0","0","0","","0"
"202403","문화/관광","자원봉사","1","0","0","0","0","0","","0"
"202403","문화/관광","종교","0","0","0","0","0","0","","0"
"202403","보건/복지","건강보험","10","2","0","0","0","0","","0"
"202403","보건/복지","국민연금","17","0","0","0","0","0","","0"
"202403","보건/복지","기타","3","0","0","0","0","0","","0"
"202403","보건/복지","동물병원","0","0","0","0","0","0","","0"
"202403","보건/복지","무료진료","1","0","0","0","0","0","","0"
"202403","보건/복지","방역","0","0","0","0","0","0","","0"
"202403","보건/복지","불편/개선건의","0","0","0","0","0","0","","0"
"202403","보건/복지","사보험","0","0","0","0","0","0","","0"
"202403","보건/복지","사회복지","5","0","0","0","0","0","","0"
"202403","보건/복지","심리상담","0","0","0","0","0","0","","0"
"202403","보건/복지","의료기관","3","0","0","0","0","0","","0"
"202403","보건/복지","재난지원금","0","0","0","0","0","0","","0"
"202403","보건/복지","중국어 심리상담","1","0","0","0","0","0","","0"
"202403","비즈니스","FDI/금융","0","0","0","0","0","0","","0"
"202403","비즈니스","관세/통관","0","0","0","0","0","0","","0"
"202403","비즈니스","기타","7","2","0","0","0","0","","0"
"202403","비즈니스","노무/인사","0","0","0","0","0","0","","0"
"202403","비즈니스","마케팅","0","0","0","0","0","0","","0"
"202403","비즈니스","무역특화","0","0","0","0","0","0","","0"
"202403","비즈니스","법률/상법","1","0","0","0","0","0","","0"
"202403","비즈니스","불편/개선건의","0","0","0","0","0","0","","0"
"202403","비즈니스","비자","0","0","0","0","0","0","","0"
"202403","비즈니스","비즈네트워킹","0","0","0","0","0","0","","0"
"202403","비즈니스","비즈한국어","0","0","0","0","0","0","","0"
"202403","비즈니스","세금","0","0","0","0","0","0","","0"
"202403","비즈니스","인허가","0","0","0","0","0","0","","0"
"202403","비즈니스","지식재산권","0","0","0","0","0","0","","0"
"202403","비즈니스","창업교육","2","0","0","0","0","0","","0"
"202403","비즈니스","창업보육","0","0","0","0","0","0","","0"
"202403","비즈니스","창업일반","10","3","0","0","0","0","","0"
"202403","비즈니스","회사설립","1","1","0","0","0","0","","0"
"202403","안전","교통사고","0","0","0","0","0","0","","0"
"202403","안전","기타","2","0","0","0","0","0","","0"
"202403","안전","민사사건","1","0","0","0","0","0","","0"
"202403","안전","불편/개선건의","0","0","0","0","0","0","","0"
"202403","안전","일반사고","0","0","0","0","0","0","","0"
"202403","안전","재난/재해","0","0","0","0","0","0","","0"
"202403","안전","형사사건","2","0","0","0","0","0","","0"
"202403","여성/가족","가정폭력","0","0","0","0","0","0","","0"
"202403","여성/가족","가족상담","1","0","0","0","0","0","","0"
"202403","여성/가족","기타","0","0","0","0","0","0","","0"
"202403","여성/가족","불편/개선건의","1","0","0","0","0","0","","0"
"202403","여성/가족","이혼","6","0","0","0","0","0","","0"
"202403","여성/가족","임신/출산","1","0","0","0","0","0","","0"
"202403","정보통신","기타","0","0","0","0","0","0","","0"
"202403","정보통신","불편/개선건의","1","0","0","0","0","0","","0"
"202403","정보통신","우편/택배등","0","0","0","0","0","0","","0"
"202403","정보통신","인터넷","0","0","0","0","0","0","","0"
"202403","정보통신","전화","0","0","0","0","0","0","","0"
"202403","정보통신","케이블/위성TV","0","0","0","0","0","0","","0"
"202403","정보통신","휴대폰","1","1","0","0","0","0","","0"
"202403","주거","공과금","0","0","0","0","0","0","","0"
"202403","주거","기타","1","0","0","0","0","0","","0"
"202403","주거","부동산매매","0","0","0","0","0","0","","0"
"202403","주거","부동산임대","1","1","0","0","0","0","","0"
"202403","주거","불편/개선건의","1","0","0","0","0","0","","0"
"202403","주거","이사","3","0","0","0","0","0","","0"
"202403","주거","주거관련분쟁","5","1","0","0","0","0","","0"
"202403","출입국","검역/세관","1","0","0","0","0","0","","0"
"202403","출입국","귀화/영주권","14","2","0","0","0","0","","0"
"202403","출입국","기타","16","3","0","0","0","0","","0"
"202403","출입국","난민","0","0","0","0","0","0","","0"
"202403","출입국","불편/개선건의","0","0","0","0","0","0","","0"
"202403","출입국","사증변경","11","3","0","0","0","0","","0"
"202403","출입국","사증연장","32","21","0","0","0","0","","0"
"202403","출입국","사증자격","6","1","0","0","0","0","","0"
"202403","출입국","사증취득","2","1","0","0","0","0","","0"
"202403","출입국","외국인등록증","6","4","0","0","0","0","","0"
"202403","출입국","초청","0","0","0","0","0","0","","0"
"202403","출입국","출국/입국","14","3","0","0","0","0","","0"
"202403","행정","공증","0","1","0","0","0","0","","0"
"202403","행정","기타","6","1","0","0","0","0","","0"
"202403","행정","불편/개선건의","0","0","0","0","0","0","","0"
"202403","행정","세무","5","2","0","0","0","0","","0"
"202403","행정","소비자상담","0","0","0","0","0","0","","0"
"202403","행정","쓰레기처리","0","0","0","0","0","0","","0"
"202403","행정","여권","5","0","0","0","0","0","","0"
"202403","행정","운전면허","11","5","0","0","0","0","","0"
"202403","행정","인감","0","0","0","0","0","0","","0"
"202403","행정","일반법률","26","1","0","0","0","0","","0"
"202403","행정","자동차관련","0","1","0","0","0","0","","0"
"202403","행정","출생 및 사망","3","1","0","0","0","0","","0"
"202403","행정","행정기관","43","3","0","0","0","0","","0"
"202403","행정","행정소송","0","0","0","0","0","0","","0"
"202403","행정","혼인관계","4","0","0","0","0","0","","0"
"202402","교육","교육기관","1","1","0","0","0","0","","0"
"202402","교육","기타","3","2","0","0","0","0","","0"
"202402","교육","보육시설","0","0","0","0","0","0","","0"
"202402","교육","불편/개선건의","0","0","0","0","0","0","","0"
"202402","교육","일반교육","9","5","0","0","0","0","","0"
"202402","교육","한국어교육","10","6","5","0","0","0","","0"
"202402","교통","기타","0","0","0","0","0","0","","0"
"202402","교통","대중교통","0","0","0","0","0","0","","0"
"202402","교통","불편/개선건의","0","0","0","0","0","0","","0"
"202402","교통","유실물","0","0","0","0","0","0","","0"
"202402","교통","항공 및 선박","2","1","0","0","0","0","","0"
"202402","금융","기타","0","0","0","0","0","0","","0"
"202402","금융","불편/개선건의","0","0","0","0","0","0","","0"
"202402","금융","신용카드","0","0","0","0","0","0","","0"
"202402","금융","은행업무","4","1","0","0","0","0","","0"
"202402","기타","기타","3","2","0","0","0","0","","0"
"202402","기타","렌탈","0","0","0","0","0","0","","0"
"202402","기타","매매/교환","0","0","0","0","0","0","","0"
"202402","기타","불편/개선건의","1","0","0","0","0","0","","0"
"202402","기타","센터안내","18","0","0","0","0","0","","0"
"202402","기타","통역","13","3","0","0","0","0","","0"
"202402","노무","고용보험","2","0","0","0","0","0","","0"
"202402","노무","구인","1","0","0","0","0","0","","0"
"202402","노무","구직","3","0","0","0","0","0","","0"
"202402","노무","근로자교육","0","0","0","0","0","0","","0"
"202402","노무","근로조건","11","0","0","0","0","0","","0"
"202402","노무","급여","25","0","0","0","0","0","","0"
"202402","노무","기타","2","1","0","0","0","0","","0"
"202402","노무","부당해고","4","0","0","0","0","0","","0"
"202402","노무","불편/개선건의","5","1","0","0","0","0","","0"
"202402","노무","사업장변경","4","0","1","0","0","0","","0"
"202402","노무","사업장이탈","0","0","0","0","0","0","","0"
"202402","노무","산재보험","5","0","0","0","0","0","","0"
"202402","노무","외국근로자보험","19","3","0","0","0","0","","0"
"202402","노무","재고용","2","0","0","0","0","0","","0"
"202402","노무","체불임금","17","2","0","0","0","0","","0"
"202402","문화/관광","교류/행사","0","1","0","0","0","0","","0"
"202402","문화/관광","기타","0","0","0","0","0","0","","0"
"202402","문화/관광","불편/개선건의","0","0","0","0","0","0","","0"
"202402","문화/관광","여행/관광","1","0","0","0","0","0","","0"
"202402","문화/관광","자원봉사","0","1","0","0","0","0","","0"
"202402","문화/관광","종교","0","0","0","0","0","0","","0"
"202402","보건/복지","건강보험","6","1","0","0","0","0","","0"
"202402","보건/복지","국민연금","13","5","0","0","0","0","","0"
"202402","보건/복지","기타","2","0","0","0","0","0","","0"
"202402","보건/복지","동물병원","0","0","0","0","0","0","","0"
"202402","보건/복지","무료진료","0","0","0","0","0","0","","0"
"202402","보건/복지","방역","0","0","0","0","0","0","","0"
"202402","보건/복지","불편/개선건의","1","0","0","0","0","0","","0"
"202402","보건/복지","사보험","1","0","0","0","0","0","","0"
"202402","보건/복지","사회복지","4","0","0","0","0","0","","0"
"202402","보건/복지","심리상담","2","0","0","0","0","0","","0"
"202402","보건/복지","의료기관","6","0","0","0","0","0","","0"
"202402","보건/복지","재난지원금","0","0","0","0","0","0","","0"
"202402","보건/복지","중국어 심리상담","0","0","0","0","0","0","","0"
"202402","비즈니스","FDI/금융","0","0","0","0","0","0","","0"
"202402","비즈니스","관세/통관","0","0","0","0","0","0","","0"
"202402","비즈니스","기타","6","2","0","0","0","0","","0"
"202402","비즈니스","노무/인사","0","0","0","0","0","0","","0"
"202402","비즈니스","마케팅","0","0","0","0","0","0","","0"
"202402","비즈니스","무역특화","0","0","0","0","0","0","","0"
"202402","비즈니스","법률/상법","0","0","0","0","0","0","","0"
"202402","비즈니스","불편/개선건의","1","0","0","0","0","0","","0"
"202402","비즈니스","비자","0","0","0","0","0","0","","0"
"202402","비즈니스","비즈네트워킹","0","0","0","0","0","0","","0"
"202402","비즈니스","비즈한국어","0","0","0","0","0","0","","0"
"202402","비즈니스","세금","0","0","0","0","0","0","","0"
"202402","비즈니스","인허가","0","0","0","0","0","0","","0"
"202402","비즈니스","지식재산권","0","0","0","0","0","0","","0"
"202402","비즈니스","창업교육","0","0","0","0","0","0","","0"
"202402","비즈니스","창업보육","0","0","0","0","0","0","","0"
"202402","비즈니스","창업일반","11","2","0","0","0","0","","1"
"202402","비즈니스","회사설립","8","2","0","0","0","0","","0"
"202402","안전","교통사고","0","0","0","0","0","0","","0"
"202402","안전","기타","2","0","0","0","0","0","","0"
"202402","안전","민사사건","0","0","0","0","0","0","","0"
"202402","안전","불편/개선건의","0","0","0","0","0","0","","0"
"202402","안전","일반사고","0","0","0","0","0","0","","0"
"202402","안전","재난/재해","0","0","0","0","0","0","","0"
"202402","안전","형사사건","1","0","0","0","0","0","","0"
"202402","여성/가족","가정폭력","0","0","0","0","0","0","","0"
"202402","여성/가족","가족상담","0","0","0","0","0","0","","0"
"202402","여성/가족","기타","2","0","0","0","0","0","","0"
"202402","여성/가족","불편/개선건의","0","0","0","0","0","0","","0"
"202402","여성/가족","이혼","2","1","0","0","0","0","","0"
"202402","여성/가족","임신/출산","2","0","0","0","0","0","","0"
"202402","정보통신","기타","2","0","0","0","0","0","","0"
"202402","정보통신","불편/개선건의","0","0","0","0","0","0","","0"
"202402","정보통신","우편/택배등","0","0","0","0","0","0","","0"
"202402","정보통신","인터넷","0","0","0","0","0","0","","0"
"202402","정보통신","전화","1","0","0","0","0","0","","0"
"202402","정보통신","케이블/위성TV","0","0","0","0","0","0","","0"
"202402","정보통신","휴대폰","0","0","0","0","0","0","","0"
"202402","주거","공과금","0","0","0","0","0","0","","0"
"202402","주거","기타","0","1","0","0","0","0","","0"
"202402","주거","부동산매매","1","0","0","0","0","0","","0"
"202402","주거","부동산임대","0","0","0","0","0","0","","0"
"202402","주거","불편/개선건의","1","1","0","0","0","0","","0"
"202402","주거","이사","0","0","0","0","0","0","","0"
"202402","주거","주거관련분쟁","7","2","0","0","0","0","","0"
"202402","출입국","검역/세관","0","0","0","0","0","0","","0"
"202402","출입국","귀화/영주권","5","0","0","0","0","0","","0"
"202402","출입국","기타","7","3","0","0","0","0","","0"
"202402","출입국","난민","0","0","0","0","0","0","","0"
"202402","출입국","불편/개선건의","0","0","0","0","0","0","","0"
"202402","출입국","사증변경","11","4","1","0","0","0","","0"
"202402","출입국","사증연장","23","8","0","0","0","0","","0"
"202402","출입국","사증자격","7","3","0","0","0","0","","0"
"202402","출입국","사증취득","4","1","0","0","0","0","","0"
"202402","출입국","외국인등록증","5","2","0","0","0","0","","0"
"202402","출입국","초청","0","0","0","0","0","0","","0"
"202402","출입국","출국/입국","10","9","0","0","0","0","","0"
"202402","행정","공증","1","0","0","0","0","0","","0"
"202402","행정","기타","13","1","0","0","0","0","","0"
"202402","행정","불편/개선건의","0","1","0","0","0","0","","0"
"202402","행정","세무","9","0","0","0","0","0","","0"
"202402","행정","소비자상담","1","0","0","0","0","0","","0"
"202402","행정","쓰레기처리","0","0","0","0","0","0","","0"
"202402","행정","여권","5","1","0","0","0","0","","0"
"202402","행정","운전면허","17","5","0","0","0","0","","0"
"202402","행정","인감","0","0","0","0","0","0","","0"
"202402","행정","일반법률","13","6","0","0","0","0","","0"
"202402","행정","자동차관련","1","0","0","0","0","0","","0"
"202402","행정","출생 및 사망","2","0","0","0","0","0","","0"
"202402","행정","행정기관","34","3","0","0","0","0","","0"
"202402","행정","행정소송","0","0","0","0","0","0","","0"
"202402","행정","혼인관계","1","0","0","0","0","0","","0"
"202401","교육","교육기관","2","0","0","0","0","0","","0"
"202401","교육","기타","1","1","0","0","0","0","","0"
"202401","교육","보육시설","0","1","0","0","0","0","","0"
"202401","교육","불편/개선건의","0","0","0","0","0","0","","0"
"202401","교육","일반교육","8","0","0","0","0","0","","0"
"202401","교육","한국어교육","11","10","0","0","0","0","","0"
"202401","교통","기타","0","0","0","0","0","0","","0"
"202401","교통","대중교통","0","0","0","0","0","0","","0"
"202401","교통","불편/개선건의","0","0","0","0","0","0","","0"
"202401","교통","유실물","0","0","0","0","0","0","","0"
"202401","교통","항공 및 선박","0","0","0","0","0","0","","0"
"202401","금융","기타","0","0","0","0","0","0","","0"
"202401","금융","불편/개선건의","0","0","0","0","0","0","","0"
"202401","금융","신용카드","0","0","0","0","0","0","","0"
"202401","금융","은행업무","2","0","0","0","0","0","","0"
"202401","기타","기타","2","1","0","0","0","0","","0"
"202401","기타","렌탈","0","0","0","0","0","0","","0"
"202401","기타","매매/교환","0","0","0","0","0","0","","0"
"202401","기타","불편/개선건의","0","0","0","0","0","0","","0"
"202401","기타","센터안내","10","5","0","0","0","0","","0"
"202401","기타","통역","22","0","0","0","0","0","","0"
"202401","노무","고용보험","1","0","0","0","0","0","","0"
"202401","노무","구인","0","0","0","0","0","0","","0"
"202401","노무","구직","1","2","0","0","0","0","","0"
"202401","노무","근로자교육","0","0","0","0","0","0","","0"
"202401","노무","근로조건","9","2","0","0","0","0","","0"
"202401","노무","급여","8","2","0","0","0","0","","0"
"202401","노무","기타","9","0","0","0","0","0","","0"
"202401","노무","부당해고","5","0","0","0","0","0","","0"
"202401","노무","불편/개선건의","1","0","0","0","0","0","","0"
"202401","노무","사업장변경","1","0","0","0","0","0","","0"
"202401","노무","사업장이탈","0","0","0","0","0","0","","0"
"202401","노무","산재보험","2","0","0","0","0","0","","0"
"202401","노무","외국근로자보험","4","4","0","0","0","0","","0"
"202401","노무","재고용","3","0","0","0","0","0","","0"
"202401","노무","체불임금","14","3","0","0","0","0","","0"
"202401","문화/관광","교류/행사","0","0","0","0","0","0","","0"
"202401","문화/관광","기타","1","0","0","0","0","0","","0"
"202401","문화/관광","불편/개선건의","0","0","0","0","0","0","","0"
"202401","문화/관광","여행/관광","0","0","0","0","0","0","","0"
"202401","문화/관광","자원봉사","1","1","0","0","0","0","","0"
"202401","문화/관광","종교","0","0","0","0","0","0","","0"
"202401","보건/복지","건강보험","5","0","0","0","0","0","","0"
"202401","보건/복지","국민연금","5","6","1","0","0","0","","0"
"202401","보건/복지","기타","0","0","0","0","0","0","","0"
"202401","보건/복지","동물병원","0","0","0","0","0","0","","0"
"202401","보건/복지","무료진료","0","0","0","0","0","0","","0"
"202401","보건/복지","방역","0","0","0","0","0","0","","0"
"202401","보건/복지","불편/개선건의","0","0","0","0","0","0","","0"
"202401","보건/복지","사보험","2","0","0","0","0","0","","0"
"202401","보건/복지","사회복지","0","0","0","0","0","0","","0"
"202401","보건/복지","심리상담","1","1","0","0","0","0","","0"
"202401","보건/복지","의료기관","3","0","0","0","0","0","","0"
"202401","보건/복지","재난지원금","0","0","0","0","0","0","","0"
"202401","보건/복지","중국어 심리상담","0","0","0","0","0","0","","0"
"202401","비즈니스","FDI/금융","0","0","0","0","0","0","","0"
"202401","비즈니스","관세/통관","0","0","0","0","0","0","","0"
"202401","비즈니스","기타","3","2","0","0","0","0","","0"
"202401","비즈니스","노무/인사","0","0","0","0","0","0","","0"
"202401","비즈니스","마케팅","0","0","0","0","0","0","","0"
"202401","비즈니스","무역특화","0","0","0","0","0","0","","0"
"202401","비즈니스","법률/상법","0","0","0","0","0","0","","0"
"202401","비즈니스","불편/개선건의","0","0","0","0","0","0","","0"
"202401","비즈니스","비자","0","0","0","0","0","0","","0"
"202401","비즈니스","비즈네트워킹","0","0","0","0","0","0","","0"
"202401","비즈니스","비즈한국어","0","0","0","0","0","0","","0"
"202401","비즈니스","세금","0","0","0","0","0","0","","0"
"202401","비즈니스","인허가","0","0","0","0","0","0","","0"
"202401","비즈니스","지식재산권","0","0","0","0","0","0","","0"
"202401","비즈니스","창업교육","0","0","0","0","0","0","","0"
"202401","비즈니스","창업보육","0","0","0","0","0","0","","0"
"202401","비즈니스","창업일반","6","1","0","0","0","0","","0"
"202401","비즈니스","회사설립","5","2","0","0","0","0","","0"
"202401","안전","교통사고","1","0","0","0","0","0","","0"
"202401","안전","기타","0","0","0","0","0","0","","0"
"202401","안전","민사사건","0","0","0","0","0","0","","0"
"202401","안전","불편/개선건의","1","0","0","0","0","0","","0"
"202401","안전","일반사고","0","0","0","0","0","0","","0"
"202401","안전","재난/재해","0","0","0","0","0","0","","0"
"202401","안전","형사사건","0","0","0","0","0","0","","0"
"202401","여성/가족","가정폭력","0","0","0","0","0","0","","0"
"202401","여성/가족","가족상담","0","0","0","0","0","0","","0"
"202401","여성/가족","기타","0","0","0","0","0","0","","0"
"202401","여성/가족","불편/개선건의","0","0","0","0","0","0","","0"
"202401","여성/가족","이혼","0","0","0","0","0","0","","0"
"202401","여성/가족","임신/출산","1","0","0","0","0","0","","0"
"202401","정보통신","기타","0","0","0","0","0","0","","0"
"202401","정보통신","불편/개선건의","0","0","0","0","0","0","","0"
"202401","정보통신","우편/택배등","0","0","0","0","0","0","","0"
"202401","정보통신","인터넷","0","0","0","0","0","0","","0"
"202401","정보통신","전화","0","0","0","0","0","0","","0"
"202401","정보통신","케이블/위성TV","0","0","0","0","0","0","","0"
"202401","정보통신","휴대폰","0","0","0","0","0","0","","0"
"202401","주거","공과금","0","0","0","0","0","0","","0"
"202401","주거","기타","1","0","0","0","0","0","","0"
"202401","주거","부동산매매","0","0","0","0","0","0","","0"
"202401","주거","부동산임대","3","2","0","0","0","0","","0"
"202401","주거","불편/개선건의","0","0","0","0","0","0","","0"
"202401","주거","이사","1","0","0","0","0","0","","0"
"202401","주거","주거관련분쟁","6","0","0","0","0","0","","0"
"202401","출입국","검역/세관","0","0","0","0","0","0","","0"
"202401","출입국","귀화/영주권","4","0","0","0","0","0","","0"
"202401","출입국","기타","13","7","0","0","0","0","","0"
"202401","출입국","난민","0","0","0","0","0","0","","0"
"202401","출입국","불편/개선건의","0","0","0","0","0","0","","0"
"202401","출입국","사증변경","9","5","0","0","0","0","","0"
"202401","출입국","사증연장","18","3","0","0","0","0","","0"
"202401","출입국","사증자격","3","6","0","0","0","0","","0"
"202401","출입국","사증취득","0","1","0","0","0","0","","0"
"202401","출입국","외국인등록증","2","2","0","0","0","0","","0"
"202401","출입국","초청","0","1","0","0","0","0","","0"
"202401","출입국","출국/입국","5","7","0","0","0","0","","0"
"202401","행정","공증","1","1","0","0","0","0","","0"
"202401","행정","기타","6","0","0","0","0","0","","0"
"202401","행정","불편/개선건의","0","0","0","0","0","0","","0"
"202401","행정","세무","6","2","0","0","0","0","","0"
"202401","행정","소비자상담","0","0","0","0","0","0","","0"
"202401","행정","쓰레기처리","0","0","0","0","0","0","","0"
"202401","행정","여권","1","1","0","0","0","0","","0"
"202401","행정","운전면허","11","2","0","0","0","0","","0"
"202401","행정","인감","0","0","0","0","0","0","","0"
"202401","행정","일반법률","10","3","0","0","0","0","","0"
"202401","행정","자동차관련","1","0","0","0","0","0","","0"
"202401","행정","출생 및 사망","0","0","0","0","0","0","","0"
"202401","행정","행정기관","17","5","0","0","0","0","","0"
"202401","행정","행정소송","0","0","0","0","0","0","","0"
"202401","행정","혼인관계","1","0","0","0","0","0","","0"
"202312","교육","교육기관","1","0","0","0","0","0","","0"
"202312","교육","기타","0","0","0","0","0","0","","0"
"202312","교육","보육시설","0","0","0","0","0","0","","0"
"202312","교육","불편/개선건의","1","0","0","0","0","0","","0"
"202312","교육","일반교육","2","1","0","0","0","0","","0"
"202312","교육","한국어교육","13","5","0","0","1","0","","0"
"202312","교통","기타","0","0","0","0","0","0","","0"
"202312","교통","대중교통","0","0","0","0","0","0","","0"
"202312","교통","불편/개선건의","0","0","0","0","0","0","","0"
"202312","교통","유실물","1","0","0","0","0","0","","0"
"202312","교통","항공 및 선박","0","0","0","0","0","0","","0"
"202312","금융","기타","0","0","0","0","0","0","","0"
"202312","금융","불편/개선건의","0","0","0","0","0","0","","0"
"202312","금융","신용카드","1","0","0","0","0","0","","0"
"202312","금융","은행업무","8","0","0","0","0","0","","0"
"202312","기타","기타","5","0","0","0","0","0","","0"
"202312","기타","렌탈","0","0","0","0","0","0","","0"
"202312","기타","매매/교환","0","0","0","0","0","0","","0"
"202312","기타","불편/개선건의","0","0","0","0","0","0","","0"
"202312","기타","센터안내","15","5","0","0","5","0","","0"
"202312","기타","통역","33","0","0","0","0","0","","0"
"202312","노무","고용보험","0","0","0","0","0","0","","0"
"202312","노무","구인","0","0","0","0","0","0","","0"
"202312","노무","구직","8","0","0","0","0","0","","0"
"202312","노무","근로자교육","0","0","0","0","0","0","","0"
"202312","노무","근로조건","4","1","0","0","0","0","","0"
"202312","노무","급여","11","5","0","0","0","0","","0"
"202312","노무","기타","6","2","0","0","0","0","","0"
"202312","노무","부당해고","3","0","0","0","0","0","","0"
"202312","노무","불편/개선건의","2","1","0","0","0","0","","0"
"202312","노무","사업장변경","8","0","0","0","0","0","","0"
"202312","노무","사업장이탈","0","0","0","0","0","0","","0"
"202312","노무","산재보험","3","0","0","0","0","0","","0"
"202312","노무","외국근로자보험","15","10","0","0","0","0","","0"
"202312","노무","재고용","5","0","0","0","0","0","","0"
"202312","노무","체불임금","19","2","0","0","0","0","","0"
"202312","문화/관광","교류/행사","1","0","0","0","0","0","","0"
"202312","문화/관광","기타","0","0","0","0","0","0","","0"
"202312","문화/관광","불편/개선건의","0","0","0","0","0","0","","0"
"202312","문화/관광","여행/관광","0","0","0","0","0","0","","0"
"202312","문화/관광","자원봉사","0","0","0","0","0","0","","0"
"202312","문화/관광","종교","0","0","0","0","0","0","","0"
"202312","보건/복지","건강보험","5","3","0","0","1","0","","0"
"202312","보건/복지","국민연금","10","4","0","0","0","0","","0"
"202312","보건/복지","기타","0","0","0","0","1","0","","0"
"202312","보건/복지","동물병원","0","0","0","0","0","0","","0"
"202312","보건/복지","무료진료","0","0","0","0","0","0","","0"
"202312","보건/복지","방역","0","0","0","0","0","0","","0"
"202312","보건/복지","불편/개선건의","0","0","0","0","0","0","","0"
"202312","보건/복지","사보험","1","0","0","0","0","0","","0"
"202312","보건/복지","사회복지","1","0","0","0","0","0","","0"
"202312","보건/복지","심리상담","1","0","0","0","0","0","","0"
"202312","보건/복지","의료기관","5","0","0","0","0","0","","0"
"202312","보건/복지","재난지원금","0","0","0","0","0","0","","0"
"202312","보건/복지","중국어 심리상담","0","0","0","0","0","0","","0"
"202312","비즈니스","FDI/금융","0","0","0","0","0","0","","0"
"202312","비즈니스","관세/통관","0","0","0","0","0","0","","0"
"202312","비즈니스","기타","4","0","0","0","0","0","","0"
"202312","비즈니스","노무/인사","0","0","0","0","0","0","","0"
"202312","비즈니스","마케팅","0","0","0","0","0","0","","0"
"202312","비즈니스","무역특화","0","0","0","0","0","0","","0"
"202312","비즈니스","법률/상법","0","0","0","0","0","0","","0"
"202312","비즈니스","불편/개선건의","0","0","0","0","0","0","","0"
"202312","비즈니스","비자","0","0","0","0","0","0","","0"
"202312","비즈니스","비즈네트워킹","0","0","0","0","0","0","","0"
"202312","비즈니스","비즈한국어","0","0","0","0","0","0","","0"
"202312","비즈니스","세금","1","0","0","0","0","0","","0"
"202312","비즈니스","인허가","0","0","0","0","0","0","","0"
"202312","비즈니스","지식재산권","0","0","0","0","0","0","","0"
"202312","비즈니스","창업교육","0","0","0","0","0","0","","0"
"202312","비즈니스","창업보육","0","0","0","0","0","0","","0"
"202312","비즈니스","창업일반","2","0","0","0","0","0","","0"
"202312","비즈니스","회사설립","2","0","0","0","0","0","","0"
"202312","안전","교통사고","0","0","0","0","0","0","","0"
"202312","안전","기타","0","0","0","0","0","0","","0"
"202312","안전","민사사건","2","0","0","0","0","0","","0"
"202312","안전","불편/개선건의","0","0","0","0","0","0","","0"
"202312","안전","일반사고","0","0","0","0","0","0","","0"
"202312","안전","재난/재해","0","0","0","0","0","0","","0"
"202312","안전","형사사건","0","3","0","0","0","0","","0"
"202312","여성/가족","가정폭력","0","0","0","0","0","0","","0"
"202312","여성/가족","가족상담","0","0","0","0","0","0","","0"
"202312","여성/가족","기타","0","0","0","0","0","0","","0"
"202312","여성/가족","불편/개선건의","0","0","0","0","0","0","","0"
"202312","여성/가족","이혼","4","0","0","0","0","0","","0"
"202312","여성/가족","임신/출산","0","0","0","0","0","0","","0"
"202312","정보통신","기타","0","1","0","0","0","0","","0"
"202312","정보통신","불편/개선건의","0","0","0","0","0","0","","0"
"202312","정보통신","우편/택배등","1","0","0","0","0","0","","0"
"202312","정보통신","인터넷","0","1","0","0","0","0","","0"
"202312","정보통신","전화","0","0","0","0","0","0","","0"
"202312","정보통신","케이블/위성TV","0","0","0","0","0","0","","0"
"202312","정보통신","휴대폰","1","0","0","0","0","0","","0"
"202312","주거","공과금","0","0","0","0","0","0","","0"
"202312","주거","기타","0","1","0","0","0","0","","0"
"202312","주거","부동산매매","3","0","0","0","0","0","","0"
"202312","주거","부동산임대","0","0","0","0","0","0","","0"
"202312","주거","불편/개선건의","1","0","0","0","0","0","","0"
"202312","주거","이사","0","0","0","0","0","0","","0"
"202312","주거","주거관련분쟁","5","1","0","0","0","0","","0"
"202312","출입국","검역/세관","1","0","0","0","0","0","","0"
"202312","출입국","귀화/영주권","1","0","0","0","0","0","","0"
"202312","출입국","기타","11","2","0","0","0","0","","0"
"202312","출입국","난민","0","0","0","0","0","0","","0"
"202312","출입국","불편/개선건의","0","0","0","0","0","0","","0"
"202312","출입국","사증변경","15","1","2","0","0","0","","0"
"202312","출입국","사증연장","22","6","0","0","0","0","","0"
"202312","출입국","사증자격","5","1","0","0","0","0","","0"
"202312","출입국","사증취득","2","3","0","0","0","0","","0"
"202312","출입국","외국인등록증","3","0","1","0","0","0","","0"
"202312","출입국","초청","0","0","0","0","0","0","","0"
"202312","출입국","출국/입국","12","6","0","0","0","0","","0"
"202312","행정","공증","4","0","0","0","0","0","","0"
"202312","행정","기타","8","0","0","0","0","0","","0"
"202312","행정","불편/개선건의","0","1","0","0","0","0","","0"
"202312","행정","세무","4","0","0","0","0","0","","0"
"202312","행정","소비자상담","0","0","0","0","0","0","","0"
"202312","행정","쓰레기처리","2","0","0","0","0","0","","0"
"202312","행정","여권","0","1","0","0","0","0","","0"
"202312","행정","운전면허","16","10","0","0","0","0","","0"
"202312","행정","인감","0","0","0","0","0","0","","0"
"202312","행정","일반법률","12","0","0","0","0","0","","0"
"202312","행정","자동차관련","1","0","0","0","0","0","","0"
"202312","행정","출생 및 사망","2","0","0","0","0","0","","0"
"202312","행정","행정기관","25","1","0","0","0","0","","0"
"202312","행정","행정소송","0","0","0","0","0","0","","0"
"202312","행정","혼인관계","0","0","0","0","0","0","","0"
"202311","교육","교육기관","6","0","0","0","0","0","","0"
"202311","교육","기타","2","1","0","0","0","0","","0"
"202311","교육","보육시설","0","0","0","0","0","0","","0"
"202311","교육","불편/개선건의","0","0","0","0","0","0","","0"
"202311","교육","일반교육","1","1","0","0","0","0","","0"
"202311","교육","한국어교육","12","7","1","0","0","0","","0"
"202311","교통","기타","0","0","0","0","0","0","","0"
"202311","교통","대중교통","0","1","0","0","0","0","","0"
"202311","교통","불편/개선건의","0","0","0","0","0","0","","0"
"202311","교통","유실물","2","0","0","0","0","0","","0"
"202311","교통","항공 및 선박","0","0","0","0","0","0","","0"
"202311","금융","기타","1","0","0","0","0","0","","0"
"202311","금융","불편/개선건의","1","0","0","0","0","0","","0"
"202311","금융","신용카드","0","0","0","0","0","0","","0"
"202311","금융","은행업무","6","1","0","0","0","0","","0"
"202311","기타","기타","11","1","0","0","1","0","","0"
"202311","기타","렌탈","0","0","0","0","0","0","","0"
"202311","기타","매매/교환","0","0","0","0","0","0","","0"
"202311","기타","불편/개선건의","0","0","0","0","0","0","","0"
"202311","기타","센터안내","8","2","0","0","2","0","","0"
"202311","기타","통역","23","0","0","0","0","0","","0"
"202311","노무","고용보험","0","0","0","0","0","0","","0"
"202311","노무","구인","0","0","0","0","0","0","","0"
"202311","노무","구직","3","2","0","0","0","0","","0"
"202311","노무","근로자교육","1","0","0","0","0","0","","0"
"202311","노무","근로조건","6","1","0","0","0","0","","0"
"202311","노무","급여","21","13","0","0","0","0","","0"
"202311","노무","기타","6","0","0","0","0","0","","0"
"202311","노무","부당해고","1","1","0","0","0","0","","0"
"202311","노무","불편/개선건의","2","0","0","0","0","0","","0"
"202311","노무","사업장변경","9","2","0","0","0","0","","0"
"202311","노무","사업장이탈","0","0","0","0","0","0","","0"
"202311","노무","산재보험","10","0","0","0","0","0","","0"
"202311","노무","외국근로자보험","14","7","0","0","0","0","","0"
"202311","노무","재고용","4","0","0","0","0","0","","0"
"202311","노무","체불임금","15","3","0","0","0","0","","0"
"202311","문화/관광","교류/행사","0","1","0","0","0","0","","0"
"202311","문화/관광","기타","1","0","0","0","0","0","","0"
"202311","문화/관광","불편/개선건의","0","0","0","0","0","0","","0"
"202311","문화/관광","여행/관광","2","0","0","0","0","0","","0"
"202311","문화/관광","자원봉사","0","0","0","0","0","0","","0"
"202311","문화/관광","종교","0","0","0","0","0","0","","0"
"202311","보건/복지","건강보험","11","1","0","0","0","0","","0"
"202311","보건/복지","국민연금","12","5","0","0","0","0","","0"
"202311","보건/복지","기타","4","0","0","0","0","0","","0"
"202311","보건/복지","동물병원","0","0","0","0","0","0","","0"
"202311","보건/복지","무료진료","0","0","0","0","0","0","","0"
"202311","보건/복지","방역","0","0","0","0","0","0","","0"
"202311","보건/복지","불편/개선건의","0","0","0","0","0","0","","0"
"202311","보건/복지","사보험","1","0","0","0","0","0","","0"
"202311","보건/복지","사회복지","9","0","0","0","0","0","","0"
"202311","보건/복지","심리상담","2","0","0","0","0","0","","0"
"202311","보건/복지","의료기관","2","0","0","0","0","0","","0"
"202311","보건/복지","재난지원금","0","0","0","0","0","0","","0"
"202311","보건/복지","중국어 심리상담","0","0","0","0","0","0","","0"
"202311","비즈니스","FDI/금융","0","0","0","0","0","0","","0"
"202311","비즈니스","관세/통관","0","0","0","0","0","0","","0"
"202311","비즈니스","기타","11","0","0","0","0","0","","0"
"202311","비즈니스","노무/인사","0","0","0","0","0","0","","0"
"202311","비즈니스","마케팅","0","0","0","0","0","0","","0"
"202311","비즈니스","무역특화","0","0","0","0","0","0","","0"
"202311","비즈니스","법률/상법","0","0","0","0","0","0","","0"
"202311","비즈니스","불편/개선건의","0","0","0","0","0","0","","0"
"202311","비즈니스","비자","0","0","0","0","0","0","","0"
"202311","비즈니스","비즈네트워킹","0","0","0","0","0","0","","0"
"202311","비즈니스","비즈한국어","0","0","0","0","0","0","","0"
"202311","비즈니스","세금","0","0","0","0","0","0","","0"
"202311","비즈니스","인허가","0","0","0","0","0","0","","0"
"202311","비즈니스","지식재산권","0","0","0","0","0","0","","0"
"202311","비즈니스","창업교육","1","0","0","0","0","0","","0"
"202311","비즈니스","창업보육","0","0","0","0","0","0","","0"
"202311","비즈니스","창업일반","5","0","0","0","0","0","","0"
"202311","비즈니스","회사설립","5","1","0","0","0","0","","0"
"202311","안전","교통사고","0","0","0","0","0","0","","0"
"202311","안전","기타","1","0","0","0","0","0","","0"
"202311","안전","민사사건","1","0","0","0","0","0","","0"
"202311","안전","불편/개선건의","1","0","0","0","0","0","","0"
"202311","안전","일반사고","0","0","0","0","0","0","","0"
"202311","안전","재난/재해","0","0","0","0","0","0","","0"
"202311","안전","형사사건","1","1","0","0","0","0","","0"
"202311","여성/가족","가정폭력","1","0","0","0","0","0","","0"
"202311","여성/가족","가족상담","0","0","0","0","0","0","","0"
"202311","여성/가족","기타","2","0","0","0","0","0","","0"
"202311","여성/가족","불편/개선건의","0","0","0","0","0","0","","0"
"202311","여성/가족","이혼","2","0","0","0","0","0","","0"
"202311","여성/가족","임신/출산","0","0","0","0","0","0","","0"
"202311","정보통신","기타","0","0","0","0","0","0","","0"
"202311","정보통신","불편/개선건의","0","0","0","0","0","0","","0"
"202311","정보통신","우편/택배등","0","0","0","0","0","0","","0"
"202311","정보통신","인터넷","1","0","0","0","0","0","","0"
"202311","정보통신","전화","0","0","0","0","0","0","","0"
"202311","정보통신","케이블/위성TV","0","0","0","0","0","0","","0"
"202311","정보통신","휴대폰","4","0","0","0","0","0","","0"
"202311","주거","공과금","0","0","0","0","0","0","","0"
"202311","주거","기타","4","0","0","0","0","0","","0"
"202311","주거","부동산매매","4","0","0","0","0","0","","0"
"202311","주거","부동산임대","1","0","0","0","0","0","","0"
"202311","주거","불편/개선건의","1","0","0","0","0","0","","0"
"202311","주거","이사","0","1","0","0","0","0","","0"
"202311","주거","주거관련분쟁","6","0","0","0","0","0","","0"
"202311","출입국","검역/세관","0","0","0","0","0","0","","0"
"202311","출입국","귀화/영주권","2","3","0","0","0","0","","0"
"202311","출입국","기타","11","3","1","0","0","0","","0"
"202311","출입국","난민","0","0","0","0","0","0","","0"
"202311","출입국","불편/개선건의","1","0","0","0","0","0","","0"
"202311","출입국","사증변경","4","5","1","0","0","0","","0"
"202311","출입국","사증연장","29","8","0","0","0","0","","0"
"202311","출입국","사증자격","4","3","0","0","0","0","","0"
"202311","출입국","사증취득","6","2","1","0","0","0","","0"
"202311","출입국","외국인등록증","5","2","0","0","0","0","","0"
"202311","출입국","초청","0","1","0","0","0","0","","0"
"202311","출입국","출국/입국","8","6","1","0","0","0","","0"
"202311","행정","공증","2","0","0","0","0","0","","0"
"202311","행정","기타","12","1","0","0","0","0","","0"
"202311","행정","불편/개선건의","0","0","0","0","0","0","","0"
"202311","행정","세무","3","0","0","0","0","0","","0"
"202311","행정","소비자상담","0","0","0","0","0","0","","0"
"202311","행정","쓰레기처리","0","0","0","0","0","0","","0"
"202311","행정","여권","3","0","0","0","0","0","","0"
"202311","행정","운전면허","14","3","0","0","0","0","","0"
"202311","행정","인감","0","0","0","0","0","0","","0"
"202311","행정","일반법률","16","1","0","0","0","0","","0"
"202311","행정","자동차관련","1","0","0","0","0","0","","0"
"202311","행정","출생 및 사망","2","0","0","0","0","0","","0"
"202311","행정","행정기관","32","3","0","0","0","0","","0"
"202311","행정","행정소송","0","0","0","0","0","0","","0"
"202311","행정","혼인관계","1","0","0","0","0","0","","0"
"202310","교육","교육기관","1","0","0","0","0","0","","0"
"202310","교육","기타","0","1","0","0","0","0","","0"
"202310","교육","보육시설","0","0","0","0","0","0","","0"
"202310","교육","불편/개선건의","0","0","0","0","0","0","","0"
"202310","교육","일반교육","5","2","1","0","0","0","","0"
"202310","교육","한국어교육","9","3","0","0","2","0","","0"
"202310","교통","기타","0","0","0","0","0","0","","0"
"202310","교통","대중교통","0","0","0","0","0","0","","0"
"202310","교통","불편/개선건의","0","0","0","0","0","0","","0"
"202310","교통","유실물","0","0","0","0","0","0","","0"
"202310","교통","항공 및 선박","0","0","0","0","0","0","","0"
"202310","금융","기타","0","0","0","0","0","0","","0"
"202310","금융","불편/개선건의","0","0","0","0","0","0","","0"
"202310","금융","신용카드","0","1","0","0","0","0","","0"
"202310","금융","은행업무","6","0","0","0","0","0","","0"
"202310","기타","기타","9","7","0","0","0","0","","0"
"202310","기타","렌탈","1","0","0","0","0","0","","0"
"202310","기타","매매/교환","0","0","0","0","0","0","","0"
"202310","기타","불편/개선건의","0","0","0","0","0","0","","0"
"202310","기타","센터안내","9","3","0","0","1","0","","0"
"202310","기타","통역","27","0","0","0","0","0","","0"
"202310","노무","고용보험","0","0","0","0","0","0","","0"
"202310","노무","구인","0","0","0","0","0","0","","0"
"202310","노무","구직","6","1","0","0","0","0","","0"
"202310","노무","근로자교육","3","0","0","0","0","0","","0"
"202310","노무","근로조건","4","0","0","0","0","0","","0"
"202310","노무","급여","28","3","0","0","0","0","","0"
"202310","노무","기타","7","1","0","0","0","0","","0"
"202310","노무","부당해고","1","0","0","0","0","0","","0"
"202310","노무","불편/개선건의","5","0","0","0","0","0","","0"
"202310","노무","사업장변경","5","0","0","0","0","0","","0"
"202310","노무","사업장이탈","0","0","0","0","0","0","","0"
"202310","노무","산재보험","4","0","0","0","0","0","","0"
"202310","노무","외국근로자보험","18","17","0","0","0","0","","0"
"202310","노무","재고용","7","2","0","0","0","0","","0"
"202310","노무","체불임금","7","6","0","0","0","0","","0"
"202310","문화/관광","교류/행사","2","0","0","0","0","0","","0"
"202310","문화/관광","기타","1","0","0","0","0","0","","0"
"202310","문화/관광","불편/개선건의","0","0","0","0","0","0","","0"
"202310","문화/관광","여행/관광","1","0","1","0","0","0","","0"
"202310","문화/관광","자원봉사","0","0","0","0","0","0","","0"
"202310","문화/관광","종교","0","0","0","0","0","0","","0"
"202310","보건/복지","건강보험","9","3","0","0","0","0","","0"
"202310","보건/복지","국민연금","10","4","0","0","0","0","","0"
"202310","보건/복지","기타","2","0","0","0","0","0","","0"
"202310","보건/복지","동물병원","0","0","0","0","0","0","","0"
"202310","보건/복지","무료진료","1","0","0","0","0","0","","0"
"202310","보건/복지","방역","0","0","0","0","0","0","","0"
"202310","보건/복지","불편/개선건의","0","0","0","0","0","0","","0"
"202310","보건/복지","사보험","0","0","0","0","0","0","","0"
"202310","보건/복지","사회복지","3","0","0","0","0","0","","0"
"202310","보건/복지","심리상담","0","0","0","0","0","0","","0"
"202310","보건/복지","의료기관","1","0","0","0","0","0","","0"
"202310","보건/복지","재난지원금","0","0","0","0","0","0","","0"
"202310","보건/복지","중국어 심리상담","0","0","0","0","0","0","","0"
"202310","비즈니스","FDI/금융","0","0","0","0","0","0","","0"
"202310","비즈니스","관세/통관","0","0","0","0","0","0","","0"
"202310","비즈니스","기타","3","0","0","0","0","0","","0"
"202310","비즈니스","노무/인사","0","1","0","0","0","0","","0"
"202310","비즈니스","마케팅","0","0","0","0","0","0","","0"
"202310","비즈니스","무역특화","0","0","0","0","0","0","","0"
"202310","비즈니스","법률/상법","0","0","0","0","0","0","","0"
"202310","비즈니스","불편/개선건의","0","0","0","0","0","0","","0"
"202310","비즈니스","비자","0","0","0","0","0","0","","0"
"202310","비즈니스","비즈네트워킹","0","0","0","0","0","0","","0"
"202310","비즈니스","비즈한국어","0","0","0","0","0","0","","0"
"202310","비즈니스","세금","0","0","0","0","0","0","","0"
"202310","비즈니스","인허가","1","0","0","0","0","0","","0"
"202310","비즈니스","지식재산권","0","0","0","0","0","0","","0"
"202310","비즈니스","창업교육","0","0","0","0","0","0","","0"
"202310","비즈니스","창업보육","0","0","0","0","0","0","","0"
"202310","비즈니스","창업일반","3","0","0","0","0","0","","0"
"202310","비즈니스","회사설립","10","1","0","0","0","0","","0"
"202310","안전","교통사고","0","0","0","0","0","0","","0"
"202310","안전","기타","1","0","0","0","0","0","","0"
"202310","안전","민사사건","1","1","0","0","0","0","","0"
"202310","안전","불편/개선건의","2","0","0","0","0","0","","0"
"202310","안전","일반사고","0","0","0","0","0","0","","0"
"202310","안전","재난/재해","0","0","0","0","0","0","","0"
"202310","안전","형사사건","3","0","0","0","0","0","","0"
"202310","여성/가족","가정폭력","2","0","0","0","0","0","","0"
"202310","여성/가족","가족상담","0","0","0","0","0","0","","0"
"202310","여성/가족","기타","0","0","0","0","0","0","","0"
"202310","여성/가족","불편/개선건의","0","0","0","0","0","0","","0"
"202310","여성/가족","이혼","9","0","0","0","0","0","","0"
"202310","여성/가족","임신/출산","0","0","0","0","0","0","","0"
"202310","정보통신","기타","0","0","0","0","0","0","","0"
"202310","정보통신","불편/개선건의","0","0","0","0","0","0","","0"
"202310","정보통신","우편/택배등","0","0","0","0","0","0","","0"
"202310","정보통신","인터넷","0","0","0","0","0","0","","0"
"202310","정보통신","전화","0","0","0","0","0","0","","0"
"202310","정보통신","케이블/위성TV","0","0","0","0","0","0","","0"
"202310","정보통신","휴대폰","0","0","0","0","0","0","","0"
"202310","주거","공과금","0","0","0","0","0","0","","0"
"202310","주거","기타","1","0","0","0","0","0","","0"
"202310","주거","부동산매매","2","0","0","0","0","0","","0"
"202310","주거","부동산임대","3","1","0","0","0","0","","0"
"202310","주거","불편/개선건의","1","1","0","0","0","0","","0"
"202310","주거","이사","0","0","0","0","0","0","","0"
"202310","주거","주거관련분쟁","10","1","0","0","0","0","","0"
"202310","출입국","검역/세관","0","0","0","0","0","0","","0"
"202310","출입국","귀화/영주권","3","0","0","0","0","0","","0"
"202310","출입국","기타","12","4","4","0","0","0","","0"
"202310","출입국","난민","0","0","0","0","0","0","","0"
"202310","출입국","불편/개선건의","0","0","0","0","0","0","","0"
"202310","출입국","사증변경","9","1","0","0","1","0","","0"
"202310","출입국","사증연장","19","7","0","0","0","0","","0"
"202310","출입국","사증자격","6","2","1","0","0","0","","0"
"202310","출입국","사증취득","2","0","0","0","0","0","","0"
"202310","출입국","외국인등록증","8","1","0","0","0","0","","0"
"202310","출입국","초청","1","0","0","0","0","0","","0"
"202310","출입국","출국/입국","15","3","0","0","0","0","","0"
"202310","행정","공증","1","1","0","0","0","0","","0"
"202310","행정","기타","10","0","0","0","0","0","","0"
"202310","행정","불편/개선건의","1","0","0","0","0","0","","0"
"202310","행정","세무","3","2","0","0","0","0","","0"
"202310","행정","소비자상담","2","0","0","0","0","0","","0"
"202310","행정","쓰레기처리","0","0","0","0","0","0","","0"
"202310","행정","여권","1","0","0","0","0","0","","0"
"202310","행정","운전면허","13","10","0","0","0","0","","0"
"202310","행정","인감","0","0","0","0","0","0","","0"
"202310","행정","일반법률","16","0","0","0","0","0","","0"
"202310","행정","자동차관련","0","0","0","0","0","0","","0"
"202310","행정","출생 및 사망","0","0","0","0","0","0","","0"
"202310","행정","행정기관","14","3","0","0","0","0","","0"
"202310","행정","행정소송","0","0","0","0","0","0","","0"
"202310","행정","혼인관계","1","0","0","0","0","0","","0"
"202309","교육","교육기관","4","1","0","0","0","0","","0"
"202309","교육","기타","2","1","0","0","0","0","","0"
"202309","교육","보육시설","0","1","0","0","0","0","","0"
"202309","교육","불편/개선건의","0","0","0","0","0","0","","0"
"202309","교육","일반교육","5","3","0","0","0","0","","0"
"202309","교육","한국어교육","3","7","0","0","0","0","","0"
"202309","교통","기타","0","0","0","0","0","0","","0"
"202309","교통","대중교통","0","0","0","0","0","0","","0"
"202309","교통","불편/개선건의","0","0","0","0","0","0","","0"
"202309","교통","유실물","1","0","0","0","0","0","","0"
"202309","교통","항공 및 선박","0","0","0","0","0","0","","0"
"202309","금융","기타","0","0","0","0","0","0","","0"
"202309","금융","불편/개선건의","0","0","0","0","0","0","","0"
"202309","금융","신용카드","0","0","0","0","0","0","","0"
"202309","금융","은행업무","0","0","0","0","0","0","","0"
"202309","기타","기타","8","0","0","0","0","0","","0"
"202309","기타","렌탈","0","0","0","0","0","0","","0"
"202309","기타","매매/교환","0","0","0","0","0","0","","0"
"202309","기타","불편/개선건의","0","0","0","0","0","0","","0"
"202309","기타","센터안내","9","0","0","0","0","0","","0"
"202309","기타","통역","11","1","0","0","1","0","","0"
"202309","노무","고용보험","0","0","0","0","0","0","","0"
"202309","노무","구인","1","0","0","0","0","0","","0"
"202309","노무","구직","5","2","0","0","0","0","","0"
"202309","노무","근로자교육","0","0","0","0","0","0","","0"
"202309","노무","근로조건","5","0","0","0","0","0","","0"
"202309","노무","급여","18","6","0","0","0","0","","0"
"202309","노무","기타","4","0","0","0","0","0","","0"
"202309","노무","부당해고","0","0","0","0","0","0","","0"
"202309","노무","불편/개선건의","1","0","0","0","0","0","","0"
"202309","노무","사업장변경","2","0","0","0","0","0","","0"
"202309","노무","사업장이탈","0","0","0","0","0","0","","0"
"202309","노무","산재보험","2","0","0","0","0","0","","0"
"202309","노무","외국근로자보험","9","19","0","0","0","0","","0"
"202309","노무","재고용","5","0","0","0","0","0","","0"
"202309","노무","체불임금","2","0","0","0","0","0","","0"
"202309","문화/관광","교류/행사","1","0","0","0","0","0","","0"
"202309","문화/관광","기타","0","1","0","0","0","0","","0"
"202309","문화/관광","불편/개선건의","0","0","0","0","0","0","","0"
"202309","문화/관광","여행/관광","0","0","0","0","1","0","","0"
"202309","문화/관광","자원봉사","0","0","0","0","0","0","","0"
"202309","문화/관광","종교","0","0","0","0","0","0","","0"
"202309","보건/복지","건강보험","1","0","0","0","0","0","","0"
"202309","보건/복지","국민연금","13","11","0","0","0","0","","0"
"202309","보건/복지","기타","1","0","0","0","0","0","","0"
"202309","보건/복지","동물병원","0","0","0","0","0","0","","0"
"202309","보건/복지","무료진료","0","0","0","0","0","0","","0"
"202309","보건/복지","방역","1","0","0","0","0","0","","0"
"202309","보건/복지","불편/개선건의","0","0","0","0","0","0","","0"
"202309","보건/복지","사보험","0","0","0","0","0","0","","0"
"202309","보건/복지","사회복지","1","0","0","0","0","0","","0"
"202309","보건/복지","심리상담","0","0","0","0","0","0","","0"
"202309","보건/복지","의료기관","2","1","0","0","0","0","","0"
"202309","보건/복지","재난지원금","0","0","0","0","0","0","","0"
"202309","보건/복지","중국어 심리상담","0","0","0","0","0","0","","0"
"202309","비즈니스","FDI/금융","0","0","0","0","0","0","","0"
"202309","비즈니스","관세/통관","0","0","0","0","0","0","","0"
"202309","비즈니스","기타","3","0","0","0","0","0","","0"
"202309","비즈니스","노무/인사","0","0","0","0","0","0","","0"
"202309","비즈니스","마케팅","0","0","0","0","0","0","","0"
"202309","비즈니스","무역특화","0","0","0","0","0","0","","0"
"202309","비즈니스","법률/상법","0","0","0","0","0","0","","0"
"202309","비즈니스","불편/개선건의","0","0","0","0","0","0","","0"
"202309","비즈니스","비자","0","0","0","0","0","0","","0"
"202309","비즈니스","비즈네트워킹","0","0","0","0","0","0","","0"
"202309","비즈니스","비즈한국어","0","0","0","0","0","0","","0"
"202309","비즈니스","세금","0","0","0","0","0","0","","0"
"202309","비즈니스","인허가","0","0","0","0","0","0","","0"
"202309","비즈니스","지식재산권","0","0","0","0","0","0","","0"
"202309","비즈니스","창업교육","1","0","0","0","0","0","","0"
"202309","비즈니스","창업보육","0","0","0","0","0","0","","0"
"202309","비즈니스","창업일반","6","1","0","0","0","0","","0"
"202309","비즈니스","회사설립","2","1","0","0","0","0","","0"
"202309","안전","교통사고","1","0","0","0","0","0","","0"
"202309","안전","기타","0","0","0","0","0","0","","0"
"202309","안전","민사사건","0","1","0","0","0","0","","0"
"202309","안전","불편/개선건의","3","0","0","0","0","0","","0"
"202309","안전","일반사고","0","0","0","0","0","0","","0"
"202309","안전","재난/재해","0","0","0","0","0","0","","0"
"202309","안전","형사사건","1","0","0","0","0","0","","0"
"202309","여성/가족","가정폭력","0","0","0","0","0","0","","0"
"202309","여성/가족","가족상담","0","0","0","0","0","0","","0"
"202309","여성/가족","기타","2","0","0","0","0","0","","0"
"202309","여성/가족","불편/개선건의","0","0","0","0","0","0","","0"
"202309","여성/가족","이혼","1","0","0","0","0","0","","0"
"202309","여성/가족","임신/출산","1","0","0","0","0","0","","0"
"202309","정보통신","기타","0","0","0","0","0","0","","0"
"202309","정보통신","불편/개선건의","0","0","0","0","0","0","","0"
"202309","정보통신","우편/택배등","1","0","0","0","0","0","","0"
"202309","정보통신","인터넷","1","0","0","0","0","0","","0"
"202309","정보통신","전화","0","0","0","0","0","0","","0"
"202309","정보통신","케이블/위성TV","0","0","0","0","0","0","","0"
"202309","정보통신","휴대폰","4","0","0","0","0","0","","0"
"202309","주거","공과금","2","0","1","0","0","0","","0"
"202309","주거","기타","1","0","0","0","0","0","","0"
"202309","주거","부동산매매","5","0","0","0","0","0","","0"
"202309","주거","부동산임대","2","2","0","0","0","0","","0"
"202309","주거","불편/개선건의","0","0","0","0","0","0","","0"
"202309","주거","이사","0","0","0","0","0","0","","0"
"202309","주거","주거관련분쟁","7","0","0","0","0","0","","0"
"202309","출입국","검역/세관","0","0","0","0","0","0","","0"
"202309","출입국","귀화/영주권","0","2","0","0","0","0","","0"
"202309","출입국","기타","10","1","0","0","0","0","","0"
"202309","출입국","난민","1","0","0","0","0","0","","0"
"202309","출입국","불편/개선건의","0","0","0","0","0","0","","0"
"202309","출입국","사증변경","11","11","1","0","0","0","","0"
"202309","출입국","사증연장","19","8","0","0","0","0","","0"
"202309","출입국","사증자격","3","2","0","0","0","0","","0"
"202309","출입국","사증취득","1","1","1","0","0","0","","0"
"202309","출입국","외국인등록증","3","4","0","0","0","0","","0"
"202309","출입국","초청","0","0","0","0","0","0","","0"
"202309","출입국","출국/입국","15","0","0","0","0","0","","0"
"202309","행정","공증","1","0","0","0","0","0","","0"
"202309","행정","기타","11","0","0","0","0","0","","0"
"202309","행정","불편/개선건의","0","0","0","0","0","0","","0"
"202309","행정","세무","2","2","0","0","0","0","","0"
"202309","행정","소비자상담","2","0","0","0","0","0","","0"
"202309","행정","쓰레기처리","0","0","0","0","0","0","","0"
"202309","행정","여권","2","0","0","0","0","0","","0"
"202309","행정","운전면허","9","7","0","0","0","0","","0"
"202309","행정","인감","0","0","0","0","0","0","","0"
"202309","행정","일반법률","16","0","0","0","0","0","","0"
"202309","행정","자동차관련","0","0","0","0","0","0","","0"
"202309","행정","출생 및 사망","1","0","0","0","0","0","","0"
"202309","행정","행정기관","31","4","0","0","0","0","","0"
"202309","행정","행정소송","0","0","0","0","0","0","","0"
"202309","행정","혼인관계","1","0","0","0","0","0","","0"
"202308","교육","교육기관","0","0","0","0","0","0","","0"
"202308","교육","기타","2","2","0","0","0","0","","0"
"202308","교육","보육시설","1","0","0","0","0","0","","0"
"202308","교육","불편/개선건의","0","0","0","0","0","0","","0"
"202308","교육","일반교육","4","4","0","0","0","0","","0"
"202308","교육","한국어교육","7","2","0","0","0","0","","0"
"202308","교통","기타","0","0","0","0","0","0","","0"
"202308","교통","대중교통","0","0","0","0","0","0","","0"
"202308","교통","불편/개선건의","0","0","0","0","0","0","","0"
"202308","교통","유실물","0","0","0","0","0","0","","0"
"202308","교통","항공 및 선박","1","0","0","0","0","0","","0"
"202308","금융","기타","0","1","0","0","0","0","","0"
"202308","금융","불편/개선건의","0","0","0","0","0","0","","0"
"202308","금융","신용카드","0","0","0","0","0","0","","0"
"202308","금융","은행업무","5","1","0","0","0","0","","0"
"202308","기타","기타","10","2","0","0","0","0","","0"
"202308","기타","렌탈","0","0","0","0","0","0","","0"
"202308","기타","매매/교환","0","0","0","0","0","0","","0"
"202308","기타","불편/개선건의","0","0","0","0","0","0","","0"
"202308","기타","센터안내","9","4","0","0","0","0","","0"
"202308","기타","통역","11","5","0","0","0","0","","0"
"202308","노무","고용보험","1","0","0","0","0","0","","0"
"202308","노무","구인","1","0","0","0","0","0","","0"
"202308","노무","구직","3","0","0","0","0","0","","0"
"202308","노무","근로자교육","0","1","0","0","0","0","","0"
"202308","노무","근로조건","7","1","0","0","0","0","","0"
"202308","노무","급여","6","2","0","0","0","0","","0"
"202308","노무","기타","1","0","0","0","0","0","","0"
"202308","노무","부당해고","1","0","0","0","0","0","","0"
"202308","노무","불편/개선건의","3","0","0","0","0","0","","0"
"202308","노무","사업장변경","7","0","0","0","0","0","","0"
"202308","노무","사업장이탈","0","0","0","0","0","0","","0"
"202308","노무","산재보험","4","0","0","0","0","0","","0"
"202308","노무","외국근로자보험","10","2","0","0","0","0","","0"
"202308","노무","재고용","4","0","0","0","0","0","","0"
"202308","노무","체불임금","7","1","0","0","0","0","","0"
"202308","문화/관광","교류/행사","0","1","0","0","2","0","","0"
"202308","문화/관광","기타","0","0","0","0","0","0","","0"
"202308","문화/관광","불편/개선건의","0","0","0","0","0","0","","0"
"202308","문화/관광","여행/관광","1","0","0","0","1","0","","0"
"202308","문화/관광","자원봉사","1","0","0","0","0","0","","0"
"202308","문화/관광","종교","0","0","0","0","0","0","","0"
"202308","보건/복지","건강보험","6","0","0","0","0","0","","0"
"202308","보건/복지","국민연금","12","1","1","0","0","0","","0"
"202308","보건/복지","기타","3","0","0","0","0","0","","0"
"202308","보건/복지","동물병원","0","0","0","0","0","0","","0"
"202308","보건/복지","무료진료","0","0","0","0","0","0","","0"
"202308","보건/복지","방역","2","0","0","0","0","0","","0"
"202308","보건/복지","불편/개선건의","0","0","0","0","0","0","","0"
"202308","보건/복지","사보험","0","0","0","0","0","0","","0"
"202308","보건/복지","사회복지","0","0","0","0","0","0","","0"
"202308","보건/복지","심리상담","0","0","0","0","0","0","","0"
"202308","보건/복지","의료기관","1","1","0","0","0","0","","0"
"202308","보건/복지","재난지원금","0","0","0","0","0","0","","0"
"202308","보건/복지","중국어 심리상담","0","0","0","0","0","0","","0"
"202308","비즈니스","FDI/금융","0","0","0","0","0","0","","0"
"202308","비즈니스","관세/통관","0","0","0","0","0","0","","0"
"202308","비즈니스","기타","0","1","0","0","0","0","","0"
"202308","비즈니스","노무/인사","0","0","0","0","0","0","","0"
"202308","비즈니스","마케팅","0","0","0","0","0","0","","0"
"202308","비즈니스","무역특화","0","0","0","0","0","0","","0"
"202308","비즈니스","법률/상법","2","1","0","0","0","0","","0"
"202308","비즈니스","불편/개선건의","0","0","0","0","0","0","","0"
"202308","비즈니스","비자","0","0","0","0","0","0","","0"
"202308","비즈니스","비즈네트워킹","0","0","0","0","0","0","","0"
"202308","비즈니스","비즈한국어","0","0","0","0","0","0","","0"
"202308","비즈니스","세금","0","0","0","0","0","0","","0"
"202308","비즈니스","인허가","0","0","0","0","0","0","","0"
"202308","비즈니스","지식재산권","0","0","0","0","0","0","","0"
"202308","비즈니스","창업교육","0","0","0","0","0","0","","0"
"202308","비즈니스","창업보육","0","0","0","0","0","0","","0"
"202308","비즈니스","창업일반","10","1","0","0","0","0","","0"
"202308","비즈니스","회사설립","4","1","0","0","0","0","","0"
"202308","안전","교통사고","0","0","0","0","0","0","","0"
"202308","안전","기타","1","0","0","0","0","0","","0"
"202308","안전","민사사건","3","1","0","0","0","0","","0"
"202308","안전","불편/개선건의","1","2","0","0","0","0","","0"
"202308","안전","일반사고","0","0","0","0","0","0","","0"
"202308","안전","재난/재해","0","0","0","0","0","0","","0"
"202308","안전","형사사건","1","1","0","0","0","0","","0"
"202308","여성/가족","가정폭력","1","0","0","0","0","0","","0"
"202308","여성/가족","가족상담","0","0","0","0","0","0","","0"
"202308","여성/가족","기타","1","0","0","0","0","0","","0"
"202308","여성/가족","불편/개선건의","1","0","0","0","0","0","","0"
"202308","여성/가족","이혼","2","1","0","0","0","0","","0"
"202308","여성/가족","임신/출산","0","0","0","0","0","0","","0"
"202308","정보통신","기타","0","0","0","0","0","0","","0"
"202308","정보통신","불편/개선건의","0","0","0","0","0","0","","0"
"202308","정보통신","우편/택배등","0","2","0","0","0","0","","0"
"202308","정보통신","인터넷","1","0","0","0","0","0","","0"
"202308","정보통신","전화","0","0","0","0","0","0","","0"
"202308","정보통신","케이블/위성TV","0","0","0","0","0","0","","0"
"202308","정보통신","휴대폰","2","1","0","0","0","0","","0"
"202308","주거","공과금","1","0","0","0","0","0","","0"
"202308","주거","기타","0","0","0","0","0","0","","0"
"202308","주거","부동산매매","0","0","0","0","0","0","","0"
"202308","주거","부동산임대","1","0","0","0","0","0","","0"
"202308","주거","불편/개선건의","0","0","0","0","0","0","","0"
"202308","주거","이사","1","1","0","0","0","0","","0"
"202308","주거","주거관련분쟁","5","0","0","0","0","0","","0"
"202308","출입국","검역/세관","1","0","0","0","0","0","","0"
"202308","출입국","귀화/영주권","0","1","0","0","0","0","","0"
"202308","출입국","기타","5","5","0","0","0","0","","0"
"202308","출입국","난민","0","0","0","0","0","0","","0"
"202308","출입국","불편/개선건의","0","0","0","0","0","0","","0"
"202308","출입국","사증변경","16","6","0","0","0","0","","0"
"202308","출입국","사증연장","20","2","0","0","0","0","","0"
"202308","출입국","사증자격","4","1","0","0","0","0","","0"
"202308","출입국","사증취득","1","0","0","0","0","0","","0"
"202308","출입국","외국인등록증","4","3","0","0","0","0","","0"
"202308","출입국","초청","5","0","0","0","0","0","","0"
"202308","출입국","출국/입국","9","2","0","0","0","0","","0"
"202308","행정","공증","0","0","0","0","0","0","","0"
"202308","행정","기타","10","0","0","0","0","0","","0"
"202308","행정","불편/개선건의","0","3","0","0","0","0","","0"
"202308","행정","세무","2","0","0","0","0","0","","0"
"202308","행정","소비자상담","0","0","0","0","0","0","","0"
"202308","행정","쓰레기처리","0","1","0","0","0","0","","0"
"202308","행정","여권","4","0","0","0","0","0","","0"
"202308","행정","운전면허","10","9","0","0","0","0","","0"
"202308","행정","인감","0","0","0","0","0","0","","0"
"202308","행정","일반법률","10","0","0","0","0","0","","0"
"202308","행정","자동차관련","1","0","0","0","0","0","","0"
"202308","행정","출생 및 사망","0","0","0","0","0","0","","0"
"202308","행정","행정기관","26","2","0","0","0","0","","0"
"202308","행정","행정소송","0","0","0","0","0","0","","0"
"202308","행정","혼인관계","5","2","0","0","0","0","","0"
"202307","교육","교육기관","1","0","0","0","0","0","","0"
"202307","교육","기타","3","6","0","0","0","0","","0"
"202307","교육","보육시설","2","0","0","0","0","0","","0"
"202307","교육","불편/개선건의","0","0","0","0","0","0","","0"
"202307","교육","일반교육","0","1","0","0","0","0","","0"
"202307","교육","한국어교육","13","4","0","0","0","0","","0"
"202307","교통","기타","0","0","0","0","0","0","","0"
"202307","교통","대중교통","0","0","0","0","0","0","","0"
"202307","교통","불편/개선건의","0","0","0","0","0","0","","0"
"202307","교통","유실물","1","0","0","0","0","0","","1"
"202307","교통","항공 및 선박","1","0","0","0","0","0","","0"
"202307","금융","기타","0","0","0","0","0","0","","0"
"202307","금융","불편/개선건의","0","0","0","0","0","0","","0"
"202307","금융","신용카드","2","1","0","0","0","0","","0"
"202307","금융","은행업무","7","0","0","0","0","0","","0"
"202307","기타","기타","10","2","0","0","0","0","","0"
"202307","기타","렌탈","1","0","0","0","0","0","","0"
"202307","기타","매매/교환","0","0","0","0","0","0","","0"
"202307","기타","불편/개선건의","0","0","0","0","0","0","","0"
"202307","기타","센터안내","42","5","0","0","0","0","","0"
"202307","기타","통역","25","1","1","0","0","0","","0"
"202307","노무","고용보험","0","0","0","0","0","0","","0"
"202307","노무","구인","0","0","0","0","0","0","","0"
"202307","노무","구직","6","2","1","0","1","0","","0"
"202307","노무","근로자교육","0","0","0","0","0","0","","0"
"202307","노무","근로조건","7","0","0","0","0","0","","0"
"202307","노무","급여","35","5","0","0","0","0","","0"
"202307","노무","기타","3","0","0","0","0","0","","0"
"202307","노무","부당해고","2","0","0","0","0","0","","0"
"202307","노무","불편/개선건의","0","0","0","0","0","0","","0"
"202307","노무","사업장변경","9","0","0","0","0","0","","0"
"202307","노무","사업장이탈","0","0","0","0","0","0","","0"
"202307","노무","산재보험","3","0","0","0","0","0","","0"
"202307","노무","외국근로자보험","11","18","0","0","0","0","","0"
"202307","노무","재고용","5","0","0","0","0","0","","0"
"202307","노무","체불임금","11","0","0","0","0","0","","0"
"202307","문화/관광","교류/행사","0","0","0","0","0","0","","0"
"202307","문화/관광","기타","1","0","0","0","0","0","","0"
"202307","문화/관광","불편/개선건의","0","0","0","0","0","0","","0"
"202307","문화/관광","여행/관광","0","0","0","0","0","0","","0"
"202307","문화/관광","자원봉사","1","0","0","0","0","0","","0"
"202307","문화/관광","종교","0","0","0","0","0","0","","0"
"202307","보건/복지","건강보험","3","1","0","0","0","0","","0"
"202307","보건/복지","국민연금","21","7","0","0","0","0","","0"
"202307","보건/복지","기타","2","0","0","0","0","0","","0"
"202307","보건/복지","동물병원","0","0","0","0","0","0","","0"
"202307","보건/복지","무료진료","0","0","0","0","0","0","","0"
"202307","보건/복지","방역","4","0","0","0","0","0","","0"
"202307","보건/복지","불편/개선건의","0","0","0","0","0","0","","0"
"202307","보건/복지","사보험","2","0","0","0","0","0","","0"
"202307","보건/복지","사회복지","2","0","0","0","0","0","","0"
"202307","보건/복지","심리상담","0","0","0","0","0","0","","0"
"202307","보건/복지","의료기관","0","1","0","0","0","0","","0"
"202307","보건/복지","재난지원금","0","0","0","0","0","0","","0"
"202307","보건/복지","중국어 심리상담","0","0","0","0","0","0","","0"
"202307","비즈니스","FDI/금융","0","0","0","0","0","0","","0"
"202307","비즈니스","관세/통관","0","0","0","0","0","0","","0"
"202307","비즈니스","기타","1","0","0","0","0","0","","0"
"202307","비즈니스","노무/인사","0","0","0","0","0","0","","0"
"202307","비즈니스","마케팅","0","0","0","0","0","0","","0"
"202307","비즈니스","무역특화","0","0","0","0","0","0","","0"
"202307","비즈니스","법률/상법","0","0","0","0","0","0","","0"
"202307","비즈니스","불편/개선건의","0","0","0","0","0","0","","0"
"202307","비즈니스","비자","0","0","0","0","0","0","","0"
"202307","비즈니스","비즈네트워킹","0","0","0","0","0","0","","0"
"202307","비즈니스","비즈한국어","0","0","0","0","0","0","","0"
"202307","비즈니스","세금","0","0","0","0","0","0","","0"
"202307","비즈니스","인허가","0","0","0","0","0","0","","0"
"202307","비즈니스","지식재산권","0","0","0","0","0","0","","0"
"202307","비즈니스","창업교육","0","0","0","0","0","0","","0"
"202307","비즈니스","창업보육","0","0","0","0","0","0","","0"
"202307","비즈니스","창업일반","12","2","0","0","0","0","","0"
"202307","비즈니스","회사설립","1","4","0","0","1","0","","0"
"202307","안전","교통사고","0","0","0","0","0","0","","0"
"202307","안전","기타","6","1","0","0","0","0","","0"
"202307","안전","민사사건","1","3","0","0","0","0","","0"
"202307","안전","불편/개선건의","0","0","0","0","0","0","","0"
"202307","안전","일반사고","0","0","0","0","0","0","","0"
"202307","안전","재난/재해","0","0","0","0","0","0","","0"
"202307","안전","형사사건","3","0","0","0","0","0","","0"
"202307","여성/가족","가정폭력","0","0","0","0","0","0","","0"
"202307","여성/가족","가족상담","0","0","0","0","0","0","","0"
"202307","여성/가족","기타","0","0","0","0","0","0","","0"
"202307","여성/가족","불편/개선건의","0","0","0","0","0","0","","0"
"202307","여성/가족","이혼","3","0","0","0","0","0","","0"
"202307","여성/가족","임신/출산","0","0","0","0","0","0","","0"
"202307","정보통신","기타","0","0","0","0","0","0","","0"
"202307","정보통신","불편/개선건의","0","0","0","0","0","0","","0"
"202307","정보통신","우편/택배등","0","0","0","0","0","0","","0"
"202307","정보통신","인터넷","3","0","0","0","0","0","","0"
"202307","정보통신","전화","0","0","0","0","0","0","","0"
"202307","정보통신","케이블/위성TV","2","0","0","0","0","0","","0"
"202307","정보통신","휴대폰","1","0","0","0","0","0","","0"
"202307","주거","공과금","0","0","0","0","0","0","","0"
"202307","주거","기타","0","0","0","0","0","0","","0"
"202307","주거","부동산매매","1","0","0","0","0","0","","0"
"202307","주거","부동산임대","1","1","0","0","0","0","","0"
"202307","주거","불편/개선건의","0","0","0","0","0","0","","0"
"202307","주거","이사","0","0","0","0","0","0","","0"
"202307","주거","주거관련분쟁","6","1","0","0","0","0","","0"
"202307","출입국","검역/세관","0","0","0","0","0","0","","0"
"202307","출입국","귀화/영주권","3","1","0","0","0","0","","0"
"202307","출입국","기타","8","7","0","0","0","0","","0"
"202307","출입국","난민","0","1","0","0","0","0","","0"
"202307","출입국","불편/개선건의","0","0","0","0","0","0","","0"
"202307","출입국","사증변경","9","11","0","0","2","0","","1"
"202307","출입국","사증연장","10","4","0","0","0","0","","0"
"202307","출입국","사증자격","6","1","1","0","0","0","","0"
"202307","출입국","사증취득","0","3","0","0","0","0","","0"
"202307","출입국","외국인등록증","2","3","0","0","0","0","","0"
"202307","출입국","초청","1","0","0","0","0","0","","0"
"202307","출입국","출국/입국","17","6","0","0","0","0","","0"
"202307","행정","공증","0","0","1","0","0","0","","0"
"202307","행정","기타","9","0","0","0","0","0","","0"
"202307","행정","불편/개선건의","0","0","0","0","0","0","","0"
"202307","행정","세무","4","1","0","0","0","0","","0"
"202307","행정","소비자상담","1","1","0","0","0","0","","0"
"202307","행정","쓰레기처리","0","0","0","0","0","0","","0"
"202307","행정","여권","1","2","0","0","0","0","","0"
"202307","행정","운전면허","14","18","0","0","0","0","","0"
"202307","행정","인감","0","0","0","0","0","0","","0"
"202307","행정","일반법률","16","4","0","0","0","0","","0"
"202307","행정","자동차관련","0","0","0","0","0","0","","0"
"202307","행정","출생 및 사망","2","0","0","0","0","0","","0"
"202307","행정","행정기관","25","1","0","0","0","0","","0"
"202307","행정","행정소송","0","0","0","0","0","0","","0"
"202307","행정","혼인관계","0","0","0","0","0","0","","0"
"202306","교육","교육기관","3","0","0","0","0","0","","0"
"202306","교육","기타","2","3","0","0","0","0","","0"
"202306","교육","보육시설","0","0","0","0","0","0","","0"
"202306","교육","불편/개선건의","1","0","0","0","0","0","","0"
"202306","교육","일반교육","1","0","0","0","0","0","","0"
"202306","교육","한국어교육","5","4","0","0","0","0","","0"
"202306","교통","기타","0","0","0","0","0","0","","0"
"202306","교통","대중교통","2","0","0","0","0","0","","0"
"202306","교통","불편/개선건의","0","0","0","0","0","0","","0"
"202306","교통","유실물","4","0","0","0","0","0","","0"
"202306","교통","항공 및 선박","1","0","0","0","0","0","","0"
"202306","금융","기타","0","0","0","0","0","0","","0"
"202306","금융","불편/개선건의","0","0","0","0","0","0","","0"
"202306","금융","신용카드","0","0","0","0","0","0","","0"
"202306","금융","은행업무","3","2","0","0","0","0","","1"
"202306","기타","기타","2","2","0","0","0","0","","0"
"202306","기타","렌탈","1","0","0","0","0","0","","0"
"202306","기타","매매/교환","0","0","0","0","0","0","","0"
"202306","기타","불편/개선건의","0","0","0","0","0","0","","0"
"202306","기타","센터안내","47","7","0","0","0","0","","0"
"202306","기타","통역","36","3","0","0","0","0","","1"
"202306","노무","고용보험","0","0","0","0","0","0","","0"
"202306","노무","구인","0","0","0","0","0","0","","0"
"202306","노무","구직","7","2","0","0","0","0","","0"
"202306","노무","근로자교육","0","0","0","0","0","0","","0"
"202306","노무","근로조건","4","0","0","0","0","0","","0"
"202306","노무","급여","23","9","0","0","0","0","","0"
"202306","노무","기타","2","0","0","0","0","0","","0"
"202306","노무","부당해고","2","0","0","0","0","0","","0"
"202306","노무","불편/개선건의","3","0","0","0","0","0","","0"
"202306","노무","사업장변경","10","0","0","0","0","0","","0"
"202306","노무","사업장이탈","0","0","0","0","0","0","","0"
"202306","노무","산재보험","1","0","0","0","0","0","","0"
"202306","노무","외국근로자보험","15","19","0","0","0","0","","0"
"202306","노무","재고용","4","0","0","0","0","0","","0"
"202306","노무","체불임금","10","2","0","0","0","0","","0"
"202306","문화/관광","교류/행사","1","1","0","0","0","0","","0"
"202306","문화/관광","기타","0","0","0","0","0","0","","0"
"202306","문화/관광","불편/개선건의","0","0","0","0","0","0","","0"
"202306","문화/관광","여행/관광","1","0","0","0","0","0","","0"
"202306","문화/관광","자원봉사","0","0","0","0","0","0","","0"
"202306","문화/관광","종교","0","0","0","0","0","0","","0"
"202306","보건/복지","건강보험","6","1","0","0","0","0","","0"
"202306","보건/복지","국민연금","13","6","0","0","0","0","","0"
"202306","보건/복지","기타","2","0","0","0","0","0","","0"
"202306","보건/복지","동물병원","0","0","0","0","0","0","","0"
"202306","보건/복지","무료진료","0","0","0","0","0","0","","0"
"202306","보건/복지","방역","4","0","0","0","0","0","","0"
"202306","보건/복지","불편/개선건의","0","0","0","0","0","0","","0"
"202306","보건/복지","사보험","2","0","0","0","0","0","","0"
"202306","보건/복지","사회복지","2","1","0","0","0","0","","0"
"202306","보건/복지","심리상담","0","1","0","0","0","0","","0"
"202306","보건/복지","의료기관","3","1","0","0","0","0","","0"
"202306","보건/복지","재난지원금","0","0","0","0","0","0","","0"
"202306","보건/복지","중국어 심리상담","0","0","0","0","0","0","","0"
"202306","비즈니스","FDI/금융","0","0","0","0","0","0","","0"
"202306","비즈니스","관세/통관","0","0","0","0","0","0","","0"
"202306","비즈니스","기타","4","0","0","0","0","0","","0"
"202306","비즈니스","노무/인사","0","0","0","0","0","0","","0"
"202306","비즈니스","마케팅","0","0","0","0","0","0","","0"
"202306","비즈니스","무역특화","0","0","0","0","0","0","","0"
"202306","비즈니스","법률/상법","0","0","0","0","0","0","","0"
"202306","비즈니스","불편/개선건의","0","0","0","0","0","0","","0"
"202306","비즈니스","비자","0","0","0","0","0","0","","0"
"202306","비즈니스","비즈네트워킹","0","0","0","0","0","0","","0"
"202306","비즈니스","비즈한국어","0","0","0","0","0","0","","0"
"202306","비즈니스","세금","0","0","0","0","0","0","","0"
"202306","비즈니스","인허가","1","0","0","0","0","0","","0"
"202306","비즈니스","지식재산권","0","0","0","0","0","0","","0"
"202306","비즈니스","창업교육","0","0","0","0","0","0","","0"
"202306","비즈니스","창업보육","0","0","0","0","0","0","","0"
"202306","비즈니스","창업일반","10","0","0","0","0","0","","0"
"202306","비즈니스","회사설립","2","2","0","0","0","0","","0"
"202306","안전","교통사고","1","0","0","0","0","0","","0"
"202306","안전","기타","1","0","0","0","0","0","","0"
"202306","안전","민사사건","1","0","0","0","0","0","","0"
"202306","안전","불편/개선건의","2","0","0","0","0","0","","0"
"202306","안전","일반사고","0","0","0","0","0","0","","0"
"202306","안전","재난/재해","0","0","0","0","0","0","","0"
"202306","안전","형사사건","1","0","0","0","0","0","","0"
"202306","여성/가족","가정폭력","0","0","0","0","0","0","","0"
"202306","여성/가족","가족상담","0","0","0","0","0","0","","0"
"202306","여성/가족","기타","0","0","0","0","0","0","","0"
"202306","여성/가족","불편/개선건의","1","0","0","0","0","0","","0"
"202306","여성/가족","이혼","1","0","0","0","0","0","","0"
"202306","여성/가족","임신/출산","0","0","0","0","0","0","","0"
"202306","정보통신","기타","0","0","0","0","0","0","","0"
"202306","정보통신","불편/개선건의","0","0","0","0","0","0","","0"
"202306","정보통신","우편/택배등","0","1","0","0","0","0","","0"
"202306","정보통신","인터넷","2","1","0","0","0","0","","0"
"202306","정보통신","전화","0","0","0","0","0","0","","0"
"202306","정보통신","케이블/위성TV","0","0","0","0","0","0","","0"
"202306","정보통신","휴대폰","3","1","0","0","0","0","","0"
"202306","주거","공과금","1","0","1","0","0","0","","0"
"202306","주거","기타","1","0","0","0","0","0","","0"
"202306","주거","부동산매매","0","0","0","0","0","0","","0"
"202306","주거","부동산임대","2","0","0","0","0","0","","0"
"202306","주거","불편/개선건의","0","0","0","0","0","0","","0"
"202306","주거","이사","1","0","0","0","0","0","","0"
"202306","주거","주거관련분쟁","4","0","0","0","0","0","","0"
"202306","출입국","검역/세관","0","0","0","0","0","0","","0"
"202306","출입국","귀화/영주권","6","3","0","0","0","0","","0"
"202306","출입국","기타","5","4","0","0","0","0","","0"
"202306","출입국","난민","0","0","0","0","0","0","","0"
"202306","출입국","불편/개선건의","0","0","0","0","0","0","","0"
"202306","출입국","사증변경","10","35","7","0","0","0","","0"
"202306","출입국","사증연장","18","5","0","0","0","0","","0"
"202306","출입국","사증자격","7","3","0","0","0","0","","0"
"202306","출입국","사증취득","3","3","0","0","0","0","","0"
"202306","출입국","외국인등록증","4","0","0","0","0","0","","0"
"202306","출입국","초청","2","0","0","0","0","0","","0"
"202306","출입국","출국/입국","9","2","0","0","0","0","","0"
"202306","행정","공증","0","1","0","0","0","0","","0"
"202306","행정","기타","5","0","0","0","0","0","","0"
"202306","행정","불편/개선건의","0","0","0","0","0","0","","0"
"202306","행정","세무","8","0","0","0","0","0","","0"
"202306","행정","소비자상담","1","0","0","0","0","0","","0"
"202306","행정","쓰레기처리","0","0","0","0","0","0","","0"
"202306","행정","여권","3","2","0","0","0","0","","0"
"202306","행정","운전면허","11","6","0","0","0","0","","0"
"202306","행정","인감","0","0","0","0","0","0","","0"
"202306","행정","일반법률","8","3","0","0","0","0","","0"
"202306","행정","자동차관련","2","0","0","0","0","0","","0"
"202306","행정","출생 및 사망","1","0","0","0","0","0","","0"
"202306","행정","행정기관","64","2","0","0","0","0","","0"
"202306","행정","행정소송","0","0","0","0","0","0","","0"
"202306","행정","혼인관계","2","1","0","0","0","0","","0"
"202305","교육","교육기관","5","0","0","0","0","0","","5"
"202305","교육","기타","3","2","1","0","0","0","","7"
"202305","교육","보육시설","0","0","0","0","0","0","","0"
"202305","교육","불편/개선건의","0","0","0","0","0","0","","0"
"202305","교육","일반교육","11","1","0","0","0","0","","12"
"202305","교육","한국어교육","12","8","0","0","0","0","","20"
"202305","교통","기타","0","1","0","0","0","0","","1"
"202305","교통","대중교통","0","1","0","0","0","0","","1"
"202305","교통","불편/개선건의","0","0","0","0","0","0","","0"
"202305","교통","유실물","1","0","0","0","0","0","","1"
"202305","교통","항공 및 선박","0","0","0","0","0","0","","0"
"202305","금융","기타","0","0","0","0","0","0","","0"
"202305","금융","불편/개선건의","1","0","0","0","0","0","","1"
"202305","금융","신용카드","1","0","0","0","0","0","","1"
"202305","금융","은행업무","8","1","0","0","0","0","","9"
"202305","기타","기타","10","1","0","0","0","0","","11"
"202305","기타","렌탈","1","0","0","0","0","0","","1"
"202305","기타","매매/교환","0","0","0","0","0","0","","0"
"202305","기타","불편/개선건의","0","0","0","0","0","0","","0"
"202305","기타","센터안내","25","4","0","0","0","0","","29"
"202305","기타","통역","46","0","0","0","0","0","","46"
"202305","노무","고용보험","3","1","0","0","0","0","","4"
"202305","노무","구인","1","0","0","0","0","0","","1"
"202305","노무","구직","7","0","0","0","0","0","","7"
"202305","노무","근로자교육","3","0","0","0","0","0","","3"
"202305","노무","근로조건","14","0","0","0","0","0","","14"
"202305","노무","급여","22","3","0","0","0","0","","25"
"202305","노무","기타","9","1","0","0","0","0","","10"
"202305","노무","부당해고","1","1","0","0","0","0","","2"
"202305","노무","불편/개선건의","5","0","0","0","0","0","","5"
"202305","노무","사업장변경","12","0","0","0","0","0","","12"
"202305","노무","사업장이탈","0","0","0","0","0","0","","0"
"202305","노무","산재보험","6","0","0","0","0","0","","6"
"202305","노무","외국근로자보험","14","5","0","0","0","0","","19"
"202305","노무","재고용","7","0","0","0","0","0","","7"
"202305","노무","체불임금","7","1","0","0","0","0","","8"
"202305","문화/관광","교류/행사","1","1","0","0","0","0","","2"
"202305","문화/관광","기타","1","0","0","0","0","0","","1"
"202305","문화/관광","불편/개선건의","0","0","0","0","0","0","","0"
"202305","문화/관광","여행/관광","1","0","0","0","0","0","","1"
"202305","문화/관광","자원봉사","2","0","0","0","0","0","","2"
"202305","문화/관광","종교","0","0","0","0","0","0","","0"
"202305","보건/복지","건강보험","19","2","0","0","0","0","","21"
"202305","보건/복지","국민연금","12","2","0","0","0","0","","14"
"202305","보건/복지","기타","0","0","0","0","0","0","","0"
"202305","보건/복지","동물병원","0","0","0","0","0","0","","0"
"202305","보건/복지","무료진료","0","0","0","0","0","0","","0"
"202305","보건/복지","방역","7","0","0","0","0","0","","7"
"202305","보건/복지","불편/개선건의","0","0","0","0","0","0","","0"
"202305","보건/복지","사보험","0","0","0","0","0","0","","0"
"202305","보건/복지","사회복지","5","0","0","0","0","0","","5"
"202305","보건/복지","심리상담","1","1","0","0","0","0","","2"
"202305","보건/복지","의료기관","2","2","0","0","0","0","","4"
"202305","보건/복지","재난지원금","0","0","0","0","0","0","","0"
"202305","보건/복지","중국어 심리상담","0","0","0","0","0","0","","0"
"202305","비즈니스","FDI/금융","0","0","0","0","0","0","","0"
"202305","비즈니스","관세/통관","0","0","0","0","0","0","","0"
"202305","비즈니스","기타","2","1","0","0","0","0","","3"
"202305","비즈니스","노무/인사","0","0","0","0","0","0","","0"
"202305","비즈니스","마케팅","0","0","0","0","0","0","","0"
"202305","비즈니스","무역특화","0","0","0","0","0","0","","0"
"202305","비즈니스","법률/상법","0","0","0","0","0","0","","0"
"202305","비즈니스","불편/개선건의","0","0","0","0","0","0","","0"
"202305","비즈니스","비자","1","0","0","0","0","0","","1"
"202305","비즈니스","비즈네트워킹","0","0","0","0","0","0","","0"
"202305","비즈니스","비즈한국어","0","0","0","0","0","0","","0"
"202305","비즈니스","세금","3","1","0","0","0","0","","4"
"202305","비즈니스","인허가","0","0","0","0","0","0","","0"
"202305","비즈니스","지식재산권","0","0","0","0","0","0","","0"
"202305","비즈니스","창업교육","0","0","0","0","0","0","","0"
"202305","비즈니스","창업보육","0","0","0","0","0","0","","0"
"202305","비즈니스","창업일반","9","2","0","0","0","0","","11"
"202305","비즈니스","회사설립","3","0","0","0","0","0","","3"
"202305","안전","교통사고","0","0","0","0","0","0","","0"
"202305","안전","기타","1","0","0","0","0","0","","1"
"202305","안전","민사사건","2","0","0","0","0","0","","2"
"202305","안전","불편/개선건의","0","0","0","0","0","0","","0"
"202305","안전","일반사고","0","0","0","0","0","0","","0"
"202305","안전","재난/재해","0","0","0","0","0","0","","0"
"202305","안전","형사사건","6","0","0","0","0","0","","6"
"202305","여성/가족","가정폭력","1","0","0","0","0","0","","1"
"202305","여성/가족","가족상담","0","0","0","0","0","0","","0"
"202305","여성/가족","기타","0","0","0","0","0","0","","0"
"202305","여성/가족","불편/개선건의","0","0","0","0","0","0","","0"
"202305","여성/가족","이혼","7","0","1","0","0","0","","8"
"202305","여성/가족","임신/출산","2","0","0","0","0","0","","2"
"202305","정보통신","기타","0","0","0","0","0","0","","0"
"202305","정보통신","불편/개선건의","0","0","0","0","0","0","","0"
"202305","정보통신","우편/택배등","1","0","0","0","0","0","","1"
"202305","정보통신","인터넷","3","0","0","0","0","0","","3"
"202305","정보통신","전화","0","0","0","0","0","0","","0"
"202305","정보통신","케이블/위성TV","0","0","0","0","0","0","","0"
"202305","정보통신","휴대폰","0","0","0","0","0","0","","0"
"202305","주거","공과금","0","0","0","0","0","0","","0"
"202305","주거","기타","0","1","0","0","0","0","","1"
"202305","주거","부동산매매","1","0","0","0","0","0","","1"
"202305","주거","부동산임대","5","2","0","0","0","0","","7"
"202305","주거","불편/개선건의","0","0","0","0","0","0","","0"
"202305","주거","이사","0","0","0","0","0","0","","0"
"202305","주거","주거관련분쟁","3","0","0","0","0","0","","3"
"202305","출입국","검역/세관","0","0","0","0","0","0","","0"
"202305","출입국","귀화/영주권","15","5","0","0","0","0","","20"
"202305","출입국","기타","25","4","0","0","0","0","","29"
"202305","출입국","난민","1","0","0","0","0","0","","1"
"202305","출입국","불편/개선건의","0","0","0","0","0","0","","0"
"202305","출입국","사증변경","21","5","0","0","0","0","","26"
"202305","출입국","사증연장","36","10","0","0","0","0","","46"
"202305","출입국","사증자격","14","0","0","0","0","0","","14"
"202305","출입국","사증취득","7","5","0","0","0","0","","12"
"202305","출입국","외국인등록증","22","7","0","0","0","0","","29"
"202305","출입국","초청","1","1","0","0","0","0","","2"
"202305","출입국","출국/입국","11","5","1","0","0","0","","17"
"202305","행정","공증","0","0","0","0","0","0","","0"
"202305","행정","기타","6","0","0","0","0","0","","6"
"202305","행정","불편/개선건의","0","0","0","0","0","0","","0"
"202305","행정","세무","39","4","0","0","0","0","","43"
"202305","행정","소비자상담","1","0","0","0","0","0","","1"
"202305","행정","쓰레기처리","1","0","0","0","0","0","","1"
"202305","행정","여권","3","3","0","0","0","0","","6"
"202305","행정","운전면허","18","9","0","0","0","0","","27"
"202305","행정","인감","0","0","0","0","0","0","","0"
"202305","행정","일반법률","19","1","0","0","0","0","","20"
"202305","행정","자동차관련","3","0","0","0","0","0","","3"
"202305","행정","출생 및 사망","1","0","0","0","0","0","","1"
"202305","행정","행정기관","69","1","0","0","0","0","","70"
"202305","행정","행정소송","0","0","0","0","0","0","","0"
"202305","행정","혼인관계","3","0","0","0","0","0","","3"
"202304","교육","교육기관","5","0","0","0","0","0","","5"
"202304","교육","기타","3","1","0","0","0","0","","4"
"202304","교육","보육시설","0","0","0","0","0","0","","0"
"202304","교육","불편/개선건의","0","0","0","0","0","0","","0"
"202304","교육","일반교육","5","3","0","0","0","0","","8"
"202304","교육","한국어교육","25","5","0","0","0","0","","30"
"202304","교통","기타","2","0","0","0","0","0","","2"
"202304","교통","대중교통","0","0","0","0","0","0","","0"
"202304","교통","불편/개선건의","0","0","0","0","0","0","","0"
"202304","교통","유실물","2","0","0","0","0","0","","2"
"202304","교통","항공 및 선박","1","0","0","0","0","0","","1"
"202304","금융","기타","0","0","0","0","0","0","","0"
"202304","금융","불편/개선건의","0","0","0","0","0","0","","0"
"202304","금융","신용카드","0","0","0","0","0","0","","0"
"202304","금융","은행업무","8","0","0","0","0","0","","8"
"202304","기타","기타","7","7","0","0","0","0","","14"
"202304","기타","렌탈","0","0","0","0","0","0","","0"
"202304","기타","매매/교환","0","0","0","0","0","0","","0"
"202304","기타","불편/개선건의","0","0","0","0","0","0","","0"
"202304","기타","센터안내","24","1","0","0","0","0","","25"
"202304","기타","통역","25","2","0","0","0","0","","27"
"202304","노무","고용보험","3","0","0","0","0","0","","3"
"202304","노무","구인","0","0","0","0","0","0","","0"
"202304","노무","구직","12","1","0","0","0","0","","13"
"202304","노무","근로자교육","4","0","0","0","0","0","","4"
"202304","노무","근로조건","16","0","0","0","0","0","","16"
"202304","노무","급여","35","3","0","0","0","0","","38"
"202304","노무","기타","15","2","0","0","0","0","","17"
"202304","노무","부당해고","2","0","0","0","0","0","","2"
"202304","노무","불편/개선건의","9","0","0","0","0","0","","9"
"202304","노무","사업장변경","8","0","0","0","0","0","","8"
"202304","노무","사업장이탈","0","0","0","0","0","0","","0"
"202304","노무","산재보험","7","0","0","0","0","0","","7"
"202304","노무","외국근로자보험","23","9","0","0","0","0","","32"
"202304","노무","재고용","14","0","0","0","0","0","","14"
"202304","노무","체불임금","10","2","0","0","0","0","","12"
"202304","문화/관광","교류/행사","0","2","0","0","0","0","","2"
"202304","문화/관광","기타","0","0","0","0","0","0","","0"
"202304","문화/관광","불편/개선건의","0","0","0","0","0","0","","0"
"202304","문화/관광","여행/관광","1","1","0","0","1","0","","3"
"202304","문화/관광","자원봉사","0","0","1","0","0","0","","1"
"202304","문화/관광","종교","0","0","0","0","0","0","","0"
"202304","보건/복지","건강보험","19","0","0","0","0","0","","19"
"202304","보건/복지","국민연금","30","6","0","0","0","0","","36"
"202304","보건/복지","기타","2","1","0","0","0","0","","3"
"202304","보건/복지","동물병원","0","0","0","0","0","0","","0"
"202304","보건/복지","무료진료","0","0","0","0","0","0","","0"
"202304","보건/복지","방역","7","0","0","0","0","0","","7"
"202304","보건/복지","불편/개선건의","0","0","0","0","0","0","","0"
"202304","보건/복지","사보험","1","0","0","0","0","0","","1"
"202304","보건/복지","사회복지","8","1","0","0","0","0","","9"
"202304","보건/복지","심리상담","1","0","0","0","0","0","","1"
"202304","보건/복지","의료기관","14","0","0","0","0","0","","14"
"202304","보건/복지","재난지원금","0","0","0","0","0","0","","0"
"202304","보건/복지","중국어 심리상담","0","0","0","0","0","0","","0"
"202304","비즈니스","FDI/금융","0","0","0","0","0","0","","0"
"202304","비즈니스","관세/통관","0","0","0","0","0","0","","0"
"202304","비즈니스","기타","5","2","0","0","0","0","","7"
"202304","비즈니스","노무/인사","0","0","1","0","0","0","","1"
"202304","비즈니스","마케팅","0","0","0","0","0","0","","0"
"202304","비즈니스","무역특화","0","0","0","0","0","0","","0"
"202304","비즈니스","법률/상법","0","0","0","0","0","0","","0"
"202304","비즈니스","불편/개선건의","0","0","0","0","0","0","","0"
"202304","비즈니스","비자","0","0","0","0","0","0","","0"
"202304","비즈니스","비즈네트워킹","0","0","0","0","0","0","","0"
"202304","비즈니스","비즈한국어","0","0","0","0","0","0","","0"
"202304","비즈니스","세금","1","0","0","0","0","0","","1"
"202304","비즈니스","인허가","0","0","0","0","0","0","","0"
"202304","비즈니스","지식재산권","0","0","0","0","0","0","","0"
"202304","비즈니스","창업교육","1","0","0","0","0","0","","1"
"202304","비즈니스","창업보육","0","0","0","0","0","0","","0"
"202304","비즈니스","창업일반","10","4","2","0","0","0","","16"
"202304","비즈니스","회사설립","3","1","0","0","0","0","","4"
"202304","안전","교통사고","3","0","0","0","0","0","","3"
"202304","안전","기타","0","0","0","0","0","0","","0"
"202304","안전","민사사건","0","0","0","0","0","0","","0"
"202304","안전","불편/개선건의","1","0","0","0","0","0","","1"
"202304","안전","일반사고","0","0","0","0","0","0","","0"
"202304","안전","재난/재해","0","0","0","0","0","0","","0"
"202304","안전","형사사건","3","0","0","0","0","0","","3"
"202304","여성/가족","가정폭력","0","0","0","0","0","0","","0"
"202304","여성/가족","가족상담","2","1","0","0","0","0","","3"
"202304","여성/가족","기타","1","0","0","0","0","0","","1"
"202304","여성/가족","불편/개선건의","0","0","0","0","0","0","","0"
"202304","여성/가족","이혼","8","0","0","0","0","0","","8"
"202304","여성/가족","임신/출산","0","0","0","0","0","0","","0"
"202304","정보통신","기타","0","0","0","0","0","0","","0"
"202304","정보통신","불편/개선건의","0","0","0","0","0","0","","0"
"202304","정보통신","우편/택배등","1","0","0","0","0","0","","1"
"202304","정보통신","인터넷","1","0","0","0","0","0","","1"
"202304","정보통신","전화","0","0","0","0","0","0","","0"
"202304","정보통신","케이블/위성TV","1","0","0","0","0","0","","1"
"202304","정보통신","휴대폰","1","0","0","0","0","0","","1"
"202304","주거","공과금","3","0","0","0","0","0","","3"
"202304","주거","기타","3","0","0","0","0","0","","3"
"202304","주거","부동산매매","0","0","0","0","0","0","","0"
"202304","주거","부동산임대","5","1","0","0","0","0","","6"
"202304","주거","불편/개선건의","0","0","0","0","0","0","","0"
"202304","주거","이사","3","0","0","0","0","0","","3"
"202304","주거","주거관련분쟁","4","1","0","0","0","0","","5"
"202304","출입국","검역/세관","0","1","0","0","0","0","","1"
"202304","출입국","귀화/영주권","6","2","0","0","0","0","","8"
"202304","출입국","기타","33","7","0","0","0","0","","40"
"202304","출입국","난민","0","1","1","0","0","0","","2"
"202304","출입국","불편/개선건의","0","0","0","0","0","0","","0"
"202304","출입국","사증변경","18","5","1","0","0","0","","24"
"202304","출입국","사증연장","53","15","0","0","0","0","","68"
"202304","출입국","사증자격","23","2","0","0","0","0","","25"
"202304","출입국","사증취득","8","4","2","0","0","0","","14"
"202304","출입국","외국인등록증","26","9","0","0","0","0","","35"
"202304","출입국","초청","4","1","0","0","0","0","","5"
"202304","출입국","출국/입국","15","5","1","0","0","0","","21"
"202304","행정","공증","1","0","0","0","0","0","","1"
"202304","행정","기타","15","2","0","0","0","0","","17"
"202304","행정","불편/개선건의","2","0","0","0","0","0","","2"
"202304","행정","세무","19","2","0","0","0","0","","21"
"202304","행정","소비자상담","2","0","0","0","0","0","","2"
"202304","행정","쓰레기처리","0","0","0","0","0","0","","0"
"202304","행정","여권","7","1","0","0","0","0","","8"
"202304","행정","운전면허","31","13","0","0","0","0","","44"
"202304","행정","인감","1","0","0","0","0","0","","1"
"202304","행정","일반법률","21","3","1","0","0","0","","25"
"202304","행정","자동차관련","1","0","0","0","0","0","","1"
"202304","행정","출생 및 사망","0","0","1","0","0","0","","1"
"202304","행정","행정기관","42","6","1","0","0","0","","49"
"202304","행정","행정소송","0","0","0","0","0","0","","0"
"202304","행정","혼인관계","1","0","0","0","0","0","","1"
"202303","교육","교육기관","7","3","0","0","0","0","","10"
"202303","교육","기타","3","1","0","0","0","0","","5"
"202303","교육","보육시설","1","0","0","0","0","0","","1"
"202303","교육","불편/개선건의","0","0","0","0","0","0","","0"
"202303","교육","일반교육","13","1","0","0","0","0","","14"
"202303","교육","한국어교육","50","16","2","0","0","0","","77"
"202303","교통","기타","0","0","0","0","0","0","","0"
"202303","교통","대중교통","0","1","0","0","0","0","","1"
"202303","교통","불편/개선건의","0","0","0","0","0","0","","0"
"202303","교통","유실물","5","0","0","0","0","0","","5"
"202303","교통","항공 및 선박","0","0","0","0","0","0","","0"
"202303","금융","기타","2","0","0","0","0","0","","2"
"202303","금융","불편/개선건의","0","0","0","0","0","0","","0"
"202303","금융","신용카드","0","0","0","0","0","0","","0"
"202303","금융","은행업무","22","1","0","0","0","0","","23"
"202303","기타","기타","12","2","0","0","0","0","","14"
"202303","기타","렌탈","0","0","0","0","0","0","","0"
"202303","기타","매매/교환","0","0","0","0","0","0","","0"
"202303","기타","불편/개선건의","1","1","0","0","0","0","","2"
"202303","기타","센터안내","14","2","4","0","0","0","","22"
"202303","기타","통역","51","2","0","0","0","0","","53"
"202303","노무","고용보험","9","0","0","0","0","0","","9"
"202303","노무","구인","1","1","0","0","0","0","","2"
"202303","노무","구직","29","9","0","0","0","0","","38"
"202303","노무","근로자교육","7","1","0","0","0","0","","8"
"202303","노무","근로조건","31","0","0","0","0","0","","31"
"202303","노무","급여","67","8","0","0","0","0","","76"
"202303","노무","기타","16","0","0","0","0","0","","16"
"202303","노무","부당해고","2","0","0","0","0","0","","2"
"202303","노무","불편/개선건의","1","0","0","0","0","0","","1"
"202303","노무","사업장변경","24","0","0","0","0","0","","24"
"202303","노무","사업장이탈","0","0","0","0","0","0","","0"
"202303","노무","산재보험","9","0","0","0","0","0","","9"
"202303","노무","외국근로자보험","46","24","0","0","0","0","","70"
"202303","노무","재고용","28","3","0","0","0","0","","31"
"202303","노무","체불임금","13","2","0","0","0","0","","15"
"202303","문화/관광","교류/행사","2","0","0","0","0","0","","2"
"202303","문화/관광","기타","2","0","0","0","0","0","","2"
"202303","문화/관광","불편/개선건의","0","0","0","0","0","0","","0"
"202303","문화/관광","여행/관광","5","0","0","0","0","0","","5"
"202303","문화/관광","자원봉사","1","2","0","0","0","0","","3"
"202303","문화/관광","종교","0","0","0","0","0","0","","0"
"202303","보건/복지","건강보험","33","2","0","0","0","0","","36"
"202303","보건/복지","국민연금","35","6","1","0","0","0","","42"
"202303","보건/복지","기타","6","1","0","0","0","0","","7"
"202303","보건/복지","동물병원","1","0","0","0","0","0","","1"
"202303","보건/복지","무료진료","2","0","0","0","0","0","","2"
"202303","보건/복지","방역","21","0","0","0","0","0","","21"
"202303","보건/복지","불편/개선건의","0","0","0","0","0","0","","0"
"202303","보건/복지","사보험","1","1","0","0","0","0","","2"
"202303","보건/복지","사회복지","5","1","0","0","0","0","","6"
"202303","보건/복지","심리상담","5","0","1","0","0","0","","6"
"202303","보건/복지","의료기관","12","0","1","0","0","0","","13"
"202303","보건/복지","재난지원금","0","0","0","0","0","0","","0"
"202303","보건/복지","중국어 심리상담","0","0","0","0","0","0","","0"
"202303","비즈니스","FDI/금융","0","0","0","0","0","0","","0"
"202303","비즈니스","관세/통관","0","0","0","0","0","0","","0"
"202303","비즈니스","기타","5","0","0","0","0","0","","5"
"202303","비즈니스","노무/인사","0","0","0","0","0","0","","0"
"202303","비즈니스","마케팅","0","0","0","0","0","0","","0"
"202303","비즈니스","무역특화","0","0","0","0","0","0","","0"
"202303","비즈니스","법률/상법","0","0","0","0","0","0","","0"
"202303","비즈니스","불편/개선건의","0","0","0","0","0","0","","0"
"202303","비즈니스","비자","0","0","0","0","0","0","","0"
"202303","비즈니스","비즈네트워킹","0","0","0","0","0","0","","0"
"202303","비즈니스","비즈한국어","0","0","0","0","0","0","","0"
"202303","비즈니스","세금","0","0","0","0","0","0","","0"
"202303","비즈니스","인허가","0","0","0","0","0","0","","0"
"202303","비즈니스","지식재산권","0","0","0","0","0","0","","0"
"202303","비즈니스","창업교육","3","0","0","0","0","0","","3"
"202303","비즈니스","창업보육","0","0","0","0","0","0","","0"
"202303","비즈니스","창업일반","15","2","1","0","0","0","","18"
"202303","비즈니스","회사설립","3","0","1","0","0","0","","4"
"202303","안전","교통사고","1","0","0","0","0","0","","1"
"202303","안전","기타","2","0","0","0","0","0","","2"
"202303","안전","민사사건","1","0","0","0","0","0","","1"
"202303","안전","불편/개선건의","0","0","0","0","0","0","","0"
"202303","안전","일반사고","1","0","0","0","0","0","","1"
"202303","안전","재난/재해","0","0","0","0","0","0","","0"
"202303","안전","형사사건","6","0","0","0","0","0","","6"
"202303","여성/가족","가정폭력","1","0","0","0","0","0","","1"
"202303","여성/가족","가족상담","0","0","0","0","0","0","","0"
"202303","여성/가족","기타","1","0","1","0","0","0","","2"
"202303","여성/가족","불편/개선건의","0","0","0","0","0","0","","0"
"202303","여성/가족","이혼","6","1","0","0","0","0","","7"
"202303","여성/가족","임신/출산","0","0","0","0","0","0","","0"
"202303","정보통신","기타","0","0","0","0","0","0","","0"
"202303","정보통신","불편/개선건의","0","0","0","0","0","0","","0"
"202303","정보통신","우편/택배등","1","0","0","0","0","0","","1"
"202303","정보통신","인터넷","1","0","0","0","0","0","","1"
"202303","정보통신","전화","0","0","0","0","0","0","","0"
"202303","정보통신","케이블/위성TV","0","0","0","0","0","0","","0"
"202303","정보통신","휴대폰","1","2","0","0","0","0","","3"
"202303","주거","공과금","0","0","0","0","0","0","","0"
"202303","주거","기타","1","1","0","0","0","0","","2"
"202303","주거","부동산매매","0","0","0","0","0","0","","0"
"202303","주거","부동산임대","7","1","0","0","0","0","","8"
"202303","주거","불편/개선건의","0","0","0","0","0","0","","0"
"202303","주거","이사","2","0","0","0","0","0","","2"
"202303","주거","주거관련분쟁","3","0","0","0","0","0","","3"
"202303","출입국","검역/세관","0","0","0","0","0","0","","0"
"202303","출입국","귀화/영주권","12","4","0","0","0","0","","16"
"202303","출입국","기타","47","14","0","0","0","0","","61"
"202303","출입국","난민","0","1","0","0","0","0","","1"
"202303","출입국","불편/개선건의","1","0","0","0","0","0","","1"
"202303","출입국","사증변경","60","13","0","0","0","0","","73"
"202303","출입국","사증연장","81","24","1","0","0","0","","109"
"202303","출입국","사증자격","45","6","0","0","0","0","","51"
"202303","출입국","사증취득","2","1","0","0","0","0","","3"
"202303","출입국","외국인등록증","47","13","0","0","0","0","","60"
"202303","출입국","초청","27","2","0","0","0","0","","29"
"202303","출입국","출국/입국","30","11","0","0","0","0","","41"
"202303","행정","공증","0","0","0","0","0","0","","0"
"202303","행정","기타","12","0","0","0","0","0","","12"
"202303","행정","불편/개선건의","0","0","0","0","0","0","","0"
"202303","행정","세무","39","0","1","0","0","0","","40"
"202303","행정","소비자상담","3","0","0","0","0","0","","3"
"202303","행정","쓰레기처리","1","1","0","0","0","0","","2"
"202303","행정","여권","7","1","0","0","0","0","","8"
"202303","행정","운전면허","24","19","0","0","0","0","","44"
"202303","행정","인감","0","0","0","0","0","0","","0"
"202303","행정","일반법률","66","5","2","0","0","0","","73"
"202303","행정","자동차관련","0","0","0","0","0","0","","0"
"202303","행정","출생 및 사망","3","0","0","0","0","0","","3"
"202303","행정","행정기관","57","5","1","0","0","0","","63"
"202303","행정","행정소송","0","1","0","0","0","0","","1"
"202303","행정","혼인관계","2","3","4","0","0","0","","9"
"202302","교육","교육기관","10","3","0","0","0","0","","15"
"202302","교육","기타","3","2","0","0","0","0","","7"
"202302","교육","보육시설","5","0","0","0","0","0","","5"
"202302","교육","불편/개선건의","0","0","0","0","0","0","","0"
"202302","교육","일반교육","5","1","0","0","0","0","","6"
"202302","교육","한국어교육","47","9","1","0","0","0","","62"
"202302","교통","기타","0","0","0","0","0","0","","0"
"202302","교통","대중교통","0","0","0","0","0","0","","0"
"202302","교통","불편/개선건의","0","0","0","0","0","0","","0"
"202302","교통","유실물","0","0","0","0","0","0","","0"
"202302","교통","항공 및 선박","0","0","0","0","0","0","","0"
"202302","금융","기타","1","0","0","0","0","0","","1"
"202302","금융","불편/개선건의","0","0","0","0","0","0","","0"
"202302","금융","신용카드","2","0","0","0","0","0","","2"
"202302","금융","은행업무","10","0","0","0","0","0","","10"
"202302","기타","기타","12","1","0","0","0","0","","13"
"202302","기타","렌탈","1","0","0","0","0","0","","1"
"202302","기타","매매/교환","0","0","0","0","0","0","","0"
"202302","기타","불편/개선건의","0","0","0","0","0","0","","0"
"202302","기타","센터안내","21","0","1","0","0","0","","31"
"202302","기타","통역","53","5","0","0","0","0","","60"
"202302","노무","고용보험","3","0","0","0","0","0","","3"
"202302","노무","구인","3","0","0","0","0","0","","3"
"202302","노무","구직","20","6","0","0","0","0","","26"
"202302","노무","근로자교육","2","0","0","0","0","0","","2"
"202302","노무","근로조건","21","0","0","0","0","0","","21"
"202302","노무","급여","53","2","0","0","0","0","","55"
"202302","노무","기타","15","1","0","0","0","0","","21"
"202302","노무","부당해고","1","0","0","0","0","0","","2"
"202302","노무","불편/개선건의","3","0","0","0","0","0","","3"
"202302","노무","사업장변경","28","1","0","0","0","0","","29"
"202302","노무","사업장이탈","2","0","0","0","0","0","","2"
"202302","노무","산재보험","7","0","0","0","0","0","","7"
"202302","노무","외국근로자보험","54","4","0","0","0","0","","58"
"202302","노무","재고용","32","0","0","0","0","0","","33"
"202302","노무","체불임금","16","3","0","0","0","0","","19"
"202302","문화/관광","교류/행사","3","0","0","0","0","0","","3"
"202302","문화/관광","기타","0","0","0","0","0","0","","0"
"202302","문화/관광","불편/개선건의","0","0","0","0","0","0","","0"
"202302","문화/관광","여행/관광","1","1","0","0","0","0","","2"
"202302","문화/관광","자원봉사","0","0","0","0","0","0","","0"
"202302","문화/관광","종교","0","0","0","0","0","0","","0"
"202302","보건/복지","건강보험","25","2","0","0","0","0","","27"
"202302","보건/복지","국민연금","24","4","0","0","0","0","","31"
"202302","보건/복지","기타","9","0","0","0","0","0","","9"
"202302","보건/복지","동물병원","0","0","0","0","0","0","","0"
"202302","보건/복지","무료진료","0","0","0","0","0","0","","0"
"202302","보건/복지","방역","10","1","0","0","0","0","","12"
"202302","보건/복지","불편/개선건의","0","0","0","0","0","0","","0"
"202302","보건/복지","사보험","2","0","0","0","0","0","","2"
"202302","보건/복지","사회복지","4","3","0","0","0","0","","7"
"202302","보건/복지","심리상담","5","0","0","0","0","0","","5"
"202302","보건/복지","의료기관","13","1","0","0","0","0","","16"
"202302","보건/복지","재난지원금","0","0","0","0","0","0","","0"
"202302","보건/복지","중국어 심리상담","0","0","0","0","0","0","","0"
"202302","비즈니스","FDI/금융","0","0","0","0","0","0","","0"
"202302","비즈니스","관세/통관","0","0","0","0","0","0","","0"
"202302","비즈니스","기타","0","1","0","0","0","0","","1"
"202302","비즈니스","노무/인사","0","0","0","0","0","0","","0"
"202302","비즈니스","마케팅","0","0","0","0","0","0","","0"
"202302","비즈니스","무역특화","0","0","0","0","0","0","","0"
"202302","비즈니스","법률/상법","0","0","0","0","0","0","","0"
"202302","비즈니스","불편/개선건의","0","0","0","0","0","0","","0"
"202302","비즈니스","비자","0","1","0","0","0","0","","1"
"202302","비즈니스","비즈네트워킹","0","0","0","0","0","0","","0"
"202302","비즈니스","비즈한국어","0","0","0","0","0","0","","0"
"202302","비즈니스","세금","0","0","0","0","0","0","","0"
"202302","비즈니스","인허가","0","0","0","0","0","0","","0"
"202302","비즈니스","지식재산권","0","0","0","0","0","0","","0"
"202302","비즈니스","창업교육","2","0","0","0","0","0","","2"
"202302","비즈니스","창업보육","0","0","0","0","0","0","","0"
"202302","비즈니스","창업일반","11","1","0","0","0","0","","12"
"202302","비즈니스","회사설립","2","1","0","0","0","0","","3"
"202302","안전","교통사고","2","0","0","0","0","0","","2"
"202302","안전","기타","3","0","0","0","0","0","","3"
"202302","안전","민사사건","0","0","0","0","0","0","","0"
"202302","안전","불편/개선건의","0","0","0","0","0","0","","0"
"202302","안전","일반사고","0","0","0","0","0","0","","0"
"202302","안전","재난/재해","0","0","0","0","0","0","","0"
"202302","안전","형사사건","2","0","0","0","0","0","","2"
"202302","여성/가족","가정폭력","0","0","1","0","0","0","","1"
"202302","여성/가족","가족상담","2","0","0","0","0","0","","2"
"202302","여성/가족","기타","0","0","0","0","0","0","","0"
"202302","여성/가족","불편/개선건의","0","0","0","0","0","0","","0"
"202302","여성/가족","이혼","10","0","1","0","0","0","","13"
"202302","여성/가족","임신/출산","0","0","0","0","0","0","","0"
"202302","정보통신","기타","0","0","0","0","0","0","","0"
"202302","정보통신","불편/개선건의","0","0","0","0","0","0","","0"
"202302","정보통신","우편/택배등","2","0","0","0","0","0","","2"
"202302","정보통신","인터넷","1","1","0","0","0","0","","2"
"202302","정보통신","전화","0","1","0","0","0","0","","1"
"202302","정보통신","케이블/위성TV","0","0","0","0","0","0","","0"
"202302","정보통신","휴대폰","3","2","0","0","0","0","","6"
"202302","주거","공과금","0","0","0","0","0","0","","0"
"202302","주거","기타","2","0","0","0","0","0","","2"
"202302","주거","부동산매매","1","0","0","0","0","0","","1"
"202302","주거","부동산임대","9","0","0","0","0","0","","9"
"202302","주거","불편/개선건의","0","1","0","0","0","0","","1"
"202302","주거","이사","3","0","0","0","0","0","","3"
"202302","주거","주거관련분쟁","7","1","0","0","0","0","","8"
"202302","출입국","검역/세관","0","0","0","0","0","0","","0"
"202302","출입국","귀화/영주권","8","6","0","0","0","0","","14"
"202302","출입국","기타","24","4","0","0","0","0","","31"
"202302","출입국","난민","1","0","0","0","0","0","","1"
"202302","출입국","불편/개선건의","2","0","0","0","0","0","","2"
"202302","출입국","사증변경","59","14","0","0","0","0","","73"
"202302","출입국","사증연장","66","13","1","0","0","0","","80"
"202302","출입국","사증자격","35","9","0","0","0","0","","47"
"202302","출입국","사증취득","5","1","0","0","0","0","","8"
"202302","출입국","외국인등록증","31","8","0","0","0","0","","39"
"202302","출입국","초청","7","5","0","0","0","0","","12"
"202302","출입국","출국/입국","29","8","0","0","0","0","","38"
"202302","행정","공증","1","0","0","0","0","0","","1"
"202302","행정","기타","13","0","0","0","0","0","","15"
"202302","행정","불편/개선건의","0","0","0","0","0","0","","0"
"202302","행정","세무","48","1","0","0","0","0","","49"
"202302","행정","소비자상담","0","0","0","0","0","0","","0"
"202302","행정","쓰레기처리","0","0","0","0","0","0","","0"
"202302","행정","여권","5","4","0","0","0","0","","9"
"202302","행정","운전면허","22","13","0","0","0","0","","36"
"202302","행정","인감","0","0","0","0","0","0","","0"
"202302","행정","일반법률","48","5","3","0","0","0","","56"
"202302","행정","자동차관련","0","0","0","0","0","0","","0"
"202302","행정","출생 및 사망","3","0","1","0","0","0","","4"
"202302","행정","행정기관","51","0","1","0","0","0","","52"
"202302","행정","행정소송","2","0","0","0","0","0","","2"
"202302","행정","혼인관계","3","0","3","0","0","0","","6"
"202301","교육","교육기관","6","0","0","0","0","0","","6"
"202301","교육","기타","4","0","1","0","0","0","","6"
"202301","교육","보육시설","2","0","0","0","0","0","","2"
"202301","교육","불편/개선건의","0","0","0","0","0","0","","0"
"202301","교육","일반교육","12","1","0","0","0","0","","14"
"202301","교육","한국어교육","79","5","0","0","0","0","","86"
"202301","교통","기타","1","0","0","0","0","0","","1"
"202301","교통","대중교통","2","0","0","0","0","0","","2"
"202301","교통","불편/개선건의","0","0","0","0","0","0","","0"
"202301","교통","유실물","2","0","0","0","0","0","","2"
"202301","교통","항공 및 선박","8","2","0","0","0","0","","10"
"202301","금융","기타","2","0","0","0","0","0","","2"
"202301","금융","불편/개선건의","0","0","0","0","0","0","","0"
"202301","금융","신용카드","0","0","0","0","0","0","","0"
"202301","금융","은행업무","12","1","0","0","0","0","","13"
"202301","기타","기타","9","3","0","0","0","0","","13"
"202301","기타","렌탈","0","0","0","0","0","0","","0"
"202301","기타","매매/교환","0","0","0","0","0","0","","0"
"202301","기타","불편/개선건의","1","0","0","0","0","0","","1"
"202301","기타","센터안내","22","1","1","0","0","0","","24"
"202301","기타","통역","64","4","0","0","0","0","","68"
"202301","노무","고용보험","3","1","0","0","0","0","","4"
"202301","노무","구인","0","0","0","0","0","0","","0"
"202301","노무","구직","26","4","1","0","0","0","","31"
"202301","노무","근로자교육","7","0","0","0","0","0","","7"
"202301","노무","근로조건","25","1","2","0","0","0","","28"
"202301","노무","급여","63","3","0","0","0","0","","66"
"202301","노무","기타","20","1","1","0","0","0","","24"
"202301","노무","부당해고","4","1","1","0","0","0","","6"
"202301","노무","불편/개선건의","4","0","0","0","0","0","","4"
"202301","노무","사업장변경","39","1","0","0","0","0","","42"
"202301","노무","사업장이탈","0","0","0","0","0","0","","0"
"202301","노무","산재보험","11","1","0","0","0","0","","12"
"202301","노무","외국근로자보험","62","4","0","0","0","0","","66"
"202301","노무","재고용","28","0","0","0","0","0","","29"
"202301","노무","체불임금","17","5","1","0","0","0","","23"
"202301","문화/관광","교류/행사","0","1","0","0","0","0","","1"
"202301","문화/관광","기타","1","0","0","0","0","0","","1"
"202301","문화/관광","불편/개선건의","0","0","0","0","0","0","","0"
"202301","문화/관광","여행/관광","1","0","0","0","0","0","","1"
"202301","문화/관광","자원봉사","4","4","0","0","0","0","","8"
"202301","문화/관광","종교","0","0","0","0","0","0","","0"
"202301","보건/복지","건강보험","35","4","0","0","0","0","","39"
"202301","보건/복지","국민연금","23","4","0","0","0","0","","27"
"202301","보건/복지","기타","12","2","0","0","0","0","","14"
"202301","보건/복지","동물병원","0","0","0","0","0","0","","0"
"202301","보건/복지","무료진료","1","0","0","0","0","0","","1"
"202301","보건/복지","방역","10","3","0","0","0","0","","13"
"202301","보건/복지","불편/개선건의","0","0","0","0","0","0","","0"
"202301","보건/복지","사보험","0","0","0","0","0","0","","0"
"202301","보건/복지","사회복지","9","0","0","0","0","0","","9"
"202301","보건/복지","심리상담","4","0","3","0","0","0","","7"
"202301","보건/복지","의료기관","12","1","0","0","0","0","","13"
"202301","보건/복지","재난지원금","0","0","0","0","0","0","","0"
"202301","보건/복지","중국어 심리상담","3","0","0","0","0","0","","3"
"202301","비즈니스","FDI/금융","0","1","0","0","0","0","","1"
"202301","비즈니스","관세/통관","0","0","0","0","0","0","","0"
"202301","비즈니스","기타","2","1","1","0","0","0","","4"
"202301","비즈니스","노무/인사","0","0","0","0","0","0","","0"
"202301","비즈니스","마케팅","0","0","0","0","0","0","","0"
"202301","비즈니스","무역특화","0","0","0","0","0","0","","0"
"202301","비즈니스","법률/상법","0","0","0","0","0","0","","0"
"202301","비즈니스","불편/개선건의","0","0","0","0","0","0","","0"
"202301","비즈니스","비자","1","0","0","0","0","0","","1"
"202301","비즈니스","비즈네트워킹","0","0","0","0","0","0","","0"
"202301","비즈니스","비즈한국어","0","0","0","0","0","0","","0"
"202301","비즈니스","세금","0","0","0","0","0","0","","0"
"202301","비즈니스","인허가","0","0","0","0","0","0","","0"
"202301","비즈니스","지식재산권","0","0","0","0","0","0","","0"
"202301","비즈니스","창업교육","0","0","0","0","0","0","","0"
"202301","비즈니스","창업보육","0","0","0","0","0","0","","0"
"202301","비즈니스","창업일반","5","0","0","0","0","0","","5"
"202301","비즈니스","회사설립","1","1","0","0","0","0","","2"
"202301","안전","교통사고","3","0","0","0","0","0","","3"
"202301","안전","기타","0","0","0","0","0","0","","0"
"202301","안전","민사사건","0","0","1","0","0","0","","1"
"202301","안전","불편/개선건의","0","0","0","0","0","0","","0"
"202301","안전","일반사고","1","0","0","0","0","0","","1"
"202301","안전","재난/재해","0","0","0","0","0","0","","0"
"202301","안전","형사사건","4","1","0","0","0","0","","5"
"202301","여성/가족","가정폭력","0","0","0","0","0","0","","0"
"202301","여성/가족","가족상담","1","0","0","0","0","0","","1"
"202301","여성/가족","기타","0","0","0","0","0","0","","0"
"202301","여성/가족","불편/개선건의","0","0","0","0","0","0","","0"
"202301","여성/가족","이혼","6","0","2","0","0","0","","8"
"202301","여성/가족","임신/출산","0","0","0","0","0","0","","0"
"202301","정보통신","기타","1","0","0","0","0","0","","1"
"202301","정보통신","불편/개선건의","0","0","0","0","0","0","","0"
"202301","정보통신","우편/택배등","5","0","0","0","0","0","","5"
"202301","정보통신","인터넷","1","0","0","0","0","0","","1"
"202301","정보통신","전화","0","0","0","0","0","0","","0"
"202301","정보통신","케이블/위성TV","0","0","0","0","0","0","","0"
"202301","정보통신","휴대폰","3","0","0","0","0","0","","3"
"202301","주거","공과금","1","0","0","0","0","0","","1"
"202301","주거","기타","2","0","0","0","0","0","","2"
"202301","주거","부동산매매","2","0","0","0","0","0","","2"
"202301","주거","부동산임대","6","3","1","0","0","0","","10"
"202301","주거","불편/개선건의","0","0","0","0","0","0","","0"
"202301","주거","이사","5","0","0","0","0","0","","5"
"202301","주거","주거관련분쟁","5","0","0","0","0","0","","5"
"202301","출입국","검역/세관","0","0","0","0","0","0","","0"
"202301","출입국","귀화/영주권","7","3","0","0","0","0","","10"
"202301","출입국","기타","29","13","0","0","0","0","","42"
"202301","출입국","난민","0","1","0","0","0","0","","1"
"202301","출입국","불편/개선건의","1","0","0","0","0","0","","1"
"202301","출입국","사증변경","35","6","0","0","0","0","","41"
"202301","출입국","사증연장","97","29","0","0","0","0","","126"
"202301","출입국","사증자격","37","1","0","0","0","0","","38"
"202301","출입국","사증취득","14","1","0","0","0","0","","15"
"202301","출입국","외국인등록증","16","3","0","0","0","0","","19"
"202301","출입국","초청","9","1","0","0","0","0","","10"
"202301","출입국","출국/입국","42","10","1","0","0","0","","53"
"202301","행정","공증","3","0","0","0","0","0","","3"
"202301","행정","기타","11","0","0","0","0","0","","12"
"202301","행정","불편/개선건의","0","0","0","0","0","0","","0"
"202301","행정","세무","35","1","1","0","0","0","","49"
"202301","행정","소비자상담","1","0","0","0","0","0","","1"
"202301","행정","쓰레기처리","1","0","0","0","0","0","","2"
"202301","행정","여권","4","0","0","0","0","0","","5"
"202301","행정","운전면허","23","4","1","0","0","0","","28"
"202301","행정","인감","0","0","0","0","0","0","","0"
"202301","행정","일반법률","39","5","0","0","0","0","","44"
"202301","행정","자동차관련","2","0","0","0","0","0","","2"
"202301","행정","출생 및 사망","1","0","1","0","0","0","","2"
"202301","행정","행정기관","46","1","0","0","0","0","","47"
"202301","행정","행정소송","0","0","0","0","0","0","","0"
"202301","행정","혼인관계","2","0","5","0","0","0","","7"
"202212","교육","교육기관","12","1","1","0","0","0","","15"
"202212","교육","기타","2","3","0","0","0","0","","6"
"202212","교육","보육시설","1","0","0","0","0","0","","1"
"202212","교육","불편/개선건의","0","0","0","0","0","0","","0"
"202212","교육","일반교육","7","1","0","0","0","0","","8"
"202212","교육","한국어교육","78","14","1","0","0","0","","94"
"202212","교통","기타","1","0","0","0","0","0","","1"
"202212","교통","대중교통","2","1","0","0","0","0","","3"
"202212","교통","불편/개선건의","1","0","0","0","0","0","","1"
"202212","교통","유실물","3","1","0","0","0","0","","4"
"202212","교통","항공 및 선박","21","0","0","0","0","0","","21"
"202212","금융","기타","0","0","0","0","0","0","","0"
"202212","금융","불편/개선건의","0","0","0","0","0","0","","0"
"202212","금융","신용카드","1","0","0","0","0","0","","1"
"202212","금융","은행업무","21","3","0","0","0","0","","24"
"202212","기타","기타","25","3","1","0","0","0","","29"
"202212","기타","렌탈","2","1","0","0","0","0","","3"
"202212","기타","매매/교환","0","0","0","0","0","0","","0"
"202212","기타","불편/개선건의","0","0","0","0","0","0","","0"
"202212","기타","센터안내","28","0","1","0","0","0","","39"
"202212","기타","통역","64","1","1","0","0","0","","67"
"202212","노무","고용보험","5","0","0","0","0","0","","5"
"202212","노무","구인","5","0","0","0","0","0","","5"
"202212","노무","구직","27","1","0","0","0","0","","30"
"202212","노무","근로자교육","9","0","0","0","0","0","","9"
"202212","노무","근로조건","43","2","0","0","0","0","","45"
"202212","노무","급여","66","9","1","0","0","0","","80"
"202212","노무","기타","43","1","0","0","0","0","","47"
"202212","노무","부당해고","10","1","0","0","0","0","","11"
"202212","노무","불편/개선건의","3","0","0","0","0","0","","4"
"202212","노무","사업장변경","56","1","0","0","0","0","","62"
"202212","노무","사업장이탈","2","0","0","0","0","0","","2"
"202212","노무","산재보험","13","0","0","0","0","0","","13"
"202212","노무","외국근로자보험","59","27","0","0","0","0","","87"
"202212","노무","재고용","30","0","0","0","0","0","","30"
"202212","노무","체불임금","13","1","0","0","0","0","","14"
"202212","문화/관광","교류/행사","0","2","0","0","0","0","","2"
"202212","문화/관광","기타","1","0","0","0","0","0","","1"
"202212","문화/관광","불편/개선건의","0","0","0","0","0","0","","0"
"202212","문화/관광","여행/관광","3","1","0","0","0","0","","4"
"202212","문화/관광","자원봉사","1","0","0","0","0","0","","1"
"202212","문화/관광","종교","0","0","0","0","0","0","","0"
"202212","보건/복지","건강보험","36","3","0","0","0","0","","39"
"202212","보건/복지","국민연금","20","4","0","0","0","0","","24"
"202212","보건/복지","기타","27","1","0","0","0","0","","28"
"202212","보건/복지","동물병원","0","0","0","0","0","0","","0"
"202212","보건/복지","무료진료","6","0","0","0","0","0","","6"
"202212","보건/복지","방역","34","1","0","0","0","0","","35"
"202212","보건/복지","불편/개선건의","0","0","0","0","0","0","","0"
"202212","보건/복지","사보험","3","0","0","0","0","0","","3"
"202212","보건/복지","사회복지","13","2","0","0","0","0","","15"
"202212","보건/복지","심리상담","7","40","5","0","0","0","","52"
"202212","보건/복지","의료기관","54","2","0","0","0","0","","57"
"202212","보건/복지","재난지원금","0","0","0","0","0","0","","0"
"202212","보건/복지","중국어 심리상담","1","1","0","0","0","0","","2"
"202212","비즈니스","FDI/금융","0","0","0","0","0","0","","0"
"202212","비즈니스","관세/통관","0","0","0","0","0","0","","0"
"202212","비즈니스","기타","1","1","0","0","0","0","","2"
"202212","비즈니스","노무/인사","0","0","0","0","0","0","","0"
"202212","비즈니스","마케팅","0","0","0","0","0","0","","0"
"202212","비즈니스","무역특화","0","0","0","0","0","0","","0"
"202212","비즈니스","법률/상법","0","0","0","0","0","0","","0"
"202212","비즈니스","불편/개선건의","0","0","0","0","0","0","","0"
"202212","비즈니스","비자","3","0","0","0","0","0","","3"
"202212","비즈니스","비즈네트워킹","0","0","0","0","0","0","","0"
"202212","비즈니스","비즈한국어","0","0","0","0","0","0","","0"
"202212","비즈니스","세금","2","0","1","0","0","0","","3"
"202212","비즈니스","인허가","0","0","0","0","0","0","","0"
"202212","비즈니스","지식재산권","0","0","0","0","0","0","","0"
"202212","비즈니스","창업교육","0","0","0","0","0","0","","0"
"202212","비즈니스","창업보육","0","0","0","0","0","0","","0"
"202212","비즈니스","창업일반","3","1","0","0","0","0","","4"
"202212","비즈니스","회사설립","0","1","0","0","0","0","","1"
"202212","안전","교통사고","3","2","0","0","0","0","","5"
"202212","안전","기타","2","0","0","0","0","0","","3"
"202212","안전","민사사건","9","1","0","0","0","0","","10"
"202212","안전","불편/개선건의","0","0","0","0","0","0","","0"
"202212","안전","일반사고","2","0","0","0","0","0","","2"
"202212","안전","재난/재해","0","0","0","0","0","0","","0"
"202212","안전","형사사건","6","3","0","0","0","0","","9"
"202212","여성/가족","가정폭력","2","0","0","0","0","0","","2"
"202212","여성/가족","가족상담","2","0","0","0","0","0","","2"
"202212","여성/가족","기타","1","0","0","0","0","0","","1"
"202212","여성/가족","불편/개선건의","0","0","0","0","0","0","","0"
"202212","여성/가족","이혼","12","1","0","0","0","0","","13"
"202212","여성/가족","임신/출산","1","0","0","0","0","0","","1"
"202212","정보통신","기타","0","0","0","0","0","0","","0"
"202212","정보통신","불편/개선건의","1","0","0","0","0","0","","1"
"202212","정보통신","우편/택배등","4","0","0","0","0","0","","5"
"202212","정보통신","인터넷","4","0","0","0","0","0","","4"
"202212","정보통신","전화","0","0","0","0","0","0","","0"
"202212","정보통신","케이블/위성TV","0","0","0","0","0","0","","0"
"202212","정보통신","휴대폰","8","0","0","0","0","0","","8"
"202212","주거","공과금","1","0","0","0","0","0","","1"
"202212","주거","기타","1","0","0","0","0","0","","1"
"202212","주거","부동산매매","0","1","0","0","0","0","","1"
"202212","주거","부동산임대","19","6","0","0","0","0","","25"
"202212","주거","불편/개선건의","0","0","0","0","0","0","","0"
"202212","주거","이사","1","1","0","0","0","0","","2"
"202212","주거","주거관련분쟁","17","1","0","0","0","0","","18"
"202212","출입국","검역/세관","0","0","0","0","0","0","","0"
"202212","출입국","귀화/영주권","14","1","0","0","0","0","","15"
"202212","출입국","기타","33","0","0","0","0","0","","35"
"202212","출입국","난민","1","1","0","0","0","0","","2"
"202212","출입국","불편/개선건의","1","0","0","0","0","0","","1"
"202212","출입국","사증변경","54","4","0","0","0","0","","58"
"202212","출입국","사증연장","61","26","0","0","0","0","","88"
"202212","출입국","사증자격","31","6","1","0","0","0","","40"
"202212","출입국","사증취득","19","4","1","0","0","0","","25"
"202212","출입국","외국인등록증","57","7","0","0","0","0","","64"
"202212","출입국","초청","8","2","0","0","0","0","","10"
"202212","출입국","출국/입국","39","15","0","0","0","0","","55"
"202212","행정","공증","1","0","0","0","0","0","","1"
"202212","행정","기타","15","0","0","0","0","0","","15"
"202212","행정","불편/개선건의","0","0","0","0","0","0","","0"
"202212","행정","세무","37","6","0","0","0","0","","44"
"202212","행정","소비자상담","4","0","1","0","0","0","","5"
"202212","행정","쓰레기처리","0","0","0","0","0","0","","1"
"202212","행정","여권","10","0","0","0","0","0","","10"
"202212","행정","운전면허","44","9","0","0","0","0","","53"
"202212","행정","인감","0","0","0","0","0","0","","0"
"202212","행정","일반법률","53","10","3","0","0","0","","66"
"202212","행정","자동차관련","2","0","1","0","0","0","","3"
"202212","행정","출생 및 사망","2","0","2","0","0","0","","4"
"202212","행정","행정기관","46","4","1","0","0","0","","51"
"202212","행정","행정소송","0","1","0","0","0","0","","1"
"202212","행정","혼인관계","3","2","5","0","0","0","","10"
"202211","교육","교육기관","12","1","0","0","0","0","","13"
"202211","교육","기타","3","2","0","0","0","0","","5"
"202211","교육","보육시설","1","0","0","0","0","0","","1"
"202211","교육","불편/개선건의","0","0","0","0","0","0","","0"
"202211","교육","일반교육","8","1","0","0","0","0","","9"
"202211","교육","한국어교육","47","11","3","0","0","0","","64"
"202211","교통","기타","0","0","0","0","0","0","","1"
"202211","교통","대중교통","2","0","0","0","0","0","","2"
"202211","교통","불편/개선건의","0","0","0","0","0","0","","0"
"202211","교통","유실물","1","0","1","0","0","0","","2"
"202211","교통","항공 및 선박","9","3","0","0","0","0","","12"
"202211","금융","기타","3","0","0","0","0","0","","3"
"202211","금융","불편/개선건의","0","0","0","0","0","0","","0"
"202211","금융","신용카드","1","1","0","0","0","0","","2"
"202211","금융","은행업무","14","1","0","0","0","0","","15"
"202211","기타","기타","36","5","1","0","0","0","","43"
"202211","기타","렌탈","0","0","0","0","0","0","","0"
"202211","기타","매매/교환","0","0","0","0","0","0","","0"
"202211","기타","불편/개선건의","0","0","0","0","0","0","","0"
"202211","기타","센터안내","25","3","1","0","0","0","","31"
"202211","기타","통역","52","5","3","0","0","0","","61"
"202211","노무","고용보험","1","1","0","0","0","0","","2"
"202211","노무","구인","3","1","0","0","0","0","","4"
"202211","노무","구직","34","7","1","0","0","0","","45"
"202211","노무","근로자교육","11","0","0","0","0","0","","11"
"202211","노무","근로조건","34","1","1","0","0","0","","36"
"202211","노무","급여","75","10","0","0","0","0","","85"
"202211","노무","기타","36","4","0","0","0","0","","42"
"202211","노무","부당해고","18","2","0","0","0","0","","20"
"202211","노무","불편/개선건의","6","0","0","0","0","0","","6"
"202211","노무","사업장변경","32","0","0","0","0","0","","35"
"202211","노무","사업장이탈","0","0","0","0","0","0","","0"
"202211","노무","산재보험","18","2","0","0","0","0","","20"
"202211","노무","외국근로자보험","42","17","0","0","0","0","","59"
"202211","노무","재고용","23","0","0","0","0","0","","23"
"202211","노무","체불임금","23","4","1","0","0","0","","28"
"202211","문화/관광","교류/행사","2","1","0","0","0","0","","3"
"202211","문화/관광","기타","0","0","0","0","0","0","","0"
"202211","문화/관광","불편/개선건의","0","0","0","0","0","0","","0"
"202211","문화/관광","여행/관광","3","0","1","0","0","0","","4"
"202211","문화/관광","자원봉사","2","1","0","0","0","0","","3"
"202211","문화/관광","종교","0","0","0","0","0","0","","0"
"202211","보건/복지","건강보험","45","5","1","0","0","0","","52"
"202211","보건/복지","국민연금","26","15","0","0","0","0","","41"
"202211","보건/복지","기타","27","4","0","0","0","0","","31"
"202211","보건/복지","동물병원","0","0","0","0","0","0","","0"
"202211","보건/복지","무료진료","2","1","0","0","0","0","","3"
"202211","보건/복지","방역","40","3","0","0","0","0","","43"
"202211","보건/복지","불편/개선건의","0","0","0","0","0","0","","0"
"202211","보건/복지","사보험","1","0","0","0","0","0","","1"
"202211","보건/복지","사회복지","21","1","0","0","0","0","","22"
"202211","보건/복지","심리상담","31","39","8","0","0","0","","79"
"202211","보건/복지","의료기관","38","5","0","0","0","0","","44"
"202211","보건/복지","재난지원금","0","0","0","0","0","0","","0"
"202211","보건/복지","중국어 심리상담","3","0","0","0","0","0","","3"
"202211","비즈니스","FDI/금융","0","0","0","0","0","0","","0"
"202211","비즈니스","관세/통관","0","0","0","0","0","0","","0"
"202211","비즈니스","기타","4","2","0","0","0","0","","6"
"202211","비즈니스","노무/인사","0","0","0","0","0","0","","0"
"202211","비즈니스","마케팅","0","0","0","0","0","0","","0"
"202211","비즈니스","무역특화","0","0","0","0","0","0","","0"
"202211","비즈니스","법률/상법","2","0","0","0","0","0","","2"
"202211","비즈니스","불편/개선건의","0","0","0","0","0","0","","0"
"202211","비즈니스","비자","1","0","0","0","0","0","","1"
"202211","비즈니스","비즈네트워킹","0","0","0","0","0","0","","0"
"202211","비즈니스","비즈한국어","0","0","0","0","0","0","","0"
"202211","비즈니스","세금","2","0","0","0","0","0","","2"
"202211","비즈니스","인허가","0","0","0","0","0","0","","0"
"202211","비즈니스","지식재산권","0","0","0","0","0","0","","0"
"202211","비즈니스","창업교육","1","0","0","0","0","0","","1"
"202211","비즈니스","창업보육","0","0","0","0","0","0","","0"
"202211","비즈니스","창업일반","18","4","0","0","0","0","","22"
"202211","비즈니스","회사설립","1","1","0","0","0","0","","2"
"202211","안전","교통사고","3","3","0","0","0","0","","6"
"202211","안전","기타","6","0","0","0","0","0","","8"
"202211","안전","민사사건","6","1","0","0","0","0","","7"
"202211","안전","불편/개선건의","0","0","0","0","0","0","","0"
"202211","안전","일반사고","0","0","0","0","0","0","","0"
"202211","안전","재난/재해","10","0","0","0","0","0","","11"
"202211","안전","형사사건","14","2","0","0","0","0","","16"
"202211","여성/가족","가정폭력","1","0","0","0","0","0","","1"
"202211","여성/가족","가족상담","3","0","0","0","0","0","","3"
"202211","여성/가족","기타","3","1","0","0","0","0","","4"
"202211","여성/가족","불편/개선건의","0","0","0","0","0","0","","0"
"202211","여성/가족","이혼","10","2","0","0","0","0","","14"
"202211","여성/가족","임신/출산","2","0","0","0","0","0","","2"
"202211","정보통신","기타","0","0","0","0","0","0","","0"
"202211","정보통신","불편/개선건의","0","0","0","0","0","0","","0"
"202211","정보통신","우편/택배등","10","0","0","0","0","0","","11"
"202211","정보통신","인터넷","0","0","1","0","0","0","","1"
"202211","정보통신","전화","1","0","0","0","0","0","","1"
"202211","정보통신","케이블/위성TV","0","0","0","0","0","0","","0"
"202211","정보통신","휴대폰","5","3","0","0","0","0","","8"
"202211","주거","공과금","0","0","0","0","0","0","","0"
"202211","주거","기타","1","0","0","0","0","0","","2"
"202211","주거","부동산매매","1","2","0","0","0","0","","3"
"202211","주거","부동산임대","13","2","0","0","0","0","","19"
"202211","주거","불편/개선건의","0","0","0","0","0","0","","0"
"202211","주거","이사","2","0","0","0","0","0","","2"
"202211","주거","주거관련분쟁","8","1","0","0","0","0","","9"
"202211","출입국","검역/세관","2","0","0","0","0","0","","2"
"202211","출입국","귀화/영주권","16","8","0","0","0","0","","24"
"202211","출입국","기타","40","9","0","0","0","0","","49"
"202211","출입국","난민","3","0","0","0","0","0","","3"
"202211","출입국","불편/개선건의","1","0","0","0","0","0","","1"
"202211","출입국","사증변경","44","12","0","0","0","0","","56"
"202211","출입국","사증연장","82","24","0","0","0","0","","107"
"202211","출입국","사증자격","26","3","0","0","0","0","","31"
"202211","출입국","사증취득","14","0","0","0","0","0","","14"
"202211","출입국","외국인등록증","69","9","0","0","0","0","","80"
"202211","출입국","초청","18","2","0","0","0","0","","20"
"202211","출입국","출국/입국","47","11","1","0","0","0","","60"
"202211","행정","공증","0","1","0","0","0","0","","1"
"202211","행정","기타","12","1","0","0","0","0","","13"
"202211","행정","불편/개선건의","0","0","1","0","0","0","","1"
"202211","행정","세무","34","1","0","0","0","0","","35"
"202211","행정","소비자상담","0","0","0","0","0","0","","0"
"202211","행정","쓰레기처리","1","0","0","0","0","0","","1"
"202211","행정","여권","10","3","0","0","0","0","","13"
"202211","행정","운전면허","36","7","0","0","0","0","","43"
"202211","행정","인감","0","0","0","0","0","0","","0"
"202211","행정","일반법률","72","15","0","0","0","0","","88"
"202211","행정","자동차관련","1","0","0","0","0","0","","1"
"202211","행정","출생 및 사망","3","0","1","0","0","0","","4"
"202211","행정","행정기관","39","2","0","0","0","0","","41"
"202211","행정","행정소송","0","1","0","0","0","0","","1"
"202211","행정","혼인관계","0","0","2","0","0","0","","2"
"202210","교육","교육기관","8","3","0","0","0","0","","13"
"202210","교육","기타","5","0","0","0","0","0","","5"
"202210","교육","보육시설","1","0","0","0","0","0","","1"
"202210","교육","불편/개선건의","0","0","0","0","0","0","","0"
"202210","교육","일반교육","9","3","0","0","0","0","","13"
"202210","교육","한국어교육","36","12","3","0","0","0","","58"
"202210","교통","기타","2","0","0","0","0","0","","2"
"202210","교통","대중교통","0","0","0","0","0","0","","0"
"202210","교통","불편/개선건의","0","0","0","0","0","0","","0"
"202210","교통","유실물","5","0","0","0","0","0","","5"
"202210","교통","항공 및 선박","7","3","0","0","0","0","","10"
"202210","금융","기타","2","2","0","0","0","0","","4"
"202210","금융","불편/개선건의","0","0","0","0","0","0","","0"
"202210","금융","신용카드","5","0","0","0","0","0","","5"
"202210","금융","은행업무","25","3","0","0","0","0","","28"
"202210","기타","기타","36","6","0","0","0","0","","44"
"202210","기타","렌탈","1","0","0","0","0","0","","1"
"202210","기타","매매/교환","1","0","0","0","0","0","","1"
"202210","기타","불편/개선건의","2","0","0","0","0","0","","2"
"202210","기타","센터안내","40","4","2","0","0","0","","51"
"202210","기타","통역","48","3","2","0","0","0","","55"
"202210","노무","고용보험","4","0","0","0","0","0","","4"
"202210","노무","구인","7","0","0","0","0","0","","7"
"202210","노무","구직","38","3","0","0","0","0","","42"
"202210","노무","근로자교육","14","0","0","0","0","0","","14"
"202210","노무","근로조건","48","3","0","0","0","0","","51"
"202210","노무","급여","90","12","0","0","0","0","","103"
"202210","노무","기타","37","3","0","0","0","0","","40"
"202210","노무","부당해고","13","3","1","0","0","0","","17"
"202210","노무","불편/개선건의","4","1","0","0","0","0","","5"
"202210","노무","사업장변경","79","0","0","0","0","0","","79"
"202210","노무","사업장이탈","0","0","0","0","0","0","","0"
"202210","노무","산재보험","13","0","0","0","0","0","","13"
"202210","노무","외국근로자보험","47","22","0","0","0","0","","69"
"202210","노무","재고용","23","0","0","0","0","0","","23"
"202210","노무","체불임금","20","7","0","0","0","0","","27"
"202210","문화/관광","교류/행사","2","1","0","0","0","0","","3"
"202210","문화/관광","기타","0","0","0","0","0","0","","0"
"202210","문화/관광","불편/개선건의","0","0","0","0","0","0","","0"
"202210","문화/관광","여행/관광","4","0","0","0","0","0","","4"
"202210","문화/관광","자원봉사","4","1","0","0","0","0","","5"
"202210","문화/관광","종교","0","0","0","0","0","0","","0"
"202210","보건/복지","건강보험","54","5","0","0","0","0","","59"
"202210","보건/복지","국민연금","37","10","0","0","0","0","","47"
"202210","보건/복지","기타","23","2","0","0","0","0","","25"
"202210","보건/복지","동물병원","1","0","0","0","0","0","","1"
"202210","보건/복지","무료진료","0","0","0","0","0","0","","0"
"202210","보건/복지","방역","39","2","1","0","0","0","","42"
"202210","보건/복지","불편/개선건의","0","0","0","0","0","0","","0"
"202210","보건/복지","사보험","1","0","0","0","0","0","","1"
"202210","보건/복지","사회복지","10","3","0","0","0","0","","14"
"202210","보건/복지","심리상담","28","47","9","0","0","0","","85"
"202210","보건/복지","의료기관","50","1","0","0","0","0","","51"
"202210","보건/복지","재난지원금","2","0","0","0","0","0","","2"
"202210","보건/복지","중국어 심리상담","0","0","0","0","0","0","","0"
"202210","비즈니스","FDI/금융","0","0","0","0","0","0","","0"
"202210","비즈니스","관세/통관","0","0","0","0","0","0","","0"
"202210","비즈니스","기타","4","1","0","0","0","0","","5"
"202210","비즈니스","노무/인사","1","0","0","0","0","0","","1"
"202210","비즈니스","마케팅","0","0","0","0","0","0","","0"
"202210","비즈니스","무역특화","0","0","0","0","0","0","","0"
"202210","비즈니스","법률/상법","0","0","0","0","0","0","","0"
"202210","비즈니스","불편/개선건의","0","0","0","0","0","0","","0"
"202210","비즈니스","비자","1","0","0","0","0","0","","1"
"202210","비즈니스","비즈네트워킹","0","0","0","0","0","0","","0"
"202210","비즈니스","비즈한국어","0","0","0","0","0","0","","0"
"202210","비즈니스","세금","2","0","0","0","0","0","","2"
"202210","비즈니스","인허가","0","0","0","0","0","0","","0"
"202210","비즈니스","지식재산권","0","0","0","0","0","0","","0"
"202210","비즈니스","창업교육","0","0","0","0","0","0","","0"
"202210","비즈니스","창업보육","0","0","0","0","0","0","","0"
"202210","비즈니스","창업일반","20","1","0","0","0","0","","21"
"202210","비즈니스","회사설립","1","0","0","0","0","0","","1"
"202210","안전","교통사고","3","0","0","0","0","0","","3"
"202210","안전","기타","4","0","0","0","0","0","","4"
"202210","안전","민사사건","9","2","0","0","0","0","","11"
"202210","안전","불편/개선건의","1","0","0","0","0","0","","1"
"202210","안전","일반사고","0","0","0","0","0","0","","0"
"202210","안전","재난/재해","11","1","0","0","0","0","","12"
"202210","안전","형사사건","7","8","0","0","0","0","","15"
"202210","여성/가족","가정폭력","1","0","0","0","0","0","","1"
"202210","여성/가족","가족상담","1","1","0","0","0","0","","2"
"202210","여성/가족","기타","2","1","0","0","0","0","","3"
"202210","여성/가족","불편/개선건의","0","0","0","0","0","0","","0"
"202210","여성/가족","이혼","11","1","0","0","0","0","","12"
"202210","여성/가족","임신/출산","0","1","0","0","0","0","","1"
"202210","정보통신","기타","0","0","0","0","0","0","","0"
"202210","정보통신","불편/개선건의","0","0","0","0","0","0","","0"
"202210","정보통신","우편/택배등","3","1","0","0","0","0","","4"
"202210","정보통신","인터넷","6","0","0","0","0","0","","6"
"202210","정보통신","전화","0","0","0","0","0","0","","0"
"202210","정보통신","케이블/위성TV","0","0","0","0","0","0","","0"
"202210","정보통신","휴대폰","2","2","0","0","0","0","","4"
"202210","주거","공과금","0","0","0","0","0","0","","0"
"202210","주거","기타","3","0","0","0","0","0","","3"
"202210","주거","부동산매매","2","0","0","0","0","0","","2"
"202210","주거","부동산임대","18","2","0","0","0","0","","20"
"202210","주거","불편/개선건의","0","0","0","0","0","0","","0"
"202210","주거","이사","4","0","0","0","0","0","","4"
"202210","주거","주거관련분쟁","7","0","0","0","0","0","","7"
"202210","출입국","검역/세관","1","0","0","0","0","0","","1"
"202210","출입국","귀화/영주권","10","7","1","0","0","0","","19"
"202210","출입국","기타","57","8","2","0","0","0","","68"
"202210","출입국","난민","0","0","0","0","0","0","","0"
"202210","출입국","불편/개선건의","1","0","0","0","0","0","","1"
"202210","출입국","사증변경","36","14","0","0","0","0","","50"
"202210","출입국","사증연장","86","27","0","0","0","0","","115"
"202210","출입국","사증자격","34","5","0","0","0","0","","40"
"202210","출입국","사증취득","18","8","0","0","0","0","","26"
"202210","출입국","외국인등록증","54","27","1","0","0","0","","83"
"202210","출입국","초청","16","3","0","0","0","0","","19"
"202210","출입국","출국/입국","49","21","0","0","0","0","","73"
"202210","행정","공증","1","0","1","0","0","0","","2"
"202210","행정","기타","13","3","0","0","0","0","","16"
"202210","행정","불편/개선건의","0","0","0","0","0","0","","0"
"202210","행정","세무","35","3","1","0","0","0","","41"
"202210","행정","소비자상담","1","0","0","0","0","0","","1"
"202210","행정","쓰레기처리","0","0","0","0","0","0","","0"
"202210","행정","여권","11","2","0","0","0","0","","13"
"202210","행정","운전면허","51","20","0","0","0","0","","72"
"202210","행정","인감","1","0","0","0","0","0","","1"
"202210","행정","일반법률","70","9","2","0","0","0","","81"
"202210","행정","자동차관련","2","0","0","0","0","0","","2"
"202210","행정","출생 및 사망","1","0","1","0","0","0","","2"
"202210","행정","행정기관","56","12","0","0","0","0","","68"
"202210","행정","행정소송","1","0","0","0","0","0","","1"
"202210","행정","혼인관계","1","0","4","0","0","0","","5"
"202209","교육","교육기관","7","1","0","0","0","0","","8"
"202209","교육","기타","4","0","0","0","0","0","","4"
"202209","교육","보육시설","2","0","0","0","0","0","","2"
"202209","교육","불편/개선건의","0","0","0","0","0","0","","0"
"202209","교육","일반교육","4","3","1","0","0","0","","8"
"202209","교육","한국어교육","59","14","6","0","0","0","","82"
"202209","교통","기타","2","0","0","0","0","0","","2"
"202209","교통","대중교통","0","1","0","0","0","0","","1"
"202209","교통","불편/개선건의","0","0","0","0","0","0","","0"
"202209","교통","유실물","5","0","0","0","0","0","","5"
"202209","교통","항공 및 선박","10","4","0","0","0","0","","14"
"202209","금융","기타","5","0","0","0","0","0","","5"
"202209","금융","불편/개선건의","0","0","0","0","0","0","","0"
"202209","금융","신용카드","4","0","0","0","0","0","","4"
"202209","금융","은행업무","16","1","0","0","0","0","","17"
"202209","기타","기타","35","4","2","0","0","0","","42"
"202209","기타","렌탈","1","0","0","0","0","0","","1"
"202209","기타","매매/교환","1","0","0","0","0","0","","1"
"202209","기타","불편/개선건의","3","0","0","0","0","0","","3"
"202209","기타","센터안내","34","1","4","0","0","0","","41"
"202209","기타","통역","35","2","0","0","0","0","","38"
"202209","노무","고용보험","2","0","0","0","0","0","","2"
"202209","노무","구인","5","1","0","0","0","0","","6"
"202209","노무","구직","26","0","0","0","0","0","","26"
"202209","노무","근로자교육","7","0","0","0","0","0","","7"
"202209","노무","근로조건","46","0","1","0","0","0","","47"
"202209","노무","급여","66","16","1","0","0","0","","83"
"202209","노무","기타","31","1","0","0","0","0","","32"
"202209","노무","부당해고","11","0","0","0","0","0","","12"
"202209","노무","불편/개선건의","5","0","0","0","0","0","","5"
"202209","노무","사업장변경","53","1","0","0","0","0","","54"
"202209","노무","사업장이탈","0","0","0","0","0","0","","0"
"202209","노무","산재보험","3","0","0","0","0","0","","3"
"202209","노무","외국근로자보험","53","29","0","0","0","0","","82"
"202209","노무","재고용","43","1","0","0","0","0","","45"
"202209","노무","체불임금","19","1","1","0","0","0","","21"
"202209","문화/관광","교류/행사","4","0","0","0","0","0","","5"
"202209","문화/관광","기타","0","0","0","0","0","0","","0"
"202209","문화/관광","불편/개선건의","0","0","0","0","0","0","","0"
"202209","문화/관광","여행/관광","3","0","0","0","0","0","","3"
"202209","문화/관광","자원봉사","2","1","0","0","0","0","","5"
"202209","문화/관광","종교","0","0","0","0","0","0","","0"
"202209","보건/복지","건강보험","41","1","2","0","0","0","","45"
"202209","보건/복지","국민연금","24","13","0","0","0","0","","38"
"202209","보건/복지","기타","21","3","0","0","0","0","","24"
"202209","보건/복지","동물병원","0","0","0","0","0","0","","0"
"202209","보건/복지","무료진료","0","0","0","0","0","0","","0"
"202209","보건/복지","방역","59","4","1","0","0","0","","66"
"202209","보건/복지","불편/개선건의","0","0","0","0","0","0","","0"
"202209","보건/복지","사보험","2","0","0","0","0","0","","2"
"202209","보건/복지","사회복지","5","0","0","0","0","0","","5"
"202209","보건/복지","심리상담","11","17","6","0","0","0","","36"
"202209","보건/복지","의료기관","36","4","0","0","0","0","","44"
"202209","보건/복지","재난지원금","0","0","0","0","0","0","","0"
"202209","보건/복지","중국어 심리상담","2","0","0","0","0","0","","2"
"202209","비즈니스","FDI/금융","0","0","0","0","0","0","","0"
"202209","비즈니스","관세/통관","0","0","0","0","0","0","","0"
"202209","비즈니스","기타","5","1","0","0","0","0","","6"
"202209","비즈니스","노무/인사","0","0","0","0","0","0","","0"
"202209","비즈니스","마케팅","0","0","0","0","0","0","","0"
"202209","비즈니스","무역특화","0","0","0","0","0","0","","0"
"202209","비즈니스","법률/상법","1","0","0","0","0","0","","1"
"202209","비즈니스","불편/개선건의","0","0","0","0","0","0","","0"
"202209","비즈니스","비자","2","0","0","0","0","0","","2"
"202209","비즈니스","비즈네트워킹","0","0","0","0","0","0","","0"
"202209","비즈니스","비즈한국어","0","0","0","0","0","0","","0"
"202209","비즈니스","세금","0","0","0","0","0","0","","0"
"202209","비즈니스","인허가","0","0","0","0","0","0","","0"
"202209","비즈니스","지식재산권","0","0","0","0","0","0","","0"
"202209","비즈니스","창업교육","0","0","0","0","0","0","","0"
"202209","비즈니스","창업보육","0","0","0","0","0","0","","0"
"202209","비즈니스","창업일반","9","0","0","0","0","0","","9"
"202209","비즈니스","회사설립","1","0","0","0","0","0","","1"
"202209","안전","교통사고","4","0","0","0","0","0","","4"
"202209","안전","기타","3","0","0","0","0","0","","3"
"202209","안전","민사사건","2","1","0","0","0","0","","3"
"202209","안전","불편/개선건의","0","0","0","0","0","0","","0"
"202209","안전","일반사고","2","0","0","0","0","0","","2"
"202209","안전","재난/재해","0","0","0","0","0","0","","0"
"202209","안전","형사사건","17","2","0","0","0","0","","19"
"202209","여성/가족","가정폭력","0","0","0","0","0","0","","0"
"202209","여성/가족","가족상담","4","0","1","0","0","0","","5"
"202209","여성/가족","기타","1","2","0","0","0","0","","3"
"202209","여성/가족","불편/개선건의","0","0","0","0","0","0","","0"
"202209","여성/가족","이혼","14","3","0","0","0","0","","17"
"202209","여성/가족","임신/출산","0","0","0","0","0","0","","0"
"202209","정보통신","기타","0","0","0","0","0","0","","0"
"202209","정보통신","불편/개선건의","0","0","0","0","0","0","","0"
"202209","정보통신","우편/택배등","3","0","0","0","0","0","","3"
"202209","정보통신","인터넷","4","0","0","0","0","0","","4"
"202209","정보통신","전화","1","0","0","0","0","0","","1"
"202209","정보통신","케이블/위성TV","0","0","0","0","0","0","","0"
"202209","정보통신","휴대폰","4","1","0","0","0","0","","6"
"202209","주거","공과금","2","0","0","0","0","0","","2"
"202209","주거","기타","6","1","0","0","0","0","","7"
"202209","주거","부동산매매","4","3","0","0","0","0","","7"
"202209","주거","부동산임대","29","1","1","0","0","0","","32"
"202209","주거","불편/개선건의","0","0","0","0","0","0","","0"
"202209","주거","이사","4","0","1","0","0","0","","5"
"202209","주거","주거관련분쟁","22","3","2","0","0","0","","27"
"202209","출입국","검역/세관","0","0","0","0","0","0","","2"
"202209","출입국","귀화/영주권","11","6","1","0","0","0","","18"
"202209","출입국","기타","44","10","1","0","0","0","","55"
"202209","출입국","난민","2","1","0","0","0","0","","3"
"202209","출입국","불편/개선건의","0","0","0","0","0","0","","0"
"202209","출입국","사증변경","30","13","0","0","0","0","","45"
"202209","출입국","사증연장","85","31","1","0","0","0","","119"
"202209","출입국","사증자격","41","8","0","0","0","0","","52"
"202209","출입국","사증취득","15","2","1","0","0","0","","18"
"202209","출입국","외국인등록증","53","16","0","0","0","0","","69"
"202209","출입국","초청","12","1","0","0","0","0","","13"
"202209","출입국","출국/입국","63","16","0","0","0","0","","83"
"202209","행정","공증","0","0","0","0","0","0","","0"
"202209","행정","기타","15","5","0","0","0","0","","20"
"202209","행정","불편/개선건의","0","0","0","0","0","0","","0"
"202209","행정","세무","35","5","0","0","0","0","","41"
"202209","행정","소비자상담","3","0","0","0","0","0","","3"
"202209","행정","쓰레기처리","0","1","0","0","0","0","","1"
"202209","행정","여권","7","3","0","0","0","0","","10"
"202209","행정","운전면허","68","9","1","0","0","0","","79"
"202209","행정","인감","0","0","0","0","0","0","","0"
"202209","행정","일반법률","67","6","1","0","0","0","","75"
"202209","행정","자동차관련","4","0","0","0","0","0","","4"
"202209","행정","출생 및 사망","0","0","1","0","0","0","","1"
"202209","행정","행정기관","42","8","0","0","0","0","","50"
"202209","행정","행정소송","1","0","0","0","0","0","","1"
"202209","행정","혼인관계","7","0","3","0","0","0","","10"
"202208","교육","교육기관","13","0","0","0","0","0","","13"
"202208","교육","기타","9","1","0","0","0","0","","12"
"202208","교육","보육시설","1","0","0","0","0","0","","1"
"202208","교육","불편/개선건의","1","0","0","0","0","0","","1"
"202208","교육","일반교육","7","3","0","0","0","0","","10"
"202208","교육","한국어교육","87","16","12","0","0","0","","121"
"202208","교통","기타","2","0","0","0","0","0","","2"
"202208","교통","대중교통","4","0","0","0","0","0","","5"
"202208","교통","불편/개선건의","0","0","0","0","0","0","","0"
"202208","교통","유실물","4","0","0","0","0","0","","5"
"202208","교통","항공 및 선박","12","2","0","0","0","0","","14"
"202208","금융","기타","1","0","0","0","0","0","","1"
"202208","금융","불편/개선건의","0","0","0","0","0","0","","0"
"202208","금융","신용카드","1","0","0","0","0","0","","1"
"202208","금융","은행업무","13","4","1","0","0","0","","18"
"202208","기타","기타","48","13","6","0","0","0","","70"
"202208","기타","렌탈","0","0","0","0","0","0","","0"
"202208","기타","매매/교환","0","0","0","0","0","0","","0"
"202208","기타","불편/개선건의","0","0","0","0","0","0","","0"
"202208","기타","센터안내","30","1","1","0","0","0","","36"
"202208","기타","통역","80","5","2","0","0","0","","88"
"202208","노무","고용보험","2","0","0","0","0","0","","2"
"202208","노무","구인","4","0","0","0","0","0","","4"
"202208","노무","구직","42","1","1","0","0","0","","45"
"202208","노무","근로자교육","10","0","0","0","0","0","","10"
"202208","노무","근로조건","48","0","0","0","0","0","","48"
"202208","노무","급여","78","10","0","0","0","0","","89"
"202208","노무","기타","46","1","1","0","0","0","","50"
"202208","노무","부당해고","8","2","0","0","0","0","","10"
"202208","노무","불편/개선건의","3","0","0","0","0","0","","3"
"202208","노무","사업장변경","50","2","1","0","0","0","","54"
"202208","노무","사업장이탈","4","0","0","0","0","0","","4"
"202208","노무","산재보험","16","1","0","0","0","0","","17"
"202208","노무","외국근로자보험","32","9","0","0","0","0","","42"
"202208","노무","재고용","34","0","0","0","0","0","","34"
"202208","노무","체불임금","25","9","0","0","0","0","","35"
"202208","문화/관광","교류/행사","1","1","0","0","0","0","","8"
"202208","문화/관광","기타","0","0","0","0","0","0","","0"
"202208","문화/관광","불편/개선건의","0","0","0","0","0","0","","0"
"202208","문화/관광","여행/관광","2","2","0","0","0","0","","4"
"202208","문화/관광","자원봉사","1","4","0","0","0","0","","5"
"202208","문화/관광","종교","0","0","0","0","0","0","","0"
"202208","보건/복지","건강보험","26","2","1","0","0","0","","29"
"202208","보건/복지","국민연금","28","5","0","0","0","0","","33"
"202208","보건/복지","기타","27","1","0","0","0","0","","28"
"202208","보건/복지","동물병원","0","0","0","0","0","0","","0"
"202208","보건/복지","무료진료","0","0","0","0","0","0","","0"
"202208","보건/복지","방역","91","12","0","0","0","0","","103"
"202208","보건/복지","불편/개선건의","0","0","0","0","0","0","","0"
"202208","보건/복지","사보험","1","0","0","0","0","0","","1"
"202208","보건/복지","사회복지","7","0","0","0","0","0","","7"
"202208","보건/복지","심리상담","21","41","24","0","0","0","","86"
"202208","보건/복지","의료기관","32","1","0","0","0","0","","33"
"202208","보건/복지","재난지원금","0","0","0","0","0","0","","0"
"202208","보건/복지","중국어 심리상담","8","0","0","0","0","0","","8"
"202208","비즈니스","FDI/금융","0","0","0","0","0","0","","0"
"202208","비즈니스","관세/통관","0","0","0","0","0","0","","0"
"202208","비즈니스","기타","3","0","1","0","0","0","","4"
"202208","비즈니스","노무/인사","0","0","0","0","0","0","","0"
"202208","비즈니스","마케팅","0","0","0","0","0","0","","0"
"202208","비즈니스","무역특화","0","0","0","0","0","0","","0"
"202208","비즈니스","법률/상법","1","0","0","0","0","0","","1"
"202208","비즈니스","불편/개선건의","0","0","0","0","0","0","","0"
"202208","비즈니스","비자","0","0","0","0","0","0","","0"
"202208","비즈니스","비즈네트워킹","0","0","0","0","0","0","","0"
"202208","비즈니스","비즈한국어","0","0","0","0","0","0","","0"
"202208","비즈니스","세금","0","0","0","0","0","0","","0"
"202208","비즈니스","인허가","0","0","0","0","0","0","","0"
"202208","비즈니스","지식재산권","0","0","0","0","0","0","","0"
"202208","비즈니스","창업교육","1","0","0","0","0","0","","1"
"202208","비즈니스","창업보육","0","1","0","0","0","0","","1"
"202208","비즈니스","창업일반","9","4","0","0","0","0","","13"
"202208","비즈니스","회사설립","0","0","0","0","0","0","","0"
"202208","안전","교통사고","2","0","0","0","0","0","","2"
"202208","안전","기타","4","0","0","0","0","0","","4"
"202208","안전","민사사건","6","1","0","0","0","0","","7"
"202208","안전","불편/개선건의","0","0","0","0","0","0","","0"
"202208","안전","일반사고","1","0","0","0","0","0","","1"
"202208","안전","재난/재해","0","0","0","0","0","0","","0"
"202208","안전","형사사건","8","4","1","0","0","0","","14"
"202208","여성/가족","가정폭력","0","0","0","0","0","0","","0"
"202208","여성/가족","가족상담","4","0","0","0","0","0","","4"
"202208","여성/가족","기타","5","0","3","0","0","0","","8"
"202208","여성/가족","불편/개선건의","0","0","0","0","0","0","","0"
"202208","여성/가족","이혼","16","3","4","0","0","0","","23"
"202208","여성/가족","임신/출산","4","0","0","0","0","0","","5"
"202208","정보통신","기타","0","0","0","0","0","0","","0"
"202208","정보통신","불편/개선건의","0","0","0","0","0","0","","0"
"202208","정보통신","우편/택배등","0","0","0","0","0","0","","0"
"202208","정보통신","인터넷","3","1","0","0","0","0","","5"
"202208","정보통신","전화","1","0","0","0","0","0","","1"
"202208","정보통신","케이블/위성TV","1","0","0","0","0","0","","1"
"202208","정보통신","휴대폰","11","6","1","0","0","0","","18"
"202208","주거","공과금","2","0","0","0","0","0","","2"
"202208","주거","기타","6","1","0","0","0","0","","7"
"202208","주거","부동산매매","3","0","0","0","0","0","","3"
"202208","주거","부동산임대","24","7","0","0","0","0","","31"
"202208","주거","불편/개선건의","1","0","0","0","0","0","","1"
"202208","주거","이사","4","0","0","0","0","0","","4"
"202208","주거","주거관련분쟁","16","4","2","0","0","0","","24"
"202208","출입국","검역/세관","1","0","0","0","0","0","","1"
"202208","출입국","귀화/영주권","13","9","0","0","0","0","","22"
"202208","출입국","기타","47","7","0","0","0","0","","55"
"202208","출입국","난민","3","1","0","0","0","0","","4"
"202208","출입국","불편/개선건의","0","0","0","0","0","0","","0"
"202208","출입국","사증변경","46","13","0","0","0","0","","59"
"202208","출입국","사증연장","101","40","0","0","0","0","","141"
"202208","출입국","사증자격","37","6","0","0","0","0","","44"
"202208","출입국","사증취득","15","4","0","0","0","0","","20"
"202208","출입국","외국인등록증","46","10","1","0","0","0","","57"
"202208","출입국","초청","22","2","0","0","0","0","","24"
"202208","출입국","출국/입국","67","16","0","0","0","0","","85"
"202208","행정","공증","6","1","0","0","0","0","","8"
"202208","행정","기타","16","3","0","0","0","0","","20"
"202208","행정","불편/개선건의","0","0","0","0","0","0","","0"
"202208","행정","세무","18","3","1","0","0","0","","22"
"202208","행정","소비자상담","0","0","0","0","0","0","","0"
"202208","행정","쓰레기처리","0","0","0","0","0","0","","0"
"202208","행정","여권","20","1","0","0","0","0","","21"
"202208","행정","운전면허","61","31","0","0","0","0","","97"
"202208","행정","인감","0","0","0","0","0","0","","0"
"202208","행정","일반법률","54","16","4","0","0","0","","77"
"202208","행정","자동차관련","0","0","0","0","0","0","","0"
"202208","행정","출생 및 사망","2","1","0","0","0","0","","3"
"202208","행정","행정기관","44","2","0","0","0","0","","46"
"202208","행정","행정소송","0","0","0","0","0","0","","0"
"202208","행정","혼인관계","5","0","2","0","0","0","","7"
"202207","교육","교육기관","11","1","0","0","0","0","","13"
"202207","교육","기타","14","2","0","0","0","0","","16"
"202207","교육","보육시설","1","0","0","0","0","0","","1"
"202207","교육","불편/개선건의","0","0","0","0","0","0","","0"
"202207","교육","일반교육","18","4","0","0","0","0","","22"
"202207","교육","한국어교육","70","25","15","0","0","0","","119"
"202207","교통","기타","3","0","0","0","0","0","","3"
"202207","교통","대중교통","3","2","0","0","0","0","","5"
"202207","교통","불편/개선건의","0","0","0","0","0","0","","0"
"202207","교통","유실물","2","0","0","0","0","0","","2"
"202207","교통","항공 및 선박","8","2","0","0","0","0","","10"
"202207","금융","기타","0","0","0","0","0","0","","0"
"202207","금융","불편/개선건의","1","0","0","0","0","0","","1"
"202207","금융","신용카드","1","0","0","0","0","0","","1"
"202207","금융","은행업무","9","0","1","0","0","0","","10"
"202207","기타","기타","42","5","5","0","0","0","","55"
"202207","기타","렌탈","0","0","0","0","0","0","","0"
"202207","기타","매매/교환","1","0","0","0","0","0","","1"
"202207","기타","불편/개선건의","2","0","0","0","0","0","","2"
"202207","기타","센터안내","34","5","1","0","0","0","","44"
"202207","기타","통역","53","2","2","0","0","0","","59"
"202207","노무","고용보험","2","0","0","0","0","0","","3"
"202207","노무","구인","5","0","0","0","0","0","","5"
"202207","노무","구직","37","4","1","0","0","0","","46"
"202207","노무","근로자교육","14","0","0","0","0","0","","14"
"202207","노무","근로조건","47","0","1","0","0","0","","49"
"202207","노무","급여","71","11","0","0","0","0","","84"
"202207","노무","기타","31","1","1","0","0","0","","36"
"202207","노무","부당해고","8","3","0","0","0","0","","11"
"202207","노무","불편/개선건의","8","2","0","0","0","0","","10"
"202207","노무","사업장변경","45","0","0","0","0","0","","46"
"202207","노무","사업장이탈","0","0","0","0","0","0","","0"
"202207","노무","산재보험","9","0","0","0","0","0","","9"
"202207","노무","외국근로자보험","56","17","0","0","0","0","","74"
"202207","노무","재고용","39","1","0","0","0","0","","41"
"202207","노무","체불임금","24","2","0","0","0","0","","26"
"202207","문화/관광","교류/행사","2","2","0","0","0","0","","4"
"202207","문화/관광","기타","0","0","0","0","0","0","","0"
"202207","문화/관광","불편/개선건의","0","0","0","0","0","0","","0"
"202207","문화/관광","여행/관광","5","1","0","0","0","0","","6"
"202207","문화/관광","자원봉사","1","1","0","0","0","0","","2"
"202207","문화/관광","종교","1","0","0","0","0","0","","1"
"202207","보건/복지","건강보험","27","2","1","0","0","0","","30"
"202207","보건/복지","국민연금","28","5","0","0","0","0","","33"
"202207","보건/복지","기타","19","1","0","0","0","0","","20"
"202207","보건/복지","동물병원","0","0","0","0","0","0","","0"
"202207","보건/복지","무료진료","0","0","0","0","0","0","","0"
"202207","보건/복지","방역","73","4","0","0","0","0","","79"
"202207","보건/복지","불편/개선건의","1","0","0","0","0","0","","1"
"202207","보건/복지","사보험","2","1","0","0","0","0","","3"
"202207","보건/복지","사회복지","9","2","0","0","0","0","","11"
"202207","보건/복지","심리상담","29","29","8","0","0","0","","66"
"202207","보건/복지","의료기관","32","1","0","0","0","0","","33"
"202207","보건/복지","재난지원금","5","0","0","0","0","0","","5"
"202207","보건/복지","중국어 심리상담","6","7","0","0","0","0","","13"
"202207","비즈니스","FDI/금융","0","0","0","0","0","0","","0"
"202207","비즈니스","관세/통관","0","0","0","0","0","0","","0"
"202207","비즈니스","기타","0","0","0","0","0","0","","0"
"202207","비즈니스","노무/인사","0","0","0","0","0","0","","0"
"202207","비즈니스","마케팅","0","0","0","0","0","0","","0"
"202207","비즈니스","무역특화","0","0","0","0","0","0","","0"
"202207","비즈니스","법률/상법","0","0","0","0","0","0","","0"
"202207","비즈니스","불편/개선건의","0","0","0","0","0","0","","0"
"202207","비즈니스","비자","0","0","0","0","0","0","","0"
"202207","비즈니스","비즈네트워킹","0","0","0","0","0","0","","0"
"202207","비즈니스","비즈한국어","0","0","0","0","0","0","","0"
"202207","비즈니스","세금","1","0","0","0","0","0","","1"
"202207","비즈니스","인허가","0","1","0","0","0","0","","1"
"202207","비즈니스","지식재산권","0","0","0","0","0","0","","0"
"202207","비즈니스","창업교육","0","0","0","0","0","0","","0"
"202207","비즈니스","창업보육","0","0","0","0","0","0","","0"
"202207","비즈니스","창업일반","11","1","0","0","0","0","","12"
"202207","비즈니스","회사설립","1","0","0","0","0","0","","1"
"202207","안전","교통사고","2","0","0","0","0","0","","2"
"202207","안전","기타","3","0","1","0","0","0","","4"
"202207","안전","민사사건","6","0","0","0","0","0","","6"
"202207","안전","불편/개선건의","1","0","0","0","0","0","","1"
"202207","안전","일반사고","0","0","0","0","0","0","","0"
"202207","안전","재난/재해","0","0","0","0","0","0","","0"
"202207","안전","형사사건","24","7","0","0","0","0","","31"
"202207","여성/가족","가정폭력","1","0","0","0","0","0","","1"
"202207","여성/가족","가족상담","5","0","0","0","0","0","","5"
"202207","여성/가족","기타","2","3","0","0","0","0","","5"
"202207","여성/가족","불편/개선건의","0","0","0","0","0","0","","0"
"202207","여성/가족","이혼","9","2","0","0","0","0","","11"
"202207","여성/가족","임신/출산","1","0","0","0","0","0","","1"
"202207","정보통신","기타","0","0","0","0","0","0","","0"
"202207","정보통신","불편/개선건의","1","0","0","0","0","0","","1"
"202207","정보통신","우편/택배등","3","0","1","0","0","0","","4"
"202207","정보통신","인터넷","2","0","0","0","0","0","","2"
"202207","정보통신","전화","0","0","0","0","0","0","","0"
"202207","정보통신","케이블/위성TV","0","1","1","0","0","0","","2"
"202207","정보통신","휴대폰","6","3","0","0","0","0","","9"
"202207","주거","공과금","0","0","0","0","0","0","","0"
"202207","주거","기타","4","0","0","0","0","0","","4"
"202207","주거","부동산매매","5","1","0","0","0","0","","6"
"202207","주거","부동산임대","16","8","0","0","0","0","","24"
"202207","주거","불편/개선건의","0","0","0","0","0","0","","0"
"202207","주거","이사","7","0","0","0","0","0","","7"
"202207","주거","주거관련분쟁","15","1","0","0","0","0","","16"
"202207","출입국","검역/세관","2","0","0","0","0","0","","2"
"202207","출입국","귀화/영주권","8","0","0","0","0","0","","8"
"202207","출입국","기타","41","10","0","0","0","0","","56"
"202207","출입국","난민","23","0","0","0","0","0","","23"
"202207","출입국","불편/개선건의","1","1","0","0","0","0","","2"
"202207","출입국","사증변경","37","9","0","0","0","0","","48"
"202207","출입국","사증연장","79","13","0","0","0","0","","103"
"202207","출입국","사증자격","33","4","0","0","0","0","","42"
"202207","출입국","사증취득","17","4","1","0","0","0","","22"
"202207","출입국","외국인등록증","68","8","0","0","0","0","","78"
"202207","출입국","초청","15","3","0","0","0","0","","18"
"202207","출입국","출국/입국","62","12","0","0","0","0","","78"
"202207","행정","공증","1","1","0","0","0","0","","2"
"202207","행정","기타","11","1","0","0","0","0","","12"
"202207","행정","불편/개선건의","0","0","0","0","0","0","","0"
"202207","행정","세무","30","1","0","0","0","0","","31"
"202207","행정","소비자상담","3","0","0","0","0","0","","3"
"202207","행정","쓰레기처리","0","0","0","0","0","0","","1"
"202207","행정","여권","10","2","0","0","0","0","","12"
"202207","행정","운전면허","52","20","0","0","0","0","","76"
"202207","행정","인감","1","0","0","0","0","0","","1"
"202207","행정","일반법률","46","16","1","0","0","0","","63"
"202207","행정","자동차관련","3","0","1","0","0","0","","4"
"202207","행정","출생 및 사망","2","0","1","0","0","0","","3"
"202207","행정","행정기관","44","5","1","0","0","0","","51"
"202207","행정","행정소송","3","0","0","0","0","0","","3"
"202207","행정","혼인관계","4","0","7","0","0","0","","11"
"202206","교육","교육기관","14","2","0","0","0","0","","16"
"202206","교육","기타","2","6","0","0","0","0","","8"
"202206","교육","보육시설","2","0","0","0","0","0","","2"
"202206","교육","불편/개선건의","1","0","0","0","0","0","","1"
"202206","교육","일반교육","12","3","0","0","0","0","","15"
"202206","교육","한국어교육","56","19","7","0","0","0","","89"
"202206","교통","기타","1","1","0","0","0","0","","2"
"202206","교통","대중교통","2","0","0","0","0","0","","2"
"202206","교통","불편/개선건의","0","0","0","0","0","0","","0"
"202206","교통","유실물","3","0","0","0","0","0","","3"
"202206","교통","항공 및 선박","1","0","0","0","0","0","","1"
"202206","금융","기타","2","0","0","0","0","0","","2"
"202206","금융","불편/개선건의","0","0","0","0","0","0","","0"
"202206","금융","신용카드","2","0","0","0","0","0","","2"
"202206","금융","은행업무","11","7","0","0","0","0","","18"
"202206","기타","기타","37","8","4","0","0","0","","49"
"202206","기타","렌탈","0","0","0","0","0","0","","0"
"202206","기타","매매/교환","0","0","0","0","0","0","","0"
"202206","기타","불편/개선건의","0","0","0","0","0","0","","0"
"202206","기타","센터안내","32","11","6","0","0","0","","62"
"202206","기타","통역","45","1","1","0","0","0","","51"
"202206","노무","고용보험","2","0","0","0","0","0","","2"
"202206","노무","구인","5","0","0","0","0","0","","5"
"202206","노무","구직","23","5","0","0","0","0","","29"
"202206","노무","근로자교육","9","0","0","0","0","0","","9"
"202206","노무","근로조건","31","2","0","0","0","0","","33"
"202206","노무","급여","68","26","0","0","0","0","","97"
"202206","노무","기타","57","1","5","0","0","0","","65"
"202206","노무","부당해고","1","1","0","0","0","0","","3"
"202206","노무","불편/개선건의","4","0","0","0","0","0","","4"
"202206","노무","사업장변경","44","0","0","0","0","0","","44"
"202206","노무","사업장이탈","1","0","0","0","0","0","","1"
"202206","노무","산재보험","13","0","0","0","0","0","","13"
"202206","노무","외국근로자보험","49","46","1","0","0","0","","96"
"202206","노무","재고용","36","1","0","0","0","0","","37"
"202206","노무","체불임금","22","9","0","0","0","0","","31"
"202206","문화/관광","교류/행사","0","1","0","0","0","0","","1"
"202206","문화/관광","기타","1","1","0","0","0","0","","2"
"202206","문화/관광","불편/개선건의","0","0","0","0","0","0","","0"
"202206","문화/관광","여행/관광","8","1","0","0","0","0","","9"
"202206","문화/관광","자원봉사","2","2","0","0","0","0","","4"
"202206","문화/관광","종교","0","0","0","0","0","0","","0"
"202206","보건/복지","건강보험","26","3","0","0","0","0","","29"
"202206","보건/복지","국민연금","18","17","1","0","0","0","","36"
"202206","보건/복지","기타","20","5","0","0","0","0","","25"
"202206","보건/복지","동물병원","0","0","0","0","0","0","","0"
"202206","보건/복지","무료진료","0","0","0","0","0","0","","0"
"202206","보건/복지","방역","68","7","0","0","0","0","","79"
"202206","보건/복지","불편/개선건의","0","0","0","0","0","0","","0"
"202206","보건/복지","사보험","0","0","0","0","0","0","","0"
"202206","보건/복지","사회복지","3","0","0","0","0","0","","3"
"202206","보건/복지","심리상담","18","29","10","0","0","0","","58"
"202206","보건/복지","의료기관","41","1","0","0","0","0","","43"
"202206","보건/복지","재난지원금","3","0","0","0","0","0","","3"
"202206","보건/복지","중국어 심리상담","3","10","0","0","0","0","","13"
"202206","비즈니스","FDI/금융","0","0","0","0","0","0","","0"
"202206","비즈니스","관세/통관","0","0","0","0","0","0","","0"
"202206","비즈니스","기타","2","0","0","0","0","0","","2"
"202206","비즈니스","노무/인사","0","0","0","0","0","0","","0"
"202206","비즈니스","마케팅","0","0","0","0","0","0","","0"
"202206","비즈니스","무역특화","0","0","0","0","0","0","","0"
"202206","비즈니스","법률/상법","2","3","0","0","0","0","","5"
"202206","비즈니스","불편/개선건의","0","0","0","0","0","0","","0"
"202206","비즈니스","비자","0","0","0","0","0","0","","0"
"202206","비즈니스","비즈네트워킹","0","0","0","0","0","0","","0"
"202206","비즈니스","비즈한국어","0","0","0","0","0","0","","0"
"202206","비즈니스","세금","1","0","0","0","0","0","","1"
"202206","비즈니스","인허가","0","0","0","0","0","0","","0"
"202206","비즈니스","지식재산권","0","1","0","0","0","0","","1"
"202206","비즈니스","창업교육","2","0","0","0","0","0","","2"
"202206","비즈니스","창업보육","0","0","0","0","0","0","","0"
"202206","비즈니스","창업일반","4","0","0","0","0","0","","4"
"202206","비즈니스","회사설립","2","0","0","0","0","0","","2"
"202206","안전","교통사고","9","1","0","0","0","0","","10"
"202206","안전","기타","2","1","0","0","0","0","","3"
"202206","안전","민사사건","6","2","0","0","0","0","","8"
"202206","안전","불편/개선건의","0","0","0","0","0","0","","0"
"202206","안전","일반사고","4","0","0","0","0","0","","4"
"202206","안전","재난/재해","0","0","0","0","0","0","","0"
"202206","안전","형사사건","24","5","0","0","0","0","","30"
"202206","여성/가족","가정폭력","0","0","0","0","0","0","","0"
"202206","여성/가족","가족상담","4","1","0","0","0","0","","5"
"202206","여성/가족","기타","1","0","0","0","0","0","","1"
"202206","여성/가족","불편/개선건의","0","0","0","0","0","0","","0"
"202206","여성/가족","이혼","14","4","0","0","0","0","","18"
"202206","여성/가족","임신/출산","0","0","0","0","0","0","","0"
"202206","정보통신","기타","0","0","0","0","0","0","","0"
"202206","정보통신","불편/개선건의","0","0","0","0","0","0","","0"
"202206","정보통신","우편/택배등","0","0","0","0","0","0","","0"
"202206","정보통신","인터넷","6","0","0","0","0","0","","6"
"202206","정보통신","전화","1","0","0","0","0","0","","1"
"202206","정보통신","케이블/위성TV","0","0","0","0","0","0","","0"
"202206","정보통신","휴대폰","8","2","0","0","0","0","","10"
"202206","주거","공과금","0","0","0","0","0","0","","1"
"202206","주거","기타","7","3","0","0","0","0","","10"
"202206","주거","부동산매매","4","0","0","0","0","0","","4"
"202206","주거","부동산임대","18","1","0","0","0","0","","19"
"202206","주거","불편/개선건의","0","0","0","0","0","0","","0"
"202206","주거","이사","3","1","0","0","0","0","","4"
"202206","주거","주거관련분쟁","5","1","1","0","0","0","","7"
"202206","출입국","검역/세관","6","0","0","0","0","0","","6"
"202206","출입국","귀화/영주권","11","7","0","0","0","0","","18"
"202206","출입국","기타","64","10","0","0","0","0","","74"
"202206","출입국","난민","3","2","0","0","0","0","","5"
"202206","출입국","불편/개선건의","0","0","0","0","0","0","","0"
"202206","출입국","사증변경","47","17","0","0","0","0","","66"
"202206","출입국","사증연장","70","14","0","0","0","0","","85"
"202206","출입국","사증자격","30","6","0","0","0","0","","38"
"202206","출입국","사증취득","13","2","0","0","0","0","","16"
"202206","출입국","외국인등록증","44","6","1","0","0","0","","51"
"202206","출입국","초청","29","1","0","0","0","0","","30"
"202206","출입국","출국/입국","77","16","0","0","0","0","","99"
"202206","행정","공증","1","0","1","0","0","0","","2"
"202206","행정","기타","12","10","1","0","0","0","","23"
"202206","행정","불편/개선건의","1","0","0","0","0","0","","1"
"202206","행정","세무","38","3","0","0","0","0","","41"
"202206","행정","소비자상담","0","1","0","0","0","0","","1"
"202206","행정","쓰레기처리","1","1","0","0","0","0","","2"
"202206","행정","여권","7","0","0","0","0","0","","7"
"202206","행정","운전면허","49","20","0","0","0","0","","70"
"202206","행정","인감","2","0","0","0","0","0","","2"
"202206","행정","일반법률","45","14","2","0","0","0","","61"
"202206","행정","자동차관련","3","1","0","0","0","0","","4"
"202206","행정","출생 및 사망","1","0","0","0","0","0","","1"
"202206","행정","행정기관","47","4","0","0","0","0","","51"
"202206","행정","행정소송","1","0","0","0","0","0","","1"
"202206","행정","혼인관계","7","1","4","0","0","0","","12"
"202205","교육","교육기관","6","2","0","0","0","0","","8"
"202205","교육","기타","8","0","0","0","0","0","","8"
"202205","교육","보육시설","1","1","0","0","0","0","","2"
"202205","교육","불편/개선건의","0","0","0","0","0","0","","0"
"202205","교육","일반교육","3","4","1","0","0","0","","8"
"202205","교육","한국어교육","72","12","4","0","0","0","","91"
"202205","교통","기타","1","0","0","0","0","0","","1"
"202205","교통","대중교통","6","1","0","0","0","0","","7"
"202205","교통","불편/개선건의","0","0","0","0","0","0","","0"
"202205","교통","유실물","3","0","0","0","0","0","","3"
"202205","교통","항공 및 선박","8","1","0","0","0","0","","9"
"202205","금융","기타","2","0","0","0","0","0","","2"
"202205","금융","불편/개선건의","0","0","0","0","0","0","","0"
"202205","금융","신용카드","1","1","0","0","0","0","","2"
"202205","금융","은행업무","20","2","0","0","0","0","","22"
"202205","기타","기타","31","2","1","0","0","0","","34"
"202205","기타","렌탈","0","0","0","0","0","0","","0"
"202205","기타","매매/교환","0","0","0","0","0","0","","0"
"202205","기타","불편/개선건의","1","0","0","0","0","0","","1"
"202205","기타","센터안내","44","4","1","0","0","0","","53"
"202205","기타","통역","55","5","1","0","0","0","","65"
"202205","노무","고용보험","6","0","0","0","0","0","","6"
"202205","노무","구인","1","0","0","0","0","0","","1"
"202205","노무","구직","19","2","0","0","0","0","","21"
"202205","노무","근로자교육","7","0","0","0","0","0","","7"
"202205","노무","근로조건","40","4","2","0","0","0","","46"
"202205","노무","급여","69","12","0","0","0","0","","84"
"202205","노무","기타","49","6","1","0","0","0","","57"
"202205","노무","부당해고","7","1","0","0","0","0","","8"
"202205","노무","불편/개선건의","2","0","0","0","0","0","","2"
"202205","노무","사업장변경","38","0","0","0","0","0","","38"
"202205","노무","사업장이탈","0","0","0","0","0","0","","0"
"202205","노무","산재보험","6","0","0","0","0","0","","6"
"202205","노무","외국근로자보험","44","10","0","0","0","0","","55"
"202205","노무","재고용","33","1","0","0","0","0","","35"
"202205","노무","체불임금","14","4","0","0","0","0","","18"
"202205","문화/관광","교류/행사","1","1","0","0","0","0","","2"
"202205","문화/관광","기타","1","0","0","0","0","0","","1"
"202205","문화/관광","불편/개선건의","0","0","0","0","0","0","","0"
"202205","문화/관광","여행/관광","6","0","0","0","0","0","","6"
"202205","문화/관광","자원봉사","3","0","0","0","0","0","","3"
"202205","문화/관광","종교","0","0","0","0","0","0","","0"
"202205","보건/복지","건강보험","50","7","0","0","0","0","","58"
"202205","보건/복지","국민연금","34","4","0","0","0","0","","38"
"202205","보건/복지","기타","28","2","0","0","0","0","","30"
"202205","보건/복지","동물병원","0","0","0","0","0","0","","0"
"202205","보건/복지","무료진료","0","0","0","0","0","0","","0"
"202205","보건/복지","방역","119","11","0","0","0","0","","133"
"202205","보건/복지","불편/개선건의","2","0","0","0","0","0","","2"
"202205","보건/복지","사보험","0","0","0","0","0","0","","0"
"202205","보건/복지","사회복지","9","0","0","0","0","0","","9"
"202205","보건/복지","심리상담","17","22","11","0","0","0","","50"
"202205","보건/복지","의료기관","27","0","0","0","0","0","","27"
"202205","보건/복지","재난지원금","0","0","0","0","0","0","","0"
"202205","보건/복지","중국어 심리상담","3","5","0","0","0","0","","8"
"202205","비즈니스","FDI/금융","0","0","0","0","0","0","","0"
"202205","비즈니스","관세/통관","0","0","0","0","0","0","","0"
"202205","비즈니스","기타","0","0","0","0","0","0","","0"
"202205","비즈니스","노무/인사","0","0","0","0","0","0","","0"
"202205","비즈니스","마케팅","0","1","0","0","0","0","","1"
"202205","비즈니스","무역특화","0","0","0","0","0","0","","0"
"202205","비즈니스","법률/상법","0","0","0","0","0","0","","0"
"202205","비즈니스","불편/개선건의","0","0","0","0","0","0","","0"
"202205","비즈니스","비자","0","0","0","0","0","0","","0"
"202205","비즈니스","비즈네트워킹","0","0","0","0","0","0","","0"
"202205","비즈니스","비즈한국어","0","0","0","0","0","0","","0"
"202205","비즈니스","세금","0","0","0","0","0","0","","0"
"202205","비즈니스","인허가","0","0","0","0","0","0","","0"
"202205","비즈니스","지식재산권","0","1","0","0","0","0","","1"
"202205","비즈니스","창업교육","1","1","0","0","0","0","","2"
"202205","비즈니스","창업보육","0","0","0","0","0","0","","0"
"202205","비즈니스","창업일반","4","2","0","0","0","0","","6"
"202205","비즈니스","회사설립","0","0","0","0","0","0","","0"
"202205","안전","교통사고","2","0","0","0","0","0","","2"
"202205","안전","기타","12","0","2","0","0","0","","14"
"202205","안전","민사사건","5","0","0","0","0","0","","5"
"202205","안전","불편/개선건의","1","1","0","0","0","0","","2"
"202205","안전","일반사고","4","0","0","0","0","0","","4"
"202205","안전","재난/재해","0","0","0","0","0","0","","0"
"202205","안전","형사사건","12","4","1","0","0","0","","17"
"202205","여성/가족","가정폭력","3","0","0","0","0","0","","3"
"202205","여성/가족","가족상담","4","0","0","0","0","0","","4"
"202205","여성/가족","기타","2","2","0","0","0","0","","4"
"202205","여성/가족","불편/개선건의","0","0","0","0","0","0","","0"
"202205","여성/가족","이혼","4","2","0","0","0","0","","6"
"202205","여성/가족","임신/출산","0","0","0","0","0","0","","0"
"202205","정보통신","기타","0","0","0","0","0","0","","0"
"202205","정보통신","불편/개선건의","0","0","0","0","0","0","","0"
"202205","정보통신","우편/택배등","2","0","0","0","0","0","","2"
"202205","정보통신","인터넷","2","0","0","0","0","0","","2"
"202205","정보통신","전화","0","0","0","0","0","0","","0"
"202205","정보통신","케이블/위성TV","0","0","0","0","0","0","","0"
"202205","정보통신","휴대폰","1","2","0","0","0","0","","3"
"202205","주거","공과금","0","0","0","0","0","0","","0"
"202205","주거","기타","11","1","0","0","0","0","","12"
"202205","주거","부동산매매","1","0","0","0","0","0","","1"
"202205","주거","부동산임대","12","3","0","0","0","0","","15"
"202205","주거","불편/개선건의","0","0","0","0","0","0","","0"
"202205","주거","이사","0","0","0","0","0","0","","0"
"202205","주거","주거관련분쟁","6","0","0","0","0","0","","6"
"202205","출입국","검역/세관","0","1","0","0","0","0","","1"
"202205","출입국","귀화/영주권","15","5","0","0","0","0","","20"
"202205","출입국","기타","50","12","1","0","0","0","","63"
"202205","출입국","난민","1","0","0","0","0","0","","1"
"202205","출입국","불편/개선건의","0","0","0","0","0","0","","1"
"202205","출입국","사증변경","54","6","0","0","0","0","","60"
"202205","출입국","사증연장","104","21","0","0","0","0","","126"
"202205","출입국","사증자격","38","5","2","0","0","0","","45"
"202205","출입국","사증취득","11","3","0","0","0","0","","15"
"202205","출입국","외국인등록증","50","8","0","0","0","0","","58"
"202205","출입국","초청","16","3","0","0","0","0","","19"
"202205","출입국","출국/입국","59","10","0","0","0","0","","71"
"202205","행정","공증","2","0","0","0","0","0","","2"
"202205","행정","기타","15","1","0","0","0","0","","16"
"202205","행정","불편/개선건의","0","0","0","0","0","0","","0"
"202205","행정","세무","75","7","0","0","0","0","","84"
"202205","행정","소비자상담","0","0","0","0","0","0","","0"
"202205","행정","쓰레기처리","0","0","1","0","0","0","","1"
"202205","행정","여권","8","2","0","0","0","0","","10"
"202205","행정","운전면허","50","21","1","0","0","0","","72"
"202205","행정","인감","0","0","0","0","0","0","","0"
"202205","행정","일반법률","57","8","0","0","0","0","","65"
"202205","행정","자동차관련","3","0","0","0","0","0","","3"
"202205","행정","출생 및 사망","4","0","1","0","0","0","","5"
"202205","행정","행정기관","66","1","1","0","0","0","","68"
"202205","행정","행정소송","0","0","0","0","0","0","","0"
"202205","행정","혼인관계","4","1","1","0","0","0","","6"
"202204","교육","교육기관","7","0","0","0","0","0","","7"
"202204","교육","기타","8","2","0","0","0","0","","10"
"202204","교육","보육시설","2","0","0","0","0","0","","2"
"202204","교육","불편/개선건의","0","0","0","0","0","0","","0"
"202204","교육","일반교육","3","2","0","0","0","0","","5"
"202204","교육","한국어교육","40","7","86","0","0","0","","134"
"202204","교통","기타","0","0","0","0","0","0","","0"
"202204","교통","대중교통","1","0","0","0","0","0","","1"
"202204","교통","불편/개선건의","0","0","0","0","0","0","","0"
"202204","교통","유실물","1","0","0","0","0","0","","1"
"202204","교통","항공 및 선박","5","1","0","0","0","0","","6"
"202204","금융","기타","1","1","0","0","0","0","","2"
"202204","금융","불편/개선건의","1","1","0","0","0","0","","2"
"202204","금융","신용카드","1","0","0","0","0","0","","1"
"202204","금융","은행업무","29","1","0","0","0","0","","30"
"202204","기타","기타","22","3","4","0","0","0","","29"
"202204","기타","렌탈","0","0","0","0","0","0","","0"
"202204","기타","매매/교환","0","0","0","0","0","0","","0"
"202204","기타","불편/개선건의","1","0","0","0","0","0","","1"
"202204","기타","센터안내","30","0","0","0","0","0","","35"
"202204","기타","통역","66","2","0","0","0","0","","70"
"202204","노무","고용보험","4","0","0","0","0","0","","4"
"202204","노무","구인","5","0","0","0","0","0","","5"
"202204","노무","구직","10","3","1","0","0","0","","14"
"202204","노무","근로자교육","12","0","0","0","0","0","","12"
"202204","노무","근로조건","52","0","0","0","0","0","","54"
"202204","노무","급여","84","9","0","0","0","0","","96"
"202204","노무","기타","39","3","0","0","0","0","","43"
"202204","노무","부당해고","2","2","0","0","0","0","","4"
"202204","노무","불편/개선건의","5","0","0","0","0","0","","5"
"202204","노무","사업장변경","28","3","0","0","0","0","","33"
"202204","노무","사업장이탈","2","0","0","0","0","0","","2"
"202204","노무","산재보험","8","1","0","0","0","0","","10"
"202204","노무","외국근로자보험","60","21","0","0","0","0","","83"
"202204","노무","재고용","58","0","0","0","0","0","","59"
"202204","노무","체불임금","26","7","0","0","0","0","","33"
"202204","문화/관광","교류/행사","6","2","0","0","0","0","","8"
"202204","문화/관광","기타","2","0","0","0","0","0","","2"
"202204","문화/관광","불편/개선건의","0","0","0","0","0","0","","0"
"202204","문화/관광","여행/관광","3","0","0","0","0","0","","3"
"202204","문화/관광","자원봉사","2","1","0","0","0","0","","3"
"202204","문화/관광","종교","0","0","0","0","0","0","","0"
"202204","보건/복지","건강보험","40","2","1","0","0","0","","45"
"202204","보건/복지","국민연금","31","12","0","0","0","0","","43"
"202204","보건/복지","기타","1","0","0","0","0","0","","1"
"202204","보건/복지","동물병원","0","0","0","0","0","0","","0"
"202204","보건/복지","무료진료","2","0","0","0","0","0","","2"
"202204","보건/복지","방역","172","7","0","0","0","0","","188"
"202204","보건/복지","불편/개선건의","0","0","0","0","0","0","","0"
"202204","보건/복지","사보험","1","0","0","0","0","0","","1"
"202204","보건/복지","사회복지","13","0","0","0","0","0","","13"
"202204","보건/복지","심리상담","14","30","14","0","0","0","","58"
"202204","보건/복지","의료기관","48","2","0","0","0","0","","52"
"202204","보건/복지","재난지원금","9","0","0","0","0","0","","9"
"202204","보건/복지","중국어 심리상담","15","10","0","0","0","0","","25"
"202204","비즈니스","FDI/금융","0","0","0","0","0","0","","0"
"202204","비즈니스","관세/통관","0","0","0","0","0","0","","0"
"202204","비즈니스","기타","1","0","0","0","0","0","","1"
"202204","비즈니스","노무/인사","0","0","0","0","0","0","","0"
"202204","비즈니스","마케팅","0","0","0","0","0","0","","0"
"202204","비즈니스","무역특화","0","0","0","0","0","0","","0"
"202204","비즈니스","법률/상법","0","0","0","0","0","0","","0"
"202204","비즈니스","불편/개선건의","0","0","0","0","0","0","","0"
"202204","비즈니스","비자","0","0","0","0","0","0","","0"
"202204","비즈니스","비즈네트워킹","0","0","0","0","0","0","","0"
"202204","비즈니스","비즈한국어","0","0","0","0","0","0","","0"
"202204","비즈니스","세금","0","0","0","0","0","0","","0"
"202204","비즈니스","인허가","0","0","0","0","0","0","","0"
"202204","비즈니스","지식재산권","0","0","0","0","0","0","","0"
"202204","비즈니스","창업교육","2","0","0","0","0","0","","2"
"202204","비즈니스","창업보육","0","0","0","0","0","0","","0"
"202204","비즈니스","창업일반","6","0","0","0","0","0","","6"
"202204","비즈니스","회사설립","1","1","0","0","0","0","","2"
"202204","안전","교통사고","2","0","0","0","0","0","","2"
"202204","안전","기타","1","0","0","0","0","0","","1"
"202204","안전","민사사건","7","1","0","0","0","0","","8"
"202204","안전","불편/개선건의","1","0","0","0","0","0","","1"
"202204","안전","일반사고","1","0","0","0","0","0","","1"
"202204","안전","재난/재해","1","0","0","0","0","0","","1"
"202204","안전","형사사건","10","1","0","0","0","0","","11"
"202204","여성/가족","가정폭력","0","0","0","0","0","0","","1"
"202204","여성/가족","가족상담","1","0","0","0","0","0","","1"
"202204","여성/가족","기타","1","0","0","0","0","0","","1"
"202204","여성/가족","불편/개선건의","0","0","0","0","0","0","","0"
"202204","여성/가족","이혼","5","0","0","0","0","0","","5"
"202204","여성/가족","임신/출산","1","0","0","0","0","0","","1"
"202204","정보통신","기타","0","0","0","0","0","0","","0"
"202204","정보통신","불편/개선건의","0","0","0","0","0","0","","0"
"202204","정보통신","우편/택배등","5","1","0","0","0","0","","6"
"202204","정보통신","인터넷","0","1","0","0","0","0","","1"
"202204","정보통신","전화","0","0","1","0","0","0","","1"
"202204","정보통신","케이블/위성TV","0","0","0","0","0","0","","0"
"202204","정보통신","휴대폰","8","1","0","0","0","0","","10"
"202204","주거","공과금","2","0","0","0","0","0","","2"
"202204","주거","기타","5","0","0","0","0","0","","5"
"202204","주거","부동산매매","3","0","0","0","0","0","","3"
"202204","주거","부동산임대","31","2","0","0","0","0","","33"
"202204","주거","불편/개선건의","1","0","0","0","0","0","","1"
"202204","주거","이사","3","0","0","0","0","0","","3"
"202204","주거","주거관련분쟁","12","0","0","0","0","0","","12"
"202204","출입국","검역/세관","0","0","0","0","0","0","","0"
"202204","출입국","귀화/영주권","7","4","0","0","0","0","","11"
"202204","출입국","기타","25","13","1","0","0","0","","39"
"202204","출입국","난민","0","0","0","0","0","0","","0"
"202204","출입국","불편/개선건의","2","0","0","0","0","0","","2"
"202204","출입국","사증변경","35","4","0","0","0","0","","40"
"202204","출입국","사증연장","145","31","0","0","0","0","","179"
"202204","출입국","사증자격","38","5","0","0","0","0","","50"
"202204","출입국","사증취득","11","3","0","0","0","0","","14"
"202204","출입국","외국인등록증","51","6","0","0","0","0","","57"
"202204","출입국","초청","10","1","0","0","0","0","","11"
"202204","출입국","출국/입국","80","27","0","0","0","0","","117"
"202204","행정","공증","0","1","0","0","0","0","","1"
"202204","행정","기타","14","2","1","0","0","0","","17"
"202204","행정","불편/개선건의","1","0","0","0","0","0","","1"
"202204","행정","세무","33","3","0","0","0","0","","37"
"202204","행정","소비자상담","2","0","0","0","0","0","","2"
"202204","행정","쓰레기처리","3","0","0","0","0","0","","3"
"202204","행정","여권","18","6","0","0","0","0","","24"
"202204","행정","운전면허","50","17","1","0","0","0","","68"
"202204","행정","인감","0","0","0","0","0","0","","0"
"202204","행정","일반법률","55","5","1","0","0","0","","61"
"202204","행정","자동차관련","7","0","0","0","0","0","","7"
"202204","행정","출생 및 사망","4","0","1","0","0","0","","5"
"202204","행정","행정기관","48","3","1","0","0","0","","53"
"202204","행정","행정소송","0","0","0","0","0","0","","0"
"202204","행정","혼인관계","4","0","6","0","0","0","","10"
"202203","교육","교육기관","10","0","0","0","0","0","","10"
"202203","교육","기타","4","1","0","0","0","0","","5"
"202203","교육","보육시설","5","0","0","0","0","0","","5"
"202203","교육","불편/개선건의","0","0","0","0","0","0","","0"
"202203","교육","일반교육","11","5","0","0","0","0","","16"
"202203","교육","한국어교육","119","9","0","0","0","0","","129"
"202203","교통","기타","2","0","0","0","0","0","","2"
"202203","교통","대중교통","2","0","0","0","0","0","","2"
"202203","교통","불편/개선건의","0","0","0","0","0","0","","0"
"202203","교통","유실물","0","0","0","0","0","0","","0"
"202203","교통","항공 및 선박","5","0","0","0","0","0","","5"
"202203","금융","기타","0","0","0","0","0","0","","0"
"202203","금융","불편/개선건의","0","0","0","0","0","0","","0"
"202203","금융","신용카드","1","0","0","0","0","0","","1"
"202203","금융","은행업무","14","1","1","0","0","0","","16"
"202203","기타","기타","41","1","4","0","0","0","","47"
"202203","기타","렌탈","0","0","0","0","0","0","","0"
"202203","기타","매매/교환","0","0","0","0","0","0","","0"
"202203","기타","불편/개선건의","1","0","0","0","0","0","","1"
"202203","기타","센터안내","34","0","0","0","0","0","","39"
"202203","기타","통역","94","6","0","0","0","0","","102"
"202203","노무","고용보험","4","0","0","0","0","0","","4"
"202203","노무","구인","2","0","0","0","0","0","","2"
"202203","노무","구직","21","0","0","0","0","0","","25"
"202203","노무","근로자교육","15","0","0","0","0","0","","15"
"202203","노무","근로조건","46","2","1","0","0","0","","49"
"202203","노무","급여","94","9","0","0","0","0","","104"
"202203","노무","기타","52","0","0","0","0","0","","54"
"202203","노무","부당해고","7","0","0","0","0","0","","7"
"202203","노무","불편/개선건의","6","0","0","0","0","0","","6"
"202203","노무","사업장변경","33","1","0","0","0","0","","35"
"202203","노무","사업장이탈","2","0","0","0","0","0","","2"
"202203","노무","산재보험","10","0","0","0","0","0","","10"
"202203","노무","외국근로자보험","42","8","0","0","0","0","","50"
"202203","노무","재고용","86","0","0","0","0","0","","93"
"202203","노무","체불임금","40","3","0","0","0","0","","43"
"202203","문화/관광","교류/행사","0","0","0","0","0","0","","0"
"202203","문화/관광","기타","0","0","0","0","0","0","","0"
"202203","문화/관광","불편/개선건의","0","0","0","0","0","0","","0"
"202203","문화/관광","여행/관광","2","2","0","0","0","0","","4"
"202203","문화/관광","자원봉사","1","2","0","0","0","0","","4"
"202203","문화/관광","종교","0","0","0","0","0","0","","0"
"202203","보건/복지","건강보험","51","3","0","0","0","0","","57"
"202203","보건/복지","국민연금","36","5","0","0","0","0","","41"
"202203","보건/복지","기타","12","0","0","0","0","0","","12"
"202203","보건/복지","동물병원","0","0","0","0","0","0","","0"
"202203","보건/복지","무료진료","1","0","0","0","0","0","","1"
"202203","보건/복지","방역","237","6","1","0","0","0","","258"
"202203","보건/복지","불편/개선건의","2","0","0","0","0","0","","2"
"202203","보건/복지","사보험","5","0","0","0","0","0","","5"
"202203","보건/복지","사회복지","26","3","0","0","0","0","","29"
"202203","보건/복지","심리상담","23","29","8","0","0","0","","60"
"202203","보건/복지","의료기관","48","1","0","0","0","0","","56"
"202203","보건/복지","재난지원금","18","0","0","0","0","0","","18"
"202203","보건/복지","중국어 심리상담","25","9","0","0","0","0","","34"
"202203","비즈니스","FDI/금융","0","0","0","0","0","0","","0"
"202203","비즈니스","관세/통관","0","0","0","0","0","0","","0"
"202203","비즈니스","기타","1","0","0","0","0","0","","1"
"202203","비즈니스","노무/인사","0","0","0","0","0","0","","0"
"202203","비즈니스","마케팅","0","1","0","0","0","0","","1"
"202203","비즈니스","무역특화","0","0","0","0","0","0","","0"
"202203","비즈니스","법률/상법","1","0","0","0","0","0","","1"
"202203","비즈니스","불편/개선건의","0","0","0","0","0","0","","0"
"202203","비즈니스","비자","0","0","0","0","0","0","","0"
"202203","비즈니스","비즈네트워킹","0","0","0","0","0","0","","0"
"202203","비즈니스","비즈한국어","0","0","0","0","0","0","","0"
"202203","비즈니스","세금","1","0","0","0","0","0","","1"
"202203","비즈니스","인허가","0","0","0","0","0","0","","0"
"202203","비즈니스","지식재산권","0","0","0","0","0","0","","0"
"202203","비즈니스","창업교육","2","0","0","0","0","0","","2"
"202203","비즈니스","창업보육","0","0","0","0","0","0","","0"
"202203","비즈니스","창업일반","3","3","0","0","0","0","","6"
"202203","비즈니스","회사설립","0","0","0","0","0","0","","0"
"202203","안전","교통사고","3","0","0","0","0","0","","3"
"202203","안전","기타","3","1","0","0","0","0","","4"
"202203","안전","민사사건","4","0","0","0","0","0","","4"
"202203","안전","불편/개선건의","1","0","0","0","0","0","","1"
"202203","안전","일반사고","0","0","0","0","0","0","","0"
"202203","안전","재난/재해","1","0","0","0","0","0","","1"
"202203","안전","형사사건","27","3","0","0","0","0","","30"
"202203","여성/가족","가정폭력","2","0","0","0","0","0","","2"
"202203","여성/가족","가족상담","1","0","0","0","0","0","","1"
"202203","여성/가족","기타","1","0","0","0","0","0","","1"
"202203","여성/가족","불편/개선건의","0","0","0","0","0","0","","0"
"202203","여성/가족","이혼","16","2","1","0","0","0","","19"
"202203","여성/가족","임신/출산","0","0","0","0","0","0","","0"
"202203","정보통신","기타","0","0","0","0","0","0","","0"
"202203","정보통신","불편/개선건의","0","0","0","0","0","0","","0"
"202203","정보통신","우편/택배등","6","0","0","0","0","0","","9"
"202203","정보통신","인터넷","4","0","0","0","0","0","","4"
"202203","정보통신","전화","0","0","0","0","0","0","","0"
"202203","정보통신","케이블/위성TV","0","0","0","0","0","0","","0"
"202203","정보통신","휴대폰","5","1","0","0","0","0","","6"
"202203","주거","공과금","1","0","0","0","0","0","","1"
"202203","주거","기타","4","0","0","0","0","0","","4"
"202203","주거","부동산매매","3","1","0","0","0","0","","4"
"202203","주거","부동산임대","12","0","0","0","0","0","","12"
"202203","주거","불편/개선건의","0","0","0","0","0","0","","0"
"202203","주거","이사","1","0","0","0","0","0","","1"
"202203","주거","주거관련분쟁","9","1","0","0","0","0","","10"
"202203","출입국","검역/세관","1","0","0","0","0","0","","1"
"202203","출입국","귀화/영주권","20","8","0","0","0","0","","28"
"202203","출입국","기타","54","9","0","0","0","0","","66"
"202203","출입국","난민","0","2","0","0","0","0","","2"
"202203","출입국","불편/개선건의","1","0","0","0","0","0","","1"
"202203","출입국","사증변경","59","6","1","0","0","0","","68"
"202203","출입국","사증연장","205","33","0","0","0","0","","247"
"202203","출입국","사증자격","55","7","0","0","0","0","","70"
"202203","출입국","사증취득","11","2","0","0","0","0","","14"
"202203","출입국","외국인등록증","35","7","0","0","0","0","","43"
"202203","출입국","초청","21","4","0","0","0","0","","25"
"202203","출입국","출국/입국","106","23","0","0","0","0","","134"
"202203","행정","공증","3","0","0","0","0","0","","3"
"202203","행정","기타","21","4","0","0","0","0","","25"
"202203","행정","불편/개선건의","0","0","0","0","0","0","","0"
"202203","행정","세무","31","0","1","0","0","0","","33"
"202203","행정","소비자상담","1","0","0","0","0","0","","1"
"202203","행정","쓰레기처리","0","0","0","0","0","0","","0"
"202203","행정","여권","15","9","0","0","0","0","","24"
"202203","행정","운전면허","56","14","0","0","0","0","","70"
"202203","행정","인감","0","0","0","0","0","0","","0"
"202203","행정","일반법률","57","4","3","0","0","0","","64"
"202203","행정","자동차관련","5","0","0","0","0","0","","5"
"202203","행정","출생 및 사망","4","0","0","0","0","0","","4"
"202203","행정","행정기관","86","2","1","0","0","0","","90"
"202203","행정","행정소송","0","1","0","0","0","0","","1"
"202203","행정","혼인관계","4","2","7","0","0","0","","13"
"202202","교육","교육기관","8","1","0","0","0","0","","9"
"202202","교육","기타","3","0","1","0","0","0","","4"
"202202","교육","보육시설","1","0","0","0","0","0","","1"
"202202","교육","불편/개선건의","0","0","0","0","0","0","","0"
"202202","교육","일반교육","7","1","0","0","0","0","","9"
"202202","교육","한국어교육","109","9","0","0","0","0","","124"
"202202","교통","기타","1","0","0","0","0","0","","1"
"202202","교통","대중교통","2","0","0","0","0","0","","2"
"202202","교통","불편/개선건의","0","0","0","0","0","0","","0"
"202202","교통","유실물","0","0","0","0","0","0","","0"
"202202","교통","항공 및 선박","1","1","0","0","0","0","","2"
"202202","금융","기타","0","1","0","0","0","0","","1"
"202202","금융","불편/개선건의","0","0","0","0","0","0","","0"
"202202","금융","신용카드","0","0","0","0","0","0","","0"
"202202","금융","은행업무","17","2","0","0","0","0","","20"
"202202","기타","기타","31","2","1","0","0","0","","35"
"202202","기타","렌탈","0","0","0","0","0","0","","0"
"202202","기타","매매/교환","0","0","0","0","0","0","","0"
"202202","기타","불편/개선건의","1","0","0","0","0","0","","1"
"202202","기타","센터안내","19","0","1","0","0","0","","21"
"202202","기타","통역","72","3","0","0","0","0","","76"
"202202","노무","고용보험","5","0","0","0","0","0","","5"
"202202","노무","구인","3","0","0","0","0","0","","4"
"202202","노무","구직","14","0","0","0","0","0","","14"
"202202","노무","근로자교육","11","0","0","0","0","0","","11"
"202202","노무","근로조건","46","1","1","0","0","0","","48"
"202202","노무","급여","94","5","0","0","0","0","","102"
"202202","노무","기타","39","0","0","0","0","0","","42"
"202202","노무","부당해고","10","2","0","0","0","0","","12"
"202202","노무","불편/개선건의","5","0","0","0","0","0","","5"
"202202","노무","사업장변경","37","0","0","0","0","0","","39"
"202202","노무","사업장이탈","0","0","0","0","0","0","","0"
"202202","노무","산재보험","13","0","0","0","0","0","","13"
"202202","노무","외국근로자보험","18","6","0","0","0","0","","24"
"202202","노무","재고용","35","0","0","0","0","0","","36"
"202202","노무","체불임금","18","2","0","0","0","0","","20"
"202202","문화/관광","교류/행사","2","0","0","0","0","0","","2"
"202202","문화/관광","기타","2","0","0","0","0","0","","2"
"202202","문화/관광","불편/개선건의","0","0","0","0","0","0","","0"
"202202","문화/관광","여행/관광","2","0","0","0","0","0","","2"
"202202","문화/관광","자원봉사","0","1","0","0","0","0","","1"
"202202","문화/관광","종교","0","0","0","0","0","0","","0"
"202202","보건/복지","건강보험","37","3","1","0","0","0","","41"
"202202","보건/복지","국민연금","27","7","0","0","0","0","","34"
"202202","보건/복지","기타","10","0","0","0","0","0","","10"
"202202","보건/복지","동물병원","0","0","0","0","0","0","","0"
"202202","보건/복지","무료진료","1","0","0","0","0","0","","1"
"202202","보건/복지","방역","302","6","0","0","0","0","","330"
"202202","보건/복지","불편/개선건의","0","0","0","0","0","0","","1"
"202202","보건/복지","사보험","2","0","0","0","0","0","","2"
"202202","보건/복지","사회복지","18","0","0","0","0","0","","18"
"202202","보건/복지","심리상담","15","12","8","0","0","0","","35"
"202202","보건/복지","의료기관","37","1","0","0","0","0","","38"
"202202","보건/복지","재난지원금","7","0","0","0","0","0","","7"
"202202","보건/복지","중국어 심리상담","6","14","0","0","0","0","","20"
"202202","비즈니스","FDI/금융","0","0","0","0","0","0","","0"
"202202","비즈니스","관세/통관","0","0","0","0","0","0","","0"
"202202","비즈니스","기타","2","1","0","0","0","0","","3"
"202202","비즈니스","노무/인사","0","0","0","0","0","0","","0"
"202202","비즈니스","마케팅","1","0","0","0","0","0","","1"
"202202","비즈니스","무역특화","1","0","0","0","0","0","","1"
"202202","비즈니스","법률/상법","0","0","0","0","0","0","","0"
"202202","비즈니스","불편/개선건의","0","0","0","0","0","0","","0"
"202202","비즈니스","비자","0","0","0","0","0","0","","0"
"202202","비즈니스","비즈네트워킹","0","0","0","0","0","0","","0"
"202202","비즈니스","비즈한국어","0","0","0","0","0","0","","0"
"202202","비즈니스","세금","0","0","0","0","0","0","","0"
"202202","비즈니스","인허가","0","0","0","0","0","0","","0"
"202202","비즈니스","지식재산권","0","0","0","0","0","0","","0"
"202202","비즈니스","창업교육","1","0","0","0","0","0","","1"
"202202","비즈니스","창업보육","0","0","0","0","0","0","","0"
"202202","비즈니스","창업일반","8","0","0","0","0","0","","8"
"202202","비즈니스","회사설립","1","1","0","0","0","0","","2"
"202202","안전","교통사고","3","0","0","0","0","0","","3"
"202202","안전","기타","3","0","1","0","0","0","","4"
"202202","안전","민사사건","3","0","0","0","0","0","","3"
"202202","안전","불편/개선건의","0","0","0","0","0","0","","0"
"202202","안전","일반사고","0","0","0","0","0","0","","0"
"202202","안전","재난/재해","0","0","0","0","0","0","","0"
"202202","안전","형사사건","5","0","0","0","0","0","","5"
"202202","여성/가족","가정폭력","1","0","0","0","0","0","","1"
"202202","여성/가족","가족상담","1","0","0","0","0","0","","1"
"202202","여성/가족","기타","1","0","0","0","0","0","","1"
"202202","여성/가족","불편/개선건의","0","0","0","0","0","0","","0"
"202202","여성/가족","이혼","14","0","1","0","0","0","","15"
"202202","여성/가족","임신/출산","2","0","0","0","0","0","","2"
"202202","정보통신","기타","0","1","0","0","0","0","","1"
"202202","정보통신","불편/개선건의","0","0","0","0","0","0","","0"
"202202","정보통신","우편/택배등","1","0","0","0","0","0","","1"
"202202","정보통신","인터넷","3","1","0","0","0","0","","4"
"202202","정보통신","전화","1","0","0","0","0","0","","1"
"202202","정보통신","케이블/위성TV","0","0","0","0","0","0","","0"
"202202","정보통신","휴대폰","6","0","0","0","0","0","","6"
"202202","주거","공과금","1","0","0","0","0","0","","1"
"202202","주거","기타","4","0","0","0","0","0","","4"
"202202","주거","부동산매매","3","0","0","0","0","0","","3"
"202202","주거","부동산임대","16","3","0","0","0","0","","19"
"202202","주거","불편/개선건의","0","0","0","0","0","0","","0"
"202202","주거","이사","4","0","0","0","0","0","","4"
"202202","주거","주거관련분쟁","10","2","0","0","0","0","","12"
"202202","출입국","검역/세관","0","0","0","0","0","0","","0"
"202202","출입국","귀화/영주권","7","3","0","0","0","0","","10"
"202202","출입국","기타","37","7","0","0","0","0","","44"
"202202","출입국","난민","0","0","0","0","0","0","","0"
"202202","출입국","불편/개선건의","0","0","0","0","0","0","","0"
"202202","출입국","사증변경","52","17","2","0","0","0","","71"
"202202","출입국","사증연장","91","17","0","0","0","0","","109"
"202202","출입국","사증자격","35","5","0","0","0","0","","41"
"202202","출입국","사증취득","3","0","0","0","0","0","","3"
"202202","출입국","외국인등록증","31","5","0","0","0","0","","41"
"202202","출입국","초청","7","3","0","0","0","0","","11"
"202202","출입국","출국/입국","94","15","0","0","0","0","","110"
"202202","행정","공증","1","0","0","0","0","0","","1"
"202202","행정","기타","19","0","1","0","0","0","","20"
"202202","행정","불편/개선건의","0","0","0","0","0","0","","0"
"202202","행정","세무","62","2","0","0","0","0","","64"
"202202","행정","소비자상담","1","0","0","0","0","0","","1"
"202202","행정","쓰레기처리","2","0","0","0","0","0","","2"
"202202","행정","여권","21","4","0","0","0","0","","25"
"202202","행정","운전면허","44","16","0","0","0","0","","61"
"202202","행정","인감","1","0","0","0","0","0","","1"
"202202","행정","일반법률","48","8","1","0","0","0","","57"
"202202","행정","자동차관련","0","0","0","0","0","0","","0"
"202202","행정","출생 및 사망","4","0","3","0","0","0","","7"
"202202","행정","행정기관","57","3","2","0","0","0","","62"
"202202","행정","행정소송","0","0","0","0","0","0","","0"
"202202","행정","혼인관계","6","1","9","0","0","0","","16"
"202201","교육","교육기관","12","0","0","0","0","0","","12"
"202201","교육","기타","6","2","0","0","0","0","","10"
"202201","교육","보육시설","1","0","0","0","0","0","","1"
"202201","교육","불편/개선건의","0","0","0","0","0","0","","0"
"202201","교육","일반교육","12","2","0","0","0","0","","14"
"202201","교육","한국어교육","122","10","1","0","0","0","","139"
"202201","교통","기타","0","0","0","0","0","0","","0"
"202201","교통","대중교통","2","0","0","0","0","0","","2"
"202201","교통","불편/개선건의","0","0","0","0","0","0","","0"
"202201","교통","유실물","2","0","0","0","0","0","","2"
"202201","교통","항공 및 선박","0","2","0","0","0","0","","2"
"202201","금융","기타","0","0","0","0","0","0","","0"
"202201","금융","불편/개선건의","0","0","0","0","0","0","","0"
"202201","금융","신용카드","3","0","0","0","0","0","","3"
"202201","금융","은행업무","6","0","0","0","0","0","","7"
"202201","기타","기타","28","2","0","0","0","0","","31"
"202201","기타","렌탈","0","0","0","0","0","0","","0"
"202201","기타","매매/교환","0","0","0","0","0","0","","0"
"202201","기타","불편/개선건의","1","0","0","0","0","0","","1"
"202201","기타","센터안내","28","2","3","0","0","0","","37"
"202201","기타","통역","79","8","1","0","0","0","","89"
"202201","노무","고용보험","3","0","0","0","0","0","","3"
"202201","노무","구인","0","0","0","0","0","0","","0"
"202201","노무","구직","16","1","1","0","0","0","","19"
"202201","노무","근로자교육","16","0","0","0","0","0","","16"
"202201","노무","근로조건","35","2","1","0","0","0","","39"
"202201","노무","급여","70","0","0","0","0","0","","72"
"202201","노무","기타","35","0","1","0","0","0","","40"
"202201","노무","부당해고","8","3","2","0","0","0","","13"
"202201","노무","불편/개선건의","7","0","0","0","0","0","","8"
"202201","노무","사업장변경","33","1","0","0","0","0","","34"
"202201","노무","사업장이탈","0","0","0","0","0","0","","0"
"202201","노무","산재보험","17","1","0","0","0","0","","18"
"202201","노무","외국근로자보험","23","2","0","0","0","0","","26"
"202201","노무","재고용","33","3","0","0","0","0","","37"
"202201","노무","체불임금","26","2","0","0","0","0","","28"
"202201","문화/관광","교류/행사","2","0","0","0","0","0","","2"
"202201","문화/관광","기타","2","0","0","0","0","0","","2"
"202201","문화/관광","불편/개선건의","0","0","0","0","0","0","","0"
"202201","문화/관광","여행/관광","0","0","0","0","0","0","","0"
"202201","문화/관광","자원봉사","1","0","0","0","0","0","","1"
"202201","문화/관광","종교","0","0","0","0","0","0","","0"
"202201","보건/복지","건강보험","41","2","0","0","0","0","","46"
"202201","보건/복지","국민연금","21","0","0","0","0","0","","21"
"202201","보건/복지","기타","28","0","0","0","0","0","","28"
"202201","보건/복지","동물병원","0","0","0","0","0","0","","0"
"202201","보건/복지","무료진료","0","0","0","0","0","0","","1"
"202201","보건/복지","방역","242","4","2","0","0","0","","289"
"202201","보건/복지","불편/개선건의","3","0","0","0","0","0","","3"
"202201","보건/복지","사보험","1","1","0","0","0","0","","2"
"202201","보건/복지","사회복지","16","0","0","0","0","0","","17"
"202201","보건/복지","심리상담","13","4","3","0","0","0","","20"
"202201","보건/복지","의료기관","34","0","0","0","0","0","","34"
"202201","보건/복지","재난지원금","9","0","0","0","0","0","","9"
"202201","보건/복지","중국어 심리상담","1","3","0","0","0","0","","6"
"202201","비즈니스","FDI/금융","0","0","0","0","0","0","","0"
"202201","비즈니스","관세/통관","0","0","0","0","0","0","","0"
"202201","비즈니스","기타","0","0","0","0","0","0","","0"
"202201","비즈니스","노무/인사","0","0","0","0","0","0","","0"
"202201","비즈니스","마케팅","1","0","0","0","0","0","","1"
"202201","비즈니스","무역특화","0","0","0","0","0","0","","0"
"202201","비즈니스","법률/상법","0","0","0","0","0","0","","0"
"202201","비즈니스","불편/개선건의","0","0","0","0","0","0","","0"
"202201","비즈니스","비자","0","0","0","0","0","0","","0"
"202201","비즈니스","비즈네트워킹","0","0","0","0","0","0","","0"
"202201","비즈니스","비즈한국어","0","0","0","0","0","0","","0"
"202201","비즈니스","세금","0","0","0","0","0","0","","0"
"202201","비즈니스","인허가","0","0","0","0","0","0","","0"
"202201","비즈니스","지식재산권","0","0","0","0","0","0","","0"
"202201","비즈니스","창업교육","0","0","0","0","0","0","","0"
"202201","비즈니스","창업보육","0","0","0","0","0","0","","0"
"202201","비즈니스","창업일반","0","0","0","0","0","0","","0"
"202201","비즈니스","회사설립","0","1","0","0","0","0","","1"
"202201","안전","교통사고","1","0","0","0","0","0","","1"
"202201","안전","기타","0","0","0","0","0","0","","0"
"202201","안전","민사사건","4","1","0","0","0","0","","6"
"202201","안전","불편/개선건의","0","0","0","0","0","0","","0"
"202201","안전","일반사고","1","1","0","0","0","0","","2"
"202201","안전","재난/재해","0","0","0","0","0","0","","0"
"202201","안전","형사사건","7","3","0","0","0","0","","10"
"202201","여성/가족","가정폭력","0","0","0","0","0","0","","0"
"202201","여성/가족","가족상담","1","0","0","0","0","0","","1"
"202201","여성/가족","기타","2","0","0","0","0","0","","2"
"202201","여성/가족","불편/개선건의","0","0","0","0","0","0","","0"
"202201","여성/가족","이혼","12","2","2","0","0","0","","16"
"202201","여성/가족","임신/출산","1","0","0","0","0","0","","1"
"202201","정보통신","기타","1","0","0","0","0","0","","1"
"202201","정보통신","불편/개선건의","0","0","0","0","0","0","","0"
"202201","정보통신","우편/택배등","0","0","0","0","0","0","","0"
"202201","정보통신","인터넷","2","0","0","0","0","0","","2"
"202201","정보통신","전화","0","0","0","0","0","0","","0"
"202201","정보통신","케이블/위성TV","0","0","0","0","0","0","","0"
"202201","정보통신","휴대폰","4","0","0","0","0","0","","4"
"202201","주거","공과금","0","0","0","0","0","0","","0"
"202201","주거","기타","5","0","0","0","0","0","","5"
"202201","주거","부동산매매","1","0","0","0","0","0","","1"
"202201","주거","부동산임대","10","5","1","0","0","0","","16"
"202201","주거","불편/개선건의","1","0","0","0","0","0","","1"
"202201","주거","이사","0","1","0","0","0","0","","1"
"202201","주거","주거관련분쟁","6","0","0","0","0","0","","6"
"202201","출입국","검역/세관","0","0","0","0","0","0","","0"
"202201","출입국","귀화/영주권","6","5","0","0","0","0","","12"
"202201","출입국","기타","41","11","0","0","0","0","","52"
"202201","출입국","난민","0","1","0","0","0","0","","1"
"202201","출입국","불편/개선건의","1","0","0","0","0","0","","1"
"202201","출입국","사증변경","50","9","0","0","0","0","","59"
"202201","출입국","사증연장","114","31","0","0","0","0","","151"
"202201","출입국","사증자격","59","2","0","0","0","0","","61"
"202201","출입국","사증취득","7","0","0","0","0","0","","7"
"202201","출입국","외국인등록증","22","8","0","0","0","0","","30"
"202201","출입국","초청","17","1","0","0","0","0","","18"
"202201","출입국","출국/입국","128","40","0","0","0","0","","171"
"202201","행정","공증","1","0","0","0","0","0","","1"
"202201","행정","기타","16","0","0","0","0","0","","16"
"202201","행정","불편/개선건의","0","0","1","0","0","0","","1"
"202201","행정","세무","58","1","0","0","0","0","","62"
"202201","행정","소비자상담","1","0","0","0","0","0","","1"
"202201","행정","쓰레기처리","0","0","0","0","0","0","","0"
"202201","행정","여권","16","6","0","0","0","0","","23"
"202201","행정","운전면허","48","8","0","0","0","0","","56"
"202201","행정","인감","0","0","0","0","0","0","","0"
"202201","행정","일반법률","46","9","0","0","0","0","","56"
"202201","행정","자동차관련","3","0","0","0","0","0","","3"
"202201","행정","출생 및 사망","5","0","1","0","0","0","","7"
"202201","행정","행정기관","60","2","2","0","0","0","","65"
"202201","행정","행정소송","0","0","0","0","0","0","","0"
"202201","행정","혼인관계","3","0","12","0","0","0","","15"
"202112","교육","교육기관","8","0","0","0","0","0","","8"
"202112","교육","기타","5","0","0","0","0","0","","5"
"202112","교육","보육시설","1","1","0","0","0","0","","2"
"202112","교육","불편/개선건의","1","0","0","0","0","0","","1"
"202112","교육","일반교육","10","2","0","0","0","0","","12"
"202112","교육","한국어교육","57","9","129","0","0","0","","196"
"202112","교통","기타","0","0","0","0","0","0","","0"
"202112","교통","대중교통","1","0","0","0","0","0","","1"
"202112","교통","불편/개선건의","0","0","0","0","0","0","","0"
"202112","교통","유실물","0","0","0","0","0","0","","0"
"202112","교통","항공 및 선박","0","0","0","0","0","0","","0"
"202112","금융","기타","0","0","0","0","0","0","","0"
"202112","금융","불편/개선건의","1","0","0","0","0","0","","1"
"202112","금융","신용카드","1","0","0","0","0","0","","1"
"202112","금융","은행업무","19","0","0","0","0","0","","19"
"202112","기타","기타","29","1","1","0","0","0","","31"
"202112","기타","렌탈","0","0","0","0","0","0","","0"
"202112","기타","매매/교환","0","0","0","0","0","0","","0"
"202112","기타","불편/개선건의","0","0","0","0","0","0","","0"
"202112","기타","센터안내","22","1","1","0","0","0","","26"
"202112","기타","통역","78","2","0","0","0","0","","81"
"202112","노무","고용보험","3","0","0","0","0","0","","3"
"202112","노무","구인","1","0","0","0","0","0","","1"
"202112","노무","구직","22","0","0","0","0","0","","22"
"202112","노무","근로자교육","21","0","0","0","0","0","","21"
"202112","노무","근로조건","40","3","0","1","0","0","","44"
"202112","노무","급여","84","13","0","0","0","0","","98"
"202112","노무","기타","36","2","1","0","0","0","","40"
"202112","노무","부당해고","7","3","0","0","0","0","","10"
"202112","노무","불편/개선건의","9","1","0","0","0","0","","10"
"202112","노무","사업장변경","39","4","0","0","0","0","","43"
"202112","노무","사업장이탈","2","0","0","0","0","0","","2"
"202112","노무","산재보험","17","2","0","0","0","0","","19"
"202112","노무","외국근로자보험","35","10","0","0","0","0","","46"
"202112","노무","재고용","56","0","0","0","0","0","","56"
"202112","노무","체불임금","31","11","0","0","0","0","","42"
"202112","문화/관광","교류/행사","1","0","1","0","0","0","","2"
"202112","문화/관광","기타","1","0","0","0","0","0","","1"
"202112","문화/관광","불편/개선건의","0","0","0","0","0","0","","0"
"202112","문화/관광","여행/관광","1","0","0","0","0","0","","1"
"202112","문화/관광","자원봉사","1","1","0","0","0","0","","2"
"202112","문화/관광","종교","0","0","0","0","0","0","","0"
"202112","보건/복지","건강보험","46","2","0","0","0","0","","48"
"202112","보건/복지","국민연금","14","5","0","0","0","0","","19"
"202112","보건/복지","기타","11","0","0","0","0","0","","11"
"202112","보건/복지","동물병원","1","0","0","0","0","0","","1"
"202112","보건/복지","무료진료","3","0","0","0","0","0","","3"
"202112","보건/복지","방역","276","8","3","1","0","0","","297"
"202112","보건/복지","불편/개선건의","6","0","0","0","0","0","","6"
"202112","보건/복지","사보험","3","0","0","1","0","0","","4"
"202112","보건/복지","사회복지","14","2","0","0","0","0","","16"
"202112","보건/복지","심리상담","15","22","1","0","0","0","","38"
"202112","보건/복지","의료기관","48","0","0","0","0","0","","48"
"202112","보건/복지","재난지원금","3","0","0","0","0","0","","3"
"202112","보건/복지","중국어 심리상담","0","19","0","0","0","0","","19"
"202112","비즈니스","FDI/금융","0","0","0","0","0","0","","0"
"202112","비즈니스","관세/통관","0","0","0","0","0","0","","0"
"202112","비즈니스","기타","1","0","1","0","0","0","","2"
"202112","비즈니스","노무/인사","0","0","0","0","0","0","","0"
"202112","비즈니스","마케팅","0","0","0","0","0","0","","0"
"202112","비즈니스","무역특화","0","0","0","0","0","0","","0"
"202112","비즈니스","법률/상법","0","0","0","0","0","0","","0"
"202112","비즈니스","불편/개선건의","0","0","0","0","0","0","","0"
"202112","비즈니스","비자","2","0","0","0","0","0","","2"
"202112","비즈니스","비즈네트워킹","0","0","0","0","0","0","","0"
"202112","비즈니스","비즈한국어","0","0","0","0","0","0","","0"
"202112","비즈니스","세금","2","0","0","0","0","0","","2"
"202112","비즈니스","인허가","0","0","0","0","0","0","","0"
"202112","비즈니스","지식재산권","0","0","0","0","0","0","","0"
"202112","비즈니스","창업교육","1","0","0","0","0","0","","1"
"202112","비즈니스","창업보육","0","0","0","0","0","0","","0"
"202112","비즈니스","창업일반","5","1","0","0","0","0","","6"
"202112","비즈니스","회사설립","3","0","0","0","0","0","","3"
"202112","안전","교통사고","3","1","0","0","0","0","","4"
"202112","안전","기타","4","0","0","0","0","0","","4"
"202112","안전","민사사건","5","0","0","0","0","0","","5"
"202112","안전","불편/개선건의","1","0","0","0","0","0","","1"
"202112","안전","일반사고","0","0","0","0","0","0","","0"
"202112","안전","재난/재해","0","0","0","0","0","0","","0"
"202112","안전","형사사건","8","4","0","0","0","0","","12"
"202112","여성/가족","가정폭력","0","0","0","0","0","0","","0"
"202112","여성/가족","가족상담","2","0","0","0","0","0","","2"
"202112","여성/가족","기타","1","0","0","0","0","0","","1"
"202112","여성/가족","불편/개선건의","0","0","0","0","0","0","","0"
"202112","여성/가족","이혼","14","2","0","0","0","0","","17"
"202112","여성/가족","임신/출산","1","0","0","0","0","0","","1"
"202112","정보통신","기타","0","0","0","0","0","0","","0"
"202112","정보통신","불편/개선건의","1","0","0","0","0","0","","1"
"202112","정보통신","우편/택배등","1","0","0","0","0","0","","1"
"202112","정보통신","인터넷","2","0","0","0","0","0","","2"
"202112","정보통신","전화","0","0","0","0","0","0","","0"
"202112","정보통신","케이블/위성TV","0","0","0","0","0","0","","0"
"202112","정보통신","휴대폰","17","1","0","0","0","0","","19"
"202112","주거","공과금","2","0","0","0","0","0","","2"
"202112","주거","기타","2","0","0","0","0","0","","2"
"202112","주거","부동산매매","5","2","0","0","0","0","","7"
"202112","주거","부동산임대","18","1","1","0","0","0","","20"
"202112","주거","불편/개선건의","0","0","0","0","0","0","","0"
"202112","주거","이사","3","0","0","0","0","0","","3"
"202112","주거","주거관련분쟁","8","1","0","0","0","0","","9"
"202112","출입국","검역/세관","2","0","0","0","0","0","","2"
"202112","출입국","귀화/영주권","9","0","1","0","0","0","","10"
"202112","출입국","기타","36","8","0","0","0","0","","45"
"202112","출입국","난민","2","0","0","0","0","0","","2"
"202112","출입국","불편/개선건의","1","0","0","0","0","0","","1"
"202112","출입국","사증변경","49","5","1","1","0","0","","57"
"202112","출입국","사증연장","145","16","0","0","0","0","","163"
"202112","출입국","사증자격","45","5","1","0","0","0","","51"
"202112","출입국","사증취득","3","1","1","0","0","0","","5"
"202112","출입국","외국인등록증","52","10","0","0","0","0","","62"
"202112","출입국","초청","10","2","0","0","0","0","","12"
"202112","출입국","출국/입국","127","26","1","0","0","0","","157"
"202112","행정","공증","2","0","0","0","0","0","","2"
"202112","행정","기타","14","1","0","0","0","0","","16"
"202112","행정","불편/개선건의","1","0","0","0","0","0","","1"
"202112","행정","세무","44","5","0","0","0","0","","49"
"202112","행정","소비자상담","2","0","0","0","0","0","","2"
"202112","행정","쓰레기처리","1","0","0","0","0","0","","1"
"202112","행정","여권","17","6","0","0","0","0","","23"
"202112","행정","운전면허","51","12","0","0","0","0","","63"
"202112","행정","인감","0","0","0","0","0","0","","0"
"202112","행정","일반법률","54","10","1","0","0","0","","66"
"202112","행정","자동차관련","13","1","0","0","0","0","","14"
"202112","행정","출생 및 사망","2","0","0","0","0","0","","2"
"202112","행정","행정기관","69","2","1","0","0","0","","72"
"202112","행정","행정소송","1","1","0","0","0","0","","2"
"202112","행정","혼인관계","7","0","5","0","0","0","","12"
"202111","교육","교육기관","8","1","0","0","0","0","","9"
"202111","교육","기타","4","0","0","0","0","0","","4"
"202111","교육","보육시설","3","0","1","0","0","0","","4"
"202111","교육","불편/개선건의","1","0","0","0","0","0","","1"
"202111","교육","일반교육","5","1","1","0","0","0","","8"
"202111","교육","한국어교육","42","3","0","1","0","0","","48"
"202111","교통","기타","0","0","0","0","0","0","","0"
"202111","교통","대중교통","1","0","0","0","0","0","","1"
"202111","교통","불편/개선건의","0","0","0","0","0","0","","0"
"202111","교통","유실물","0","0","0","0","0","0","","0"
"202111","교통","항공 및 선박","1","0","0","0","0","0","","1"
"202111","금융","기타","1","1","0","0","0","0","","2"
"202111","금융","불편/개선건의","0","0","0","0","0","0","","0"
"202111","금융","신용카드","0","0","0","0","0","0","","0"
"202111","금융","은행업무","22","0","0","0","0","0","","22"
"202111","기타","기타","31","3","2","0","0","0","","37"
"202111","기타","렌탈","0","0","0","0","0","0","","0"
"202111","기타","매매/교환","1","0","0","0","0","0","","1"
"202111","기타","불편/개선건의","0","0","0","0","0","0","","0"
"202111","기타","센터안내","38","1","3","0","0","0","","53"
"202111","기타","통역","66","4","1","0","0","0","","72"
"202111","노무","고용보험","7","0","0","0","0","0","","7"
"202111","노무","구인","3","0","0","0","0","0","","3"
"202111","노무","구직","16","1","3","0","0","0","","26"
"202111","노무","근로자교육","16","0","0","0","0","0","","16"
"202111","노무","근로조건","45","2","0","0","0","0","","48"
"202111","노무","급여","81","5","0","0","0","0","","88"
"202111","노무","기타","37","0","0","0","0","0","","40"
"202111","노무","부당해고","9","0","0","0","0","0","","9"
"202111","노무","불편/개선건의","12","0","1","0","0","0","","13"
"202111","노무","사업장변경","33","0","0","0","0","0","","33"
"202111","노무","사업장이탈","0","0","0","0","0","0","","0"
"202111","노무","산재보험","12","0","0","0","0","0","","13"
"202111","노무","외국근로자보험","44","7","0","0","0","0","","52"
"202111","노무","재고용","55","1","0","0","0","0","","58"
"202111","노무","체불임금","32","5","0","0","0","0","","37"
"202111","문화/관광","교류/행사","2","0","1","0","0","0","","4"
"202111","문화/관광","기타","0","0","0","0","0","0","","0"
"202111","문화/관광","불편/개선건의","0","0","0","0","0","0","","0"
"202111","문화/관광","여행/관광","1","0","0","0","0","0","","2"
"202111","문화/관광","자원봉사","2","0","0","1","0","0","","3"
"202111","문화/관광","종교","0","0","0","0","0","0","","0"
"202111","보건/복지","건강보험","51","1","1","0","0","0","","55"
"202111","보건/복지","국민연금","23","4","0","0","0","0","","27"
"202111","보건/복지","기타","9","0","1","0","0","0","","11"
"202111","보건/복지","동물병원","0","0","0","0","0","0","","0"
"202111","보건/복지","무료진료","3","0","0","0","0","0","","3"
"202111","보건/복지","방역","314","6","1","1","0","0","","372"
"202111","보건/복지","불편/개선건의","0","0","1","0","0","0","","1"
"202111","보건/복지","사보험","2","0","0","0","0","0","","2"
"202111","보건/복지","사회복지","8","1","0","0","0","0","","10"
"202111","보건/복지","심리상담","16","22","0","0","0","0","","38"
"202111","보건/복지","의료기관","51","1","1","0","0","0","","53"
"202111","보건/복지","재난지원금","5","0","0","0","0","0","","7"
"202111","보건/복지","중국어 심리상담","1","15","0","0","0","0","","16"
"202111","비즈니스","FDI/금융","0","0","0","0","0","0","","0"
"202111","비즈니스","관세/통관","0","0","0","0","0","0","","0"
"202111","비즈니스","기타","4","0","0","0","0","0","","4"
"202111","비즈니스","노무/인사","0","0","0","0","0","0","","0"
"202111","비즈니스","마케팅","0","0","0","0","0","0","","0"
"202111","비즈니스","무역특화","0","0","0","0","0","0","","1"
"202111","비즈니스","법률/상법","0","0","0","0","0","0","","0"
"202111","비즈니스","불편/개선건의","0","0","1","0","0","0","","1"
"202111","비즈니스","비자","2","0","0","0","0","0","","2"
"202111","비즈니스","비즈네트워킹","0","0","0","0","0","0","","0"
"202111","비즈니스","비즈한국어","0","0","0","0","0","0","","0"
"202111","비즈니스","세금","0","0","0","0","0","0","","0"
"202111","비즈니스","인허가","0","0","0","0","0","0","","0"
"202111","비즈니스","지식재산권","0","0","0","0","0","0","","0"
"202111","비즈니스","창업교육","2","0","0","0","0","0","","2"
"202111","비즈니스","창업보육","0","0","0","0","0","0","","0"
"202111","비즈니스","창업일반","8","1","0","0","0","0","","9"
"202111","비즈니스","회사설립","2","0","0","0","0","0","","2"
"202111","안전","교통사고","1","0","0","0","0","0","","1"
"202111","안전","기타","1","1","0","0","0","0","","2"
"202111","안전","민사사건","7","1","0","0","0","0","","8"
"202111","안전","불편/개선건의","0","0","0","0","0","0","","0"
"202111","안전","일반사고","4","0","0","0","0","0","","4"
"202111","안전","재난/재해","0","0","0","0","0","0","","0"
"202111","안전","형사사건","20","8","0","0","0","0","","28"
"202111","여성/가족","가정폭력","2","0","0","0","0","0","","2"
"202111","여성/가족","가족상담","1","1","1","0","0","0","","3"
"202111","여성/가족","기타","3","0","0","0","0","0","","3"
"202111","여성/가족","불편/개선건의","0","0","0","0","0","0","","1"
"202111","여성/가족","이혼","23","2","1","0","0","0","","27"
"202111","여성/가족","임신/출산","0","0","0","0","0","0","","0"
"202111","정보통신","기타","0","0","0","0","0","0","","0"
"202111","정보통신","불편/개선건의","0","0","0","0","0","0","","0"
"202111","정보통신","우편/택배등","3","0","0","0","0","0","","3"
"202111","정보통신","인터넷","2","0","0","0","0","0","","2"
"202111","정보통신","전화","1","0","0","0","0","0","","1"
"202111","정보통신","케이블/위성TV","0","0","0","0","0","0","","0"
"202111","정보통신","휴대폰","5","3","1","0","0","0","","9"
"202111","주거","공과금","3","0","0","0","0","0","","3"
"202111","주거","기타","5","0","0","0","0","0","","5"
"202111","주거","부동산매매","2","1","0","0","0","0","","3"
"202111","주거","부동산임대","13","3","0","0","0","0","","16"
"202111","주거","불편/개선건의","2","0","0","0","0","0","","2"
"202111","주거","이사","3","0","0","0","0","0","","4"
"202111","주거","주거관련분쟁","17","1","1","0","0","0","","19"
"202111","출입국","검역/세관","0","0","0","0","0","0","","0"
"202111","출입국","귀화/영주권","8","2","0","0","0","0","","10"
"202111","출입국","기타","73","9","2","0","0","0","","90"
"202111","출입국","난민","5","0","0","0","0","0","","5"
"202111","출입국","불편/개선건의","0","0","0","0","0","0","","0"
"202111","출입국","사증변경","42","6","1","0","0","0","","51"
"202111","출입국","사증연장","91","24","0","0","0","0","","118"
"202111","출입국","사증자격","42","1","1","0","0","0","","46"
"202111","출입국","사증취득","15","0","2","0","0","0","","19"
"202111","출입국","외국인등록증","58","13","0","0","0","0","","71"
"202111","출입국","초청","17","2","0","0","0","0","","19"
"202111","출입국","출국/입국","150","27","2","0","0","0","","194"
"202111","행정","공증","0","0","0","0","0","0","","0"
"202111","행정","기타","16","1","0","0","0","0","","17"
"202111","행정","불편/개선건의","0","0","0","0","0","0","","0"
"202111","행정","세무","48","1","0","0","0","0","","51"
"202111","행정","소비자상담","1","0","0","0","0","0","","1"
"202111","행정","쓰레기처리","2","0","0","0","0","0","","2"
"202111","행정","여권","13","3","0","0","0","0","","19"
"202111","행정","운전면허","54","12","2","0","0","0","","69"
"202111","행정","인감","0","0","0","0","0","0","","0"
"202111","행정","일반법률","50","2","2","0","0","0","","55"
"202111","행정","자동차관련","14","0","0","0","0","0","","14"
"202111","행정","출생 및 사망","6","0","0","0","0","0","","6"
"202111","행정","행정기관","56","1","1","0","0","0","","59"
"202111","행정","행정소송","0","0","0","0","0","0","","0"
"202111","행정","혼인관계","6","0","5","0","0","0","","11"
"202110","교육","교육기관","8","2","1","0","0","0","","11"
"202110","교육","기타","5","0","0","0","0","0","","5"
"202110","교육","보육시설","2","0","0","0","0","0","","2"
"202110","교육","불편/개선건의","0","0","0","0","0","0","","0"
"202110","교육","일반교육","15","0","0","0","0","0","","16"
"202110","교육","한국어교육","37","5","120","0","0","0","","164"
"202110","교통","기타","2","0","0","0","0","0","","2"
"202110","교통","대중교통","1","0","0","0","0","0","","1"
"202110","교통","불편/개선건의","0","0","0","0","0","0","","0"
"202110","교통","유실물","3","0","0","0","0","0","","3"
"202110","교통","항공 및 선박","1","0","0","0","0","0","","1"
"202110","금융","기타","1","0","0","0","0","0","","1"
"202110","금융","불편/개선건의","0","0","0","0","0","0","","0"
"202110","금융","신용카드","1","0","0","0","0","0","","1"
"202110","금융","은행업무","16","2","0","0","0","0","","19"
"202110","기타","기타","42","4","4","0","0","0","","51"
"202110","기타","렌탈","1","0","0","0","0","0","","1"
"202110","기타","매매/교환","0","0","0","0","0","0","","0"
"202110","기타","불편/개선건의","1","0","0","0","0","0","","1"
"202110","기타","센터안내","30","1","2","0","0","0","","50"
"202110","기타","통역","83","3","1","0","0","0","","89"
"202110","노무","고용보험","4","1","0","0","0","0","","5"
"202110","노무","구인","0","1","2","0","0","0","","3"
"202110","노무","구직","22","1","2","0","0","0","","34"
"202110","노무","근로자교육","21","0","0","0","0","0","","21"
"202110","노무","근로조건","30","1","0","0","0","0","","31"
"202110","노무","급여","82","11","0","0","0","0","","96"
"202110","노무","기타","34","1","1","0","0","0","","40"
"202110","노무","부당해고","20","2","0","0","0","0","","22"
"202110","노무","불편/개선건의","9","0","0","0","0","0","","9"
"202110","노무","사업장변경","28","1","0","0","0","0","","31"
"202110","노무","사업장이탈","0","0","0","0","0","0","","0"
"202110","노무","산재보험","9","2","0","0","0","0","","11"
"202110","노무","외국근로자보험","41","9","0","0","0","0","","51"
"202110","노무","재고용","112","0","0","0","0","0","","119"
"202110","노무","체불임금","28","4","0","0","0","0","","33"
"202110","문화/관광","교류/행사","0","0","1","0","0","0","","2"
"202110","문화/관광","기타","1","0","0","0","0","0","","1"
"202110","문화/관광","불편/개선건의","1","0","0","0","0","0","","1"
"202110","문화/관광","여행/관광","2","0","0","0","0","0","","2"
"202110","문화/관광","자원봉사","3","1","0","0","0","0","","4"
"202110","문화/관광","종교","0","0","0","0","0","0","","0"
"202110","보건/복지","건강보험","37","2","0","0","0","0","","40"
"202110","보건/복지","국민연금","29","4","0","0","0","0","","33"
"202110","보건/복지","기타","16","1","0","0","0","0","","17"
"202110","보건/복지","동물병원","0","0","0","0","0","0","","0"
"202110","보건/복지","무료진료","4","0","0","0","0","0","","4"
"202110","보건/복지","방역","412","7","1","0","0","0","","469"
"202110","보건/복지","불편/개선건의","0","0","0","0","0","0","","0"
"202110","보건/복지","사보험","3","0","0","0","0","0","","4"
"202110","보건/복지","사회복지","11","0","1","0","0","0","","12"
"202110","보건/복지","심리상담","14","43","1","0","0","0","","59"
"202110","보건/복지","의료기관","49","1","1","0","0","0","","53"
"202110","보건/복지","재난지원금","21","0","1","0","0","0","","23"
"202110","보건/복지","중국어 심리상담","1","16","1","0","0","0","","19"
"202110","비즈니스","FDI/금융","0","0","0","0","0","0","","0"
"202110","비즈니스","관세/통관","0","0","0","0","0","0","","0"
"202110","비즈니스","기타","2","0","0","0","0","0","","2"
"202110","비즈니스","노무/인사","0","0","0","0","0","0","","0"
"202110","비즈니스","마케팅","0","0","0","0","0","0","","0"
"202110","비즈니스","무역특화","0","0","0","0","0","0","","0"
"202110","비즈니스","법률/상법","2","1","0","0","0","0","","3"
"202110","비즈니스","불편/개선건의","0","0","0","0","0","0","","0"
"202110","비즈니스","비자","1","0","0","0","0","0","","1"
"202110","비즈니스","비즈네트워킹","0","0","0","0","0","0","","0"
"202110","비즈니스","비즈한국어","0","0","0","0","0","0","","0"
"202110","비즈니스","세금","0","0","0","0","0","0","","0"
"202110","비즈니스","인허가","0","0","0","0","0","0","","0"
"202110","비즈니스","지식재산권","0","0","0","0","0","0","","0"
"202110","비즈니스","창업교육","6","1","0","0","0","0","","7"
"202110","비즈니스","창업보육","0","0","0","0","0","0","","0"
"202110","비즈니스","창업일반","4","1","2","0","0","0","","7"
"202110","비즈니스","회사설립","4","0","0","0","0","0","","5"
"202110","안전","교통사고","5","2","0","0","0","0","","7"
"202110","안전","기타","5","0","0","0","0","0","","5"
"202110","안전","민사사건","8","3","0","0","0","0","","11"
"202110","안전","불편/개선건의","0","0","0","0","0","0","","0"
"202110","안전","일반사고","1","0","0","0","0","0","","1"
"202110","안전","재난/재해","0","0","0","0","0","0","","0"
"202110","안전","형사사건","21","1","0","0","0","0","","22"
"202110","여성/가족","가정폭력","0","0","0","0","0","0","","0"
"202110","여성/가족","가족상담","3","0","0","0","0","0","","3"
"202110","여성/가족","기타","1","0","0","0","0","0","","2"
"202110","여성/가족","불편/개선건의","0","0","0","0","0","0","","0"
"202110","여성/가족","이혼","17","0","1","0","0","0","","19"
"202110","여성/가족","임신/출산","0","0","0","0","0","0","","0"
"202110","정보통신","기타","0","0","0","0","0","0","","0"
"202110","정보통신","불편/개선건의","0","0","0","0","0","0","","0"
"202110","정보통신","우편/택배등","9","0","0","0","0","0","","12"
"202110","정보통신","인터넷","3","0","0","0","0","0","","3"
"202110","정보통신","전화","0","0","0","0","0","0","","0"
"202110","정보통신","케이블/위성TV","0","0","0","0","0","0","","0"
"202110","정보통신","휴대폰","6","2","0","0","0","0","","8"
"202110","주거","공과금","1","0","0","0","0","0","","1"
"202110","주거","기타","2","1","0","0","0","0","","3"
"202110","주거","부동산매매","4","4","0","0","0","0","","8"
"202110","주거","부동산임대","14","2","0","0","0","0","","16"
"202110","주거","불편/개선건의","0","0","0","0","0","0","","0"
"202110","주거","이사","1","1","0","0","0","0","","2"
"202110","주거","주거관련분쟁","23","1","0","0","0","0","","24"
"202110","출입국","검역/세관","0","0","0","0","0","0","","0"
"202110","출입국","귀화/영주권","11","2","0","0","0","0","","13"
"202110","출입국","기타","56","8","0","0","0","0","","68"
"202110","출입국","난민","1","1","0","0","0","0","","2"
"202110","출입국","불편/개선건의","2","0","0","0","0","0","","2"
"202110","출입국","사증변경","38","5","0","0","0","0","","46"
"202110","출입국","사증연장","111","27","1","0","0","0","","151"
"202110","출입국","사증자격","38","3","0","0","0","0","","43"
"202110","출입국","사증취득","8","4","1","0","0","0","","13"
"202110","출입국","외국인등록증","57","10","0","0","0","0","","67"
"202110","출입국","초청","12","3","1","0","0","0","","17"
"202110","출입국","출국/입국","156","24","0","0","0","0","","183"
"202110","행정","공증","0","1","0","0","0","0","","1"
"202110","행정","기타","13","1","1","0","0","0","","15"
"202110","행정","불편/개선건의","0","0","0","0","0","0","","0"
"202110","행정","세무","40","3","2","0","0","0","","50"
"202110","행정","소비자상담","1","0","0","0","0","0","","1"
"202110","행정","쓰레기처리","1","0","0","0","0","0","","2"
"202110","행정","여권","20","3","0","0","0","0","","28"
"202110","행정","운전면허","69","16","0","0","0","0","","85"
"202110","행정","인감","0","0","0","0","0","0","","0"
"202110","행정","일반법률","49","9","1","0","0","0","","59"
"202110","행정","자동차관련","0","0","0","0","0","0","","0"
"202110","행정","출생 및 사망","4","0","1","0","0","0","","5"
"202110","행정","행정기관","58","4","3","0","0","0","","65"
"202110","행정","행정소송","0","0","0","0","0","0","","0"
"202110","행정","혼인관계","8","1","6","0","0","0","","15"
"202109","교육","교육기관","7","4","0","0","0","0","","11"
"202109","교육","기타","2","2","0","0","0","0","","4"
"202109","교육","보육시설","6","1","0","0","0","0","","7"
"202109","교육","불편/개선건의","0","0","0","0","0","0","","0"
"202109","교육","일반교육","10","1","1","0","0","0","","12"
"202109","교육","한국어교육","36","9","35","0","0","0","","84"
"202109","교통","기타","0","0","0","0","0","0","","0"
"202109","교통","대중교통","5","0","0","0","0","0","","5"
"202109","교통","불편/개선건의","0","0","0","0","0","0","","0"
"202109","교통","유실물","1","0","0","0","0","0","","1"
"202109","교통","항공 및 선박","2","1","0","0","0","0","","3"
"202109","금융","기타","1","0","0","0","0","0","","1"
"202109","금융","불편/개선건의","0","0","0","0","0","0","","0"
"202109","금융","신용카드","0","0","0","0","0","0","","0"
"202109","금융","은행업무","14","3","0","0","0","0","","18"
"202109","기타","기타","17","0","2","0","0","0","","21"
"202109","기타","렌탈","0","0","0","0","0","0","","0"
"202109","기타","매매/교환","0","0","0","0","0","0","","0"
"202109","기타","불편/개선건의","0","1","0","0","0","0","","1"
"202109","기타","센터안내","30","1","0","0","0","0","","42"
"202109","기타","통역","51","7","0","0","0","0","","61"
"202109","노무","고용보험","3","1","0","0","0","0","","4"
"202109","노무","구인","3","1","0","0","0","0","","4"
"202109","노무","구직","24","2","0","0","0","0","","35"
"202109","노무","근로자교육","13","0","0","0","0","0","","13"
"202109","노무","근로조건","20","0","2","0","0","0","","22"
"202109","노무","급여","62","3","0","0","0","0","","66"
"202109","노무","기타","24","1","1","0","0","0","","27"
"202109","노무","부당해고","8","0","0","0","0","0","","8"
"202109","노무","불편/개선건의","3","0","0","0","0","0","","3"
"202109","노무","사업장변경","35","0","0","0","0","0","","36"
"202109","노무","사업장이탈","0","0","0","0","0","0","","0"
"202109","노무","산재보험","17","0","0","0","0","0","","17"
"202109","노무","외국근로자보험","30","8","0","0","0","0","","39"
"202109","노무","재고용","5","0","0","0","0","0","","6"
"202109","노무","체불임금","18","3","1","0","0","0","","22"
"202109","문화/관광","교류/행사","1","2","0","0","0","0","","3"
"202109","문화/관광","기타","0","0","1","0","0","0","","1"
"202109","문화/관광","불편/개선건의","0","0","0","0","0","0","","0"
"202109","문화/관광","여행/관광","4","0","0","0","0","0","","4"
"202109","문화/관광","자원봉사","2","0","0","0","0","0","","2"
"202109","문화/관광","종교","0","0","0","0","0","0","","0"
"202109","보건/복지","건강보험","44","2","0","0","0","0","","48"
"202109","보건/복지","국민연금","11","4","0","0","0","0","","15"
"202109","보건/복지","기타","12","1","1","0","0","0","","15"
"202109","보건/복지","동물병원","0","0","0","0","0","0","","0"
"202109","보건/복지","무료진료","3","0","0","0","0","0","","4"
"202109","보건/복지","방역","546","6","2","0","0","0","","625"
"202109","보건/복지","불편/개선건의","3","0","0","0","0","0","","3"
"202109","보건/복지","사보험","0","0","0","0","0","0","","0"
"202109","보건/복지","사회복지","14","0","0","0","0","0","","14"
"202109","보건/복지","심리상담","11","9","2","0","0","0","","23"
"202109","보건/복지","의료기관","76","1","0","0","0","0","","78"
"202109","보건/복지","재난지원금","81","0","1","0","0","0","","87"
"202109","보건/복지","중국어 심리상담","2","11","0","0","0","0","","14"
"202109","비즈니스","FDI/금융","0","1","0","0","0","0","","1"
"202109","비즈니스","관세/통관","0","0","0","0","0","0","","0"
"202109","비즈니스","기타","4","0","0","0","0","0","","4"
"202109","비즈니스","노무/인사","0","0","0","0","0","0","","0"
"202109","비즈니스","마케팅","0","0","0","0","0","0","","0"
"202109","비즈니스","무역특화","0","0","0","0","0","0","","0"
"202109","비즈니스","법률/상법","2","0","0","0","0","0","","2"
"202109","비즈니스","불편/개선건의","1","0","0","0","0","0","","1"
"202109","비즈니스","비자","0","0","0","0","0","0","","0"
"202109","비즈니스","비즈네트워킹","0","0","0","0","0","0","","0"
"202109","비즈니스","비즈한국어","0","0","0","0","0","0","","0"
"202109","비즈니스","세금","0","0","0","0","0","0","","0"
"202109","비즈니스","인허가","0","0","0","0","0","0","","0"
"202109","비즈니스","지식재산권","0","0","0","0","0","0","","0"
"202109","비즈니스","창업교육","4","0","0","0","0","0","","4"
"202109","비즈니스","창업보육","0","0","0","0","0","0","","0"
"202109","비즈니스","창업일반","12","2","0","0","0","0","","14"
"202109","비즈니스","회사설립","0","1","0","0","0","0","","1"
"202109","안전","교통사고","3","1","0","0","0","0","","4"
"202109","안전","기타","2","0","0","0","0","0","","3"
"202109","안전","민사사건","11","0","0","0","0","0","","11"
"202109","안전","불편/개선건의","0","0","0","0","0","0","","0"
"202109","안전","일반사고","2","0","0","0","0","0","","2"
"202109","안전","재난/재해","0","0","0","0","0","0","","0"
"202109","안전","형사사건","8","3","0","0","0","0","","11"
"202109","여성/가족","가정폭력","2","0","1","0","0","0","","3"
"202109","여성/가족","가족상담","2","0","0","0","0","0","","2"
"202109","여성/가족","기타","3","0","0","0","0","0","","3"
"202109","여성/가족","불편/개선건의","1","0","0","0","0","0","","1"
"202109","여성/가족","이혼","10","2","0","0","0","0","","13"
"202109","여성/가족","임신/출산","2","0","0","0","0","0","","2"
"202109","정보통신","기타","0","0","0","0","0","0","","0"
"202109","정보통신","불편/개선건의","0","0","0","0","0","0","","0"
"202109","정보통신","우편/택배등","2","1","0","0","0","0","","3"
"202109","정보통신","인터넷","3","0","0","0","0","0","","3"
"202109","정보통신","전화","0","0","0","0","0","0","","0"
"202109","정보통신","케이블/위성TV","0","0","0","0","0","0","","0"
"202109","정보통신","휴대폰","7","3","0","0","0","0","","11"
"202109","주거","공과금","0","0","0","0","0","0","","0"
"202109","주거","기타","0","0","0","0","0","0","","0"
"202109","주거","부동산매매","3","0","0","0","0","0","","3"
"202109","주거","부동산임대","13","3","0","0","0","0","","16"
"202109","주거","불편/개선건의","1","0","0","0","0","0","","1"
"202109","주거","이사","4","0","0","0","0","0","","4"
"202109","주거","주거관련분쟁","12","1","1","0","0","0","","14"
"202109","출입국","검역/세관","1","0","0","0","0","0","","1"
"202109","출입국","귀화/영주권","15","3","0","0","0","0","","18"
"202109","출입국","기타","47","12","1","0","0","0","","62"
"202109","출입국","난민","0","1","0","0","0","0","","1"
"202109","출입국","불편/개선건의","0","1","0","0","0","0","","2"
"202109","출입국","사증변경","50","13","0","0","0","0","","64"
"202109","출입국","사증연장","118","42","1","0","0","0","","175"
"202109","출입국","사증자격","43","6","0","0","0","0","","51"
"202109","출입국","사증취득","7","1","0","0","0","0","","8"
"202109","출입국","외국인등록증","51","6","0","0","0","0","","60"
"202109","출입국","초청","10","1","0","0","0","0","","11"
"202109","출입국","출국/입국","61","18","0","0","0","0","","84"
"202109","행정","공증","0","0","0","0","0","0","","0"
"202109","행정","기타","12","0","0","0","0","0","","12"
"202109","행정","불편/개선건의","0","0","0","0","0","0","","0"
"202109","행정","세무","37","3","0","0","0","0","","40"
"202109","행정","소비자상담","3","0","0","0","0","0","","3"
"202109","행정","쓰레기처리","1","0","0","0","0","0","","1"
"202109","행정","여권","6","1","0","0","0","0","","7"
"202109","행정","운전면허","49","12","0","0","0","0","","62"
"202109","행정","인감","0","0","0","0","0","0","","0"
"202109","행정","일반법률","44","6","1","0","0","0","","51"
"202109","행정","자동차관련","6","0","0","0","0","0","","6"
"202109","행정","출생 및 사망","8","0","0","0","0","0","","8"
"202109","행정","행정기관","51","3","1","0","0","0","","55"
"202109","행정","행정소송","0","0","0","0","0","0","","0"
"202109","행정","혼인관계","4","0","2","0","0","0","","6"
"202108","교육","교육기관","17","0","0","0","0","0","","18"
"202108","교육","기타","7","0","0","0","0","0","","8"
"202108","교육","보육시설","1","1","0","0","0","0","","2"
"202108","교육","불편/개선건의","0","0","0","0","0","0","","0"
"202108","교육","일반교육","10","4","0","0","0","0","","14"
"202108","교육","한국어교육","136","10","89","0","0","0","","240"
"202108","교통","기타","0","0","0","0","0","0","","0"
"202108","교통","대중교통","5","1","0","0","0","0","","6"
"202108","교통","불편/개선건의","0","0","0","0","0","0","","0"
"202108","교통","유실물","2","0","0","0","0","0","","2"
"202108","교통","항공 및 선박","4","0","0","0","0","0","","4"
"202108","금융","기타","1","0","0","0","0","0","","1"
"202108","금융","불편/개선건의","0","0","0","0","0","0","","0"
"202108","금융","신용카드","0","0","0","0","0","0","","0"
"202108","금융","은행업무","22","0","0","0","0","0","","22"
"202108","기타","기타","27","1","0","0","0","0","","28"
"202108","기타","렌탈","0","0","0","0","0","0","","0"
"202108","기타","매매/교환","0","0","0","0","0","0","","0"
"202108","기타","불편/개선건의","0","0","0","0","0","0","","0"
"202108","기타","센터안내","67","1","2","0","0","0","","85"
"202108","기타","통역","92","12","2","0","0","0","","107"
"202108","노무","고용보험","4","0","0","0","0","0","","4"
"202108","노무","구인","1","0","0","0","0","0","","1"
"202108","노무","구직","28","0","0","0","0","0","","29"
"202108","노무","근로자교육","21","0","0","0","0","0","","21"
"202108","노무","근로조건","38","0","0","0","0","0","","38"
"202108","노무","급여","75","8","0","0","0","0","","83"
"202108","노무","기타","27","0","4","0","0","0","","33"
"202108","노무","부당해고","6","0","0","0","0","0","","6"
"202108","노무","불편/개선건의","5","0","0","0","0","0","","6"
"202108","노무","사업장변경","30","1","0","0","0","0","","32"
"202108","노무","사업장이탈","0","0","0","0","0","0","","0"
"202108","노무","산재보험","14","0","0","0","0","0","","14"
"202108","노무","외국근로자보험","29","5","0","0","0","0","","38"
"202108","노무","재고용","10","0","0","0","0","0","","10"
"202108","노무","체불임금","34","3","0","0","0","0","","38"
"202108","문화/관광","교류/행사","3","1","0","0","0","0","","4"
"202108","문화/관광","기타","0","0","0","0","0","0","","0"
"202108","문화/관광","불편/개선건의","0","0","0","0","0","0","","0"
"202108","문화/관광","여행/관광","1","1","0","0","0","0","","2"
"202108","문화/관광","자원봉사","3","0","0","0","0","0","","3"
"202108","문화/관광","종교","0","0","0","0","0","0","","0"
"202108","보건/복지","건강보험","38","2","0","0","0","0","","42"
"202108","보건/복지","국민연금","30","0","1","0","0","0","","32"
"202108","보건/복지","기타","7","0","0","0","0","0","","8"
"202108","보건/복지","동물병원","0","0","0","0","0","0","","0"
"202108","보건/복지","무료진료","1","0","0","0","0","0","","1"
"202108","보건/복지","방역","1632","32","240","2","0","0","","2208"
"202108","보건/복지","불편/개선건의","2","0","0","0","0","0","","2"
"202108","보건/복지","사보험","1","0","0","0","0","0","","1"
"202108","보건/복지","사회복지","9","0","0","0","0","0","","9"
"202108","보건/복지","심리상담","20","27","0","0","0","0","","47"
"202108","보건/복지","의료기관","66","3","0","0","0","0","","70"
"202108","보건/복지","재난지원금","3","0","0","0","0","0","","3"
"202108","보건/복지","중국어 심리상담","0","0","0","0","0","0","","0"
"202108","비즈니스","FDI/금융","0","0","0","0","0","0","","0"
"202108","비즈니스","관세/통관","0","0","0","0","0","0","","0"
"202108","비즈니스","기타","1","0","0","0","0","0","","1"
"202108","비즈니스","노무/인사","0","0","0","0","0","0","","0"
"202108","비즈니스","마케팅","1","0","0","0","0","0","","1"
"202108","비즈니스","무역특화","0","0","0","0","0","0","","0"
"202108","비즈니스","법률/상법","0","0","0","0","0","0","","0"
"202108","비즈니스","불편/개선건의","0","0","0","0","0","0","","0"
"202108","비즈니스","비자","0","0","0","0","0","0","","0"
"202108","비즈니스","비즈네트워킹","0","0","0","0","0","0","","0"
"202108","비즈니스","비즈한국어","0","0","0","0","0","0","","0"
"202108","비즈니스","세금","0","0","0","0","0","0","","0"
"202108","비즈니스","인허가","0","0","0","0","0","0","","0"
"202108","비즈니스","지식재산권","0","1","0","0","0","0","","1"
"202108","비즈니스","창업교육","3","0","0","0","0","0","","3"
"202108","비즈니스","창업보육","0","0","0","0","0","0","","0"
"202108","비즈니스","창업일반","8","2","3","0","0","0","","13"
"202108","비즈니스","회사설립","1","0","0","0","0","0","","1"
"202108","안전","교통사고","9","1","1","0","0","0","","11"
"202108","안전","기타","4","0","0","0","0","0","","4"
"202108","안전","민사사건","11","0","0","0","0","0","","11"
"202108","안전","불편/개선건의","0","0","0","0","0","0","","0"
"202108","안전","일반사고","2","0","0","0","0","0","","2"
"202108","안전","재난/재해","0","0","0","0","0","0","","0"
"202108","안전","형사사건","16","4","0","0","0","0","","20"
"202108","여성/가족","가정폭력","1","0","0","0","0","0","","1"
"202108","여성/가족","가족상담","7","0","0","0","0","0","","7"
"202108","여성/가족","기타","3","0","0","0","0","0","","3"
"202108","여성/가족","불편/개선건의","0","0","0","0","0","0","","0"
"202108","여성/가족","이혼","23","2","0","0","0","0","","25"
"202108","여성/가족","임신/출산","1","0","0","0","0","0","","1"
"202108","정보통신","기타","0","1","0","0","0","0","","1"
"202108","정보통신","불편/개선건의","0","0","0","0","0","0","","0"
"202108","정보통신","우편/택배등","1","0","1","0","0","0","","2"
"202108","정보통신","인터넷","6","1","0","0","0","0","","7"
"202108","정보통신","전화","0","1","0","0","0","0","","1"
"202108","정보통신","케이블/위성TV","0","0","0","0","0","0","","0"
"202108","정보통신","휴대폰","2","0","0","0","0","0","","2"
"202108","주거","공과금","1","0","0","0","0","0","","1"
"202108","주거","기타","6","0","0","0","0","0","","6"
"202108","주거","부동산매매","3","2","0","0","0","0","","5"
"202108","주거","부동산임대","10","1","1","0","0","0","","12"
"202108","주거","불편/개선건의","0","0","0","0","0","0","","0"
"202108","주거","이사","4","0","0","0","0","0","","4"
"202108","주거","주거관련분쟁","8","0","0","0","0","0","","8"
"202108","출입국","검역/세관","0","0","0","0","0","0","","0"
"202108","출입국","귀화/영주권","12","2","2","0","0","0","","16"
"202108","출입국","기타","64","9","0","0","0","0","","73"
"202108","출입국","난민","1","0","0","0","0","0","","1"
"202108","출입국","불편/개선건의","2","0","0","0","0","0","","2"
"202108","출입국","사증변경","47","4","1","0","0","0","","53"
"202108","출입국","사증연장","122","39","0","0","0","0","","173"
"202108","출입국","사증자격","36","6","0","0","0","0","","43"
"202108","출입국","사증취득","14","3","1","0","0","0","","18"
"202108","출입국","외국인등록증","52","7","0","0","0","0","","60"
"202108","출입국","초청","14","2","0","0","0","0","","17"
"202108","출입국","출국/입국","68","20","1","0","0","0","","94"
"202108","행정","공증","0","0","0","0","0","0","","0"
"202108","행정","기타","14","0","0","0","0","0","","14"
"202108","행정","불편/개선건의","0","0","0","0","0","0","","0"
"202108","행정","세무","43","0","0","0","0","0","","46"
"202108","행정","소비자상담","0","1","0","0","0","0","","1"
"202108","행정","쓰레기처리","0","0","1","0","0","0","","1"
"202108","행정","여권","24","2","0","0","0","0","","26"
"202108","행정","운전면허","75","11","2","0","0","0","","89"
"202108","행정","인감","0","0","0","0","0","0","","0"
"202108","행정","일반법률","35","9","0","0","0","0","","44"
"202108","행정","자동차관련","3","1","0","0","0","0","","4"
"202108","행정","출생 및 사망","3","0","0","0","0","0","","3"
"202108","행정","행정기관","85","2","2","0","0","0","","89"
"202108","행정","행정소송","0","0","0","0","0","0","","0"
"202108","행정","혼인관계","7","0","3","0","0","0","","10"
"202107","교육","교육기관","8","1","0","0","0","0","","9"
"202107","교육","기타","4","1","0","0","0","0","","7"
"202107","교육","보육시설","0","0","0","0","0","0","","0"
"202107","교육","불편/개선건의","0","0","0","0","0","0","","0"
"202107","교육","일반교육","22","4","1","0","0","0","","27"
"202107","교육","한국어교육","43","4","243","0","0","0","","290"
"202107","교통","기타","4","0","0","0","0","0","","4"
"202107","교통","대중교통","1","0","0","0","0","0","","1"
"202107","교통","불편/개선건의","0","0","0","0","0","0","","0"
"202107","교통","유실물","0","0","0","0","0","0","","0"
"202107","교통","항공 및 선박","0","0","0","0","0","0","","1"
"202107","금융","기타","1","1","0","0","0","0","","2"
"202107","금융","불편/개선건의","0","0","0","0","0","0","","0"
"202107","금융","신용카드","0","1","0","0","0","0","","1"
"202107","금융","은행업무","15","1","1","0","0","0","","18"
"202107","기타","기타","24","3","1","0","0","0","","30"
"202107","기타","렌탈","0","0","0","0","0","0","","0"
"202107","기타","매매/교환","0","0","0","0","0","0","","0"
"202107","기타","불편/개선건의","0","0","0","0","0","0","","0"
"202107","기타","센터안내","68","1","4","0","0","0","","73"
"202107","기타","통역","110","3","0","0","0","0","","113"
"202107","노무","고용보험","2","0","0","0","0","0","","2"
"202107","노무","구인","0","0","2","0","0","0","","2"
"202107","노무","구직","17","1","0","0","0","0","","20"
"202107","노무","근로자교육","4","0","0","0","0","0","","4"
"202107","노무","근로조건","27","2","2","0","0","0","","31"
"202107","노무","급여","107","6","0","0","0","0","","116"
"202107","노무","기타","31","1","4","0","0","0","","38"
"202107","노무","부당해고","14","0","2","0","0","0","","16"
"202107","노무","불편/개선건의","9","0","0","0","0","0","","10"
"202107","노무","사업장변경","29","1","0","0","0","0","","31"
"202107","노무","사업장이탈","0","0","0","0","0","0","","0"
"202107","노무","산재보험","19","4","0","0","0","0","","25"
"202107","노무","외국근로자보험","41","6","0","0","0","0","","48"
"202107","노무","재고용","8","0","0","0","0","0","","8"
"202107","노무","체불임금","26","6","1","0","0","0","","33"
"202107","문화/관광","교류/행사","1","2","0","0","0","0","","3"
"202107","문화/관광","기타","0","0","0","0","0","0","","0"
"202107","문화/관광","불편/개선건의","0","0","0","0","0","0","","0"
"202107","문화/관광","여행/관광","5","0","0","0","0","0","","5"
"202107","문화/관광","자원봉사","2","0","0","0","0","0","","2"
"202107","문화/관광","종교","0","0","0","0","0","0","","0"
"202107","보건/복지","건강보험","28","5","0","0","0","0","","33"
"202107","보건/복지","국민연금","29","3","0","0","0","0","","34"
"202107","보건/복지","기타","39","3","0","0","0","0","","42"
"202107","보건/복지","동물병원","0","0","0","0","0","0","","0"
"202107","보건/복지","무료진료","1","1","0","0","0","0","","2"
"202107","보건/복지","방역","1033","16","3","0","0","0","","1065"
"202107","보건/복지","불편/개선건의","1","0","0","0","0","0","","1"
"202107","보건/복지","사보험","1","0","0","0","0","0","","1"
"202107","보건/복지","사회복지","14","7","1","0","0","0","","22"
"202107","보건/복지","심리상담","14","17","1","0","0","0","","32"
"202107","보건/복지","의료기관","42","2","0","0","0","0","","44"
"202107","보건/복지","재난지원금","2","0","0","0","0","0","","2"
"202107","보건/복지","중국어 심리상담","1","16","0","0","0","0","","17"
"202107","비즈니스","FDI/금융","0","0","0","0","0","0","","0"
"202107","비즈니스","관세/통관","0","0","0","0","0","0","","0"
"202107","비즈니스","기타","4","0","0","0","0","0","","4"
"202107","비즈니스","노무/인사","0","0","0","0","0","0","","0"
"202107","비즈니스","마케팅","0","0","0","0","0","0","","0"
"202107","비즈니스","무역특화","0","0","0","0","0","0","","0"
"202107","비즈니스","법률/상법","0","0","0","0","0","0","","0"
"202107","비즈니스","불편/개선건의","0","0","0","0","0","0","","0"
"202107","비즈니스","비자","0","0","0","0","0","0","","0"
"202107","비즈니스","비즈네트워킹","0","0","0","0","0","0","","0"
"202107","비즈니스","비즈한국어","0","0","0","0","0","0","","0"
"202107","비즈니스","세금","0","0","0","0","0","0","","0"
"202107","비즈니스","인허가","0","0","0","0","0","0","","0"
"202107","비즈니스","지식재산권","0","0","0","0","0","0","","0"
"202107","비즈니스","창업교육","4","0","0","0","0","0","","4"
"202107","비즈니스","창업보육","0","0","0","0","0","0","","0"
"202107","비즈니스","창업일반","12","1","4","1","0","0","","18"
"202107","비즈니스","회사설립","0","1","0","0","0","0","","1"
"202107","안전","교통사고","12","1","0","0","0","0","","13"
"202107","안전","기타","1","3","0","0","0","0","","6"
"202107","안전","민사사건","11","1","1","0","0","0","","13"
"202107","안전","불편/개선건의","0","0","0","0","0","0","","0"
"202107","안전","일반사고","0","0","0","0","0","0","","0"
"202107","안전","재난/재해","0","0","0","0","0","0","","0"
"202107","안전","형사사건","12","3","0","0","0","0","","15"
"202107","여성/가족","가정폭력","3","1","0","0","0","0","","4"
"202107","여성/가족","가족상담","4","0","0","0","0","0","","5"
"202107","여성/가족","기타","2","0","0","0","0","0","","2"
"202107","여성/가족","불편/개선건의","0","0","0","0","0","0","","0"
"202107","여성/가족","이혼","22","3","1","0","0","0","","26"
"202107","여성/가족","임신/출산","0","0","0","0","0","0","","0"
"202107","정보통신","기타","1","0","0","0","0","0","","1"
"202107","정보통신","불편/개선건의","0","0","0","0","0","0","","0"
"202107","정보통신","우편/택배등","3","0","0","0","0","0","","3"
"202107","정보통신","인터넷","1","1","0","0","0","0","","2"
"202107","정보통신","전화","0","1","0","0","0","0","","1"
"202107","정보통신","케이블/위성TV","0","0","0","0","0","0","","0"
"202107","정보통신","휴대폰","2","1","0","0","0","0","","3"
"202107","주거","공과금","0","0","0","0","0","0","","0"
"202107","주거","기타","6","0","0","0","0","0","","6"
"202107","주거","부동산매매","7","1","0","0","0","0","","8"
"202107","주거","부동산임대","31","3","0","0","0","0","","34"
"202107","주거","불편/개선건의","0","0","0","0","0","0","","0"
"202107","주거","이사","4","0","0","0","0","0","","4"
"202107","주거","주거관련분쟁","14","1","0","0","0","0","","15"
"202107","출입국","검역/세관","0","0","0","0","0","0","","0"
"202107","출입국","귀화/영주권","11","3","0","0","0","0","","14"
"202107","출입국","기타","57","9","0","0","0","0","","68"
"202107","출입국","난민","2","0","0","0","0","0","","2"
"202107","출입국","불편/개선건의","0","1","0","0","0","0","","1"
"202107","출입국","사증변경","29","5","2","0","0","0","","36"
"202107","출입국","사증연장","143","33","0","0","0","0","","191"
"202107","출입국","사증자격","29","5","0","0","0","0","","36"
"202107","출입국","사증취득","21","3","0","0","0","0","","24"
"202107","출입국","외국인등록증","38","7","0","0","0","0","","45"
"202107","출입국","초청","15","1","0","0","0","0","","17"
"202107","출입국","출국/입국","79","23","0","0","0","0","","109"
"202107","행정","공증","5","0","0","0","0","0","","5"
"202107","행정","기타","21","2","1","0","0","0","","24"
"202107","행정","불편/개선건의","0","0","0","0","0","0","","0"
"202107","행정","세무","27","0","0","0","0","0","","28"
"202107","행정","소비자상담","0","0","0","0","0","0","","0"
"202107","행정","쓰레기처리","0","0","0","0","0","0","","0"
"202107","행정","여권","23","4","0","0","0","0","","27"
"202107","행정","운전면허","78","15","0","0","0","0","","94"
"202107","행정","인감","0","0","0","0","0","0","","0"
"202107","행정","일반법률","32","4","2","0","0","0","","39"
"202107","행정","자동차관련","9","0","0","0","0","0","","9"
"202107","행정","출생 및 사망","2","0","0","0","0","0","","2"
"202107","행정","행정기관","67","1","0","0","0","0","","68"
"202107","행정","행정소송","0","0","0","0","0","0","","0"
"202107","행정","혼인관계","3","1","2","0","0","0","","6"
"202106","교육","교육기관","7","0","1","0","0","0","","9"
"202106","교육","기타","6","1","0","0","0","0","","7"
"202106","교육","보육시설","0","0","0","0","0","0","","0"
"202106","교육","불편/개선건의","0","0","0","0","0","0","","0"
"202106","교육","일반교육","9","2","0","0","0","0","","11"
"202106","교육","한국어교육","61","7","19","1","0","0","","88"
"202106","교통","기타","3","0","0","0","0","0","","3"
"202106","교통","대중교통","1","0","0","0","0","0","","1"
"202106","교통","불편/개선건의","0","0","0","0","0","0","","0"
"202106","교통","유실물","0","0","0","0","0","0","","0"
"202106","교통","항공 및 선박","1","0","0","0","0","0","","1"
"202106","금융","기타","2","1","0","0","0","0","","3"
"202106","금융","불편/개선건의","0","0","0","0","0","0","","0"
"202106","금융","신용카드","0","1","0","0","0","0","","1"
"202106","금융","은행업무","17","2","1","0","0","0","","21"
"202106","기타","기타","20","2","0","0","0","0","","23"
"202106","기타","렌탈","0","0","0","0","0","0","","0"
"202106","기타","매매/교환","0","0","0","0","0","0","","0"
"202106","기타","불편/개선건의","0","0","0","0","0","0","","0"
"202106","기타","센터안내","28","1","3","0","0","0","","35"
"202106","기타","통역","58","4","0","0","0","0","","65"
"202106","노무","고용보험","4","0","0","0","0","0","","5"
"202106","노무","구인","3","0","0","0","0","0","","3"
"202106","노무","구직","22","4","0","0","0","0","","29"
"202106","노무","근로자교육","10","0","0","0","0","0","","10"
"202106","노무","근로조건","32","3","2","0","0","0","","37"
"202106","노무","급여","86","8","0","0","0","0","","101"
"202106","노무","기타","36","2","0","0","0","0","","39"
"202106","노무","부당해고","9","3","0","0","0","0","","12"
"202106","노무","불편/개선건의","10","1","0","0","0","0","","12"
"202106","노무","사업장변경","31","0","0","0","0","0","","32"
"202106","노무","사업장이탈","1","1","0","0","0","0","","2"
"202106","노무","산재보험","17","0","0","0","0","0","","17"
"202106","노무","외국근로자보험","35","6","0","0","0","0","","43"
"202106","노무","재고용","27","2","0","0","0","0","","31"
"202106","노무","체불임금","20","4","0","0","0","0","","24"
"202106","문화/관광","교류/행사","1","0","0","0","0","0","","2"
"202106","문화/관광","기타","1","0","0","0","0","0","","1"
"202106","문화/관광","불편/개선건의","0","0","0","0","0","0","","0"
"202106","문화/관광","여행/관광","0","0","0","0","0","0","","0"
"202106","문화/관광","자원봉사","1","0","0","0","0","0","","1"
"202106","문화/관광","종교","0","0","0","0","0","0","","0"
"202106","보건/복지","건강보험","34","7","1","0","0","0","","43"
"202106","보건/복지","국민연금","32","6","0","0","0","0","","38"
"202106","보건/복지","기타","60","3","0","0","0","0","","63"
"202106","보건/복지","동물병원","0","0","0","0","0","0","","0"
"202106","보건/복지","무료진료","4","0","0","0","0","0","","4"
"202106","보건/복지","방역","102","5","2","0","0","0","","113"
"202106","보건/복지","불편/개선건의","0","0","0","0","0","0","","0"
"202106","보건/복지","사보험","3","0","0","0","0","0","","3"
"202106","보건/복지","사회복지","9","3","1","0","0","0","","13"
"202106","보건/복지","심리상담","25","44","1","0","0","0","","70"
"202106","보건/복지","의료기관","49","6","0","0","0","0","","57"
"202106","보건/복지","재난지원금","1","0","0","0","0","0","","1"
"202106","보건/복지","중국어 심리상담","0","16","0","0","0","0","","16"
"202106","비즈니스","FDI/금융","0","0","0","0","0","0","","0"
"202106","비즈니스","관세/통관","0","1","0","0","0","0","","1"
"202106","비즈니스","기타","3","0","0","0","0","0","","3"
"202106","비즈니스","노무/인사","0","0","0","0","0","0","","0"
"202106","비즈니스","마케팅","1","0","0","0","0","0","","1"
"202106","비즈니스","무역특화","0","0","0","0","0","0","","0"
"202106","비즈니스","법률/상법","0","1","0","0","0","0","","1"
"202106","비즈니스","불편/개선건의","0","0","0","0","0","0","","0"
"202106","비즈니스","비자","0","0","0","0","0","0","","0"
"202106","비즈니스","비즈네트워킹","0","0","0","0","0","0","","0"
"202106","비즈니스","비즈한국어","0","0","0","0","0","0","","0"
"202106","비즈니스","세금","0","0","0","0","0","0","","0"
"202106","비즈니스","인허가","0","0","0","0","0","0","","0"
"202106","비즈니스","지식재산권","1","0","0","0","0","0","","1"
"202106","비즈니스","창업교육","5","0","0","0","0","0","","5"
"202106","비즈니스","창업보육","0","0","0","0","0","0","","0"
"202106","비즈니스","창업일반","9","0","0","0","0","0","","9"
"202106","비즈니스","회사설립","1","1","1","0","0","0","","3"
"202106","안전","교통사고","6","0","0","0","0","0","","6"
"202106","안전","기타","6","0","0","0","0","0","","6"
"202106","안전","민사사건","17","2","0","0","0","0","","19"
"202106","안전","불편/개선건의","0","0","0","0","0","0","","0"
"202106","안전","일반사고","1","0","0","0","0","0","","1"
"202106","안전","재난/재해","0","0","0","0","0","0","","0"
"202106","안전","형사사건","15","3","0","0","0","0","","18"
"202106","여성/가족","가정폭력","3","0","0","0","0","0","","4"
"202106","여성/가족","가족상담","1","0","0","0","0","0","","1"
"202106","여성/가족","기타","6","0","0","0","0","0","","6"
"202106","여성/가족","불편/개선건의","0","0","0","0","0","0","","0"
"202106","여성/가족","이혼","16","1","0","0","0","0","","17"
"202106","여성/가족","임신/출산","2","0","0","0","0","0","","2"
"202106","정보통신","기타","0","0","0","0","0","0","","0"
"202106","정보통신","불편/개선건의","1","0","0","0","0","0","","1"
"202106","정보통신","우편/택배등","3","0","0","0","0","0","","3"
"202106","정보통신","인터넷","7","1","0","0","0","0","","8"
"202106","정보통신","전화","1","0","0","0","0","0","","1"
"202106","정보통신","케이블/위성TV","0","0","0","0","0","0","","0"
"202106","정보통신","휴대폰","7","2","0","0","0","0","","10"
"202106","주거","공과금","1","0","0","0","0","0","","1"
"202106","주거","기타","1","2","0","0","0","0","","3"
"202106","주거","부동산매매","6","2","0","0","0","0","","8"
"202106","주거","부동산임대","20","2","1","0","0","0","","23"
"202106","주거","불편/개선건의","2","0","0","0","0","0","","2"
"202106","주거","이사","5","1","0","0","0","0","","6"
"202106","주거","주거관련분쟁","5","1","0","0","0","0","","7"
"202106","출입국","검역/세관","0","0","0","0","0","0","","0"
"202106","출입국","귀화/영주권","11","4","0","0","0","0","","15"
"202106","출입국","기타","42","12","3","0","0","0","","59"
"202106","출입국","난민","0","0","0","0","0","0","","0"
"202106","출입국","불편/개선건의","0","0","0","0","0","0","","0"
"202106","출입국","사증변경","44","12","0","0","0","0","","57"
"202106","출입국","사증연장","120","39","0","0","0","0","","175"
"202106","출입국","사증자격","32","4","0","0","0","0","","40"
"202106","출입국","사증취득","15","2","0","0","0","0","","17"
"202106","출입국","외국인등록증","43","8","0","0","0","0","","51"
"202106","출입국","초청","17","6","0","0","0","0","","23"
"202106","출입국","출국/입국","114","44","2","0","0","0","","162"
"202106","행정","공증","4","0","0","0","0","0","","4"
"202106","행정","기타","23","1","0","0","0","0","","25"
"202106","행정","불편/개선건의","0","0","0","0","0","0","","0"
"202106","행정","세무","43","2","0","0","0","0","","45"
"202106","행정","소비자상담","1","0","0","0","0","0","","1"
"202106","행정","쓰레기처리","2","0","0","0","0","0","","2"
"202106","행정","여권","17","5","0","0","0","0","","22"
"202106","행정","운전면허","74","23","1","0","0","0","","98"
"202106","행정","인감","0","0","0","0","0","0","","0"
"202106","행정","일반법률","37","6","0","0","0","0","","43"
"202106","행정","자동차관련","1","0","0","0","0","0","","1"
"202106","행정","출생 및 사망","1","0","0","0","0","0","","1"
"202106","행정","행정기관","98","9","0","0","0","0","","111"
"202106","행정","행정소송","0","0","0","0","0","0","","0"
"202106","행정","혼인관계","7","0","2","0","0","0","","9"
"202105","교육","교육기관","10","0","0","0","0","0","","10"
"202105","교육","기타","3","1","0","0","0","0","","4"
"202105","교육","보육시설","4","0","0","0","0","0","","4"
"202105","교육","불편/개선건의","0","0","0","0","0","0","","0"
"202105","교육","일반교육","18","5","0","0","0","0","","23"
"202105","교육","한국어교육","67","3","2","0","0","0","","76"
"202105","교통","기타","1","0","0","0","0","0","","1"
"202105","교통","대중교통","1","0","0","0","0","0","","1"
"202105","교통","불편/개선건의","0","0","0","0","0","0","","0"
"202105","교통","유실물","1","0","0","0","0","0","","1"
"202105","교통","항공 및 선박","0","0","0","0","0","0","","0"
"202105","금융","기타","4","0","0","0","0","0","","4"
"202105","금융","불편/개선건의","0","0","0","0","0","0","","0"
"202105","금융","신용카드","0","0","0","0","0","0","","0"
"202105","금융","은행업무","23","0","0","0","0","0","","24"
"202105","기타","기타","21","3","1","0","0","0","","25"
"202105","기타","렌탈","0","0","0","0","0","0","","0"
"202105","기타","매매/교환","0","0","0","0","0","0","","0"
"202105","기타","불편/개선건의","0","0","0","0","0","0","","0"
"202105","기타","센터안내","28","1","1","0","0","0","","31"
"202105","기타","통역","61","3","2","0","0","0","","67"
"202105","노무","고용보험","1","0","0","0","0","0","","1"
"202105","노무","구인","5","1","0","0","0","0","","6"
"202105","노무","구직","28","2","2","0","0","0","","33"
"202105","노무","근로자교육","10","1","0","0","0","0","","11"
"202105","노무","근로조건","43","2","0","0","0","0","","46"
"202105","노무","급여","80","9","0","0","0","0","","92"
"202105","노무","기타","33","1","0","0","0","0","","37"
"202105","노무","부당해고","8","0","0","0","0","0","","8"
"202105","노무","불편/개선건의","3","0","0","0","0","0","","3"
"202105","노무","사업장변경","34","0","0","0","0","0","","35"
"202105","노무","사업장이탈","1","0","0","0","0","0","","1"
"202105","노무","산재보험","12","1","0","0","0","0","","13"
"202105","노무","외국근로자보험","31","16","0","0","0","0","","47"
"202105","노무","재고용","19","0","0","0","0","0","","20"
"202105","노무","체불임금","26","4","0","0","0","0","","31"
"202105","문화/관광","교류/행사","0","0","0","0","0","0","","0"
"202105","문화/관광","기타","0","0","0","0","0","0","","0"
"202105","문화/관광","불편/개선건의","0","0","0","0","0","0","","0"
"202105","문화/관광","여행/관광","1","0","0","0","0","0","","2"
"202105","문화/관광","자원봉사","2","0","0","0","0","0","","2"
"202105","문화/관광","종교","0","0","0","0","0","0","","0"
"202105","보건/복지","건강보험","52","2","2","0","0","0","","58"
"202105","보건/복지","국민연금","34","8","0","0","0","0","","42"
"202105","보건/복지","기타","18","0","0","0","0","0","","22"
"202105","보건/복지","동물병원","0","0","0","0","0","0","","0"
"202105","보건/복지","무료진료","1","0","0","0","0","0","","1"
"202105","보건/복지","방역","70","1","0","0","0","0","","71"
"202105","보건/복지","불편/개선건의","1","0","0","0","0","0","","1"
"202105","보건/복지","사보험","3","0","0","0","0","0","","3"
"202105","보건/복지","사회복지","8","1","0","0","0","0","","9"
"202105","보건/복지","심리상담","14","18","1","0","0","0","","33"
"202105","보건/복지","의료기관","48","0","0","0","0","0","","50"
"202105","보건/복지","재난지원금","2","0","0","0","0","0","","2"
"202105","보건/복지","중국어 심리상담","3","11","0","0","0","0","","14"
"202105","비즈니스","FDI/금융","0","0","0","0","0","0","","0"
"202105","비즈니스","관세/통관","0","0","0","0","0","0","","0"
"202105","비즈니스","기타","1","0","0","0","0","0","","1"
"202105","비즈니스","노무/인사","0","0","0","0","0","0","","0"
"202105","비즈니스","마케팅","0","0","0","0","0","0","","0"
"202105","비즈니스","무역특화","0","0","0","0","0","0","","0"
"202105","비즈니스","법률/상법","0","0","0","0","0","0","","0"
"202105","비즈니스","불편/개선건의","0","0","0","0","0","0","","0"
"202105","비즈니스","비자","0","0","0","0","0","0","","0"
"202105","비즈니스","비즈네트워킹","0","0","0","0","0","0","","0"
"202105","비즈니스","비즈한국어","0","0","0","0","0","0","","0"
"202105","비즈니스","세금","1","0","0","0","0","0","","1"
"202105","비즈니스","인허가","0","0","0","0","0","0","","0"
"202105","비즈니스","지식재산권","0","0","0","0","0","0","","0"
"202105","비즈니스","창업교육","7","0","0","0","0","0","","7"
"202105","비즈니스","창업보육","0","0","0","0","0","0","","0"
"202105","비즈니스","창업일반","13","1","1","0","0","0","","15"
"202105","비즈니스","회사설립","1","1","0","0","0","0","","2"
"202105","안전","교통사고","7","0","0","0","0","0","","7"
"202105","안전","기타","7","1","0","0","0","0","","8"
"202105","안전","민사사건","7","0","0","0","0","0","","9"
"202105","안전","불편/개선건의","0","0","0","0","0","0","","0"
"202105","안전","일반사고","1","0","0","0","0","0","","1"
"202105","안전","재난/재해","0","0","0","0","0","0","","0"
"202105","안전","형사사건","23","1","0","0","0","0","","24"
"202105","여성/가족","가정폭력","1","0","0","0","0","0","","1"
"202105","여성/가족","가족상담","0","0","0","0","0","0","","0"
"202105","여성/가족","기타","1","0","0","0","0","0","","1"
"202105","여성/가족","불편/개선건의","0","0","0","0","0","0","","0"
"202105","여성/가족","이혼","22","1","2","0","0","0","","25"
"202105","여성/가족","임신/출산","2","0","0","0","0","0","","2"
"202105","정보통신","기타","0","0","0","0","0","0","","0"
"202105","정보통신","불편/개선건의","0","0","0","0","0","0","","0"
"202105","정보통신","우편/택배등","0","0","0","0","0","0","","0"
"202105","정보통신","인터넷","2","0","0","0","0","0","","2"
"202105","정보통신","전화","0","0","0","0","0","0","","0"
"202105","정보통신","케이블/위성TV","0","0","0","0","0","0","","0"
"202105","정보통신","휴대폰","3","0","0","0","0","0","","3"
"202105","주거","공과금","0","0","0","0","0","0","","0"
"202105","주거","기타","3","0","0","0","0","0","","3"
"202105","주거","부동산매매","4","0","0","0","0","0","","4"
"202105","주거","부동산임대","13","2","1","0","0","0","","16"
"202105","주거","불편/개선건의","1","0","0","0","0","0","","1"
"202105","주거","이사","5","0","0","0","0","0","","5"
"202105","주거","주거관련분쟁","9","2","0","0","0","0","","11"
"202105","출입국","검역/세관","0","0","0","0","0","0","","0"
"202105","출입국","귀화/영주권","16","3","0","0","0","0","","19"
"202105","출입국","기타","54","9","0","0","0","0","","66"
"202105","출입국","난민","0","0","0","0","0","0","","0"
"202105","출입국","불편/개선건의","1","1","0","0","0","0","","2"
"202105","출입국","사증변경","34","17","0","0","0","0","","51"
"202105","출입국","사증연장","169","57","2","0","0","0","","264"
"202105","출입국","사증자격","40","4","1","0","0","0","","47"
"202105","출입국","사증취득","11","2","0","0","0","0","","13"
"202105","출입국","외국인등록증","33","3","2","0","0","0","","39"
"202105","출입국","초청","10","1","0","0","0","0","","11"
"202105","출입국","출국/입국","75","31","0","0","0","0","","115"
"202105","행정","공증","2","0","0","0","0","0","","2"
"202105","행정","기타","17","1","2","0","0","0","","20"
"202105","행정","불편/개선건의","1","0","0","0","0","0","","1"
"202105","행정","세무","103","13","4","0","0","0","","121"
"202105","행정","소비자상담","0","1","0","0","0","0","","1"
"202105","행정","쓰레기처리","2","0","0","0","0","0","","2"
"202105","행정","여권","27","0","0","0","0","0","","27"
"202105","행정","운전면허","85","16","0","0","0","0","","101"
"202105","행정","인감","1","0","0","0","0","0","","1"
"202105","행정","일반법률","29","0","1","0","0","0","","30"
"202105","행정","자동차관련","1","0","0","0","0","0","","1"
"202105","행정","출생 및 사망","2","0","0","0","0","0","","2"
"202105","행정","행정기관","50","2","0","0","0","0","","52"
"202105","행정","행정소송","2","0","0","0","0","0","","2"
"202105","행정","혼인관계","5","0","2","0","0","0","","7"
"202104","교육","교육기관","8","2","0","0","0","0","","10"
"202104","교육","기타","3","0","0","0","0","0","","3"
"202104","교육","보육시설","0","0","0","0","0","0","","0"
"202104","교육","불편/개선건의","0","0","0","0","0","0","","0"
"202104","교육","일반교육","10","1","0","0","0","0","","12"
"202104","교육","한국어교육","95","4","32","0","0","0","","133"
"202104","교통","기타","0","0","0","0","0","0","","1"
"202104","교통","대중교통","3","1","0","0","0","0","","4"
"202104","교통","불편/개선건의","0","0","0","0","0","0","","0"
"202104","교통","유실물","0","0","0","0","0","0","","0"
"202104","교통","항공 및 선박","3","2","0","0","0","0","","5"
"202104","금융","기타","1","0","0","0","0","0","","1"
"202104","금융","불편/개선건의","0","0","0","0","0","0","","0"
"202104","금융","신용카드","0","0","0","0","0","0","","0"
"202104","금융","은행업무","23","2","0","0","0","0","","25"
"202104","기타","기타","21","0","0","0","0","0","","21"
"202104","기타","렌탈","0","0","0","0","0","0","","0"
"202104","기타","매매/교환","0","0","0","0","0","0","","0"
"202104","기타","불편/개선건의","3","0","0","0","0","0","","3"
"202104","기타","센터안내","52","0","0","0","0","0","","55"
"202104","기타","통역","113","7","0","0","0","0","","121"
"202104","노무","고용보험","2","1","1","0","0","0","","5"
"202104","노무","구인","8","2","0","0","0","0","","10"
"202104","노무","구직","33","0","1","0","0","0","","36"
"202104","노무","근로자교육","10","0","0","0","0","0","","10"
"202104","노무","근로조건","66","0","0","0","0","0","","69"
"202104","노무","급여","134","18","0","0","0","0","","156"
"202104","노무","기타","43","1","0","0","0","0","","47"
"202104","노무","부당해고","15","0","0","0","0","0","","15"
"202104","노무","불편/개선건의","9","0","0","0","0","0","","10"
"202104","노무","사업장변경","28","0","0","0","0","0","","29"
"202104","노무","사업장이탈","2","0","0","0","0","0","","2"
"202104","노무","산재보험","14","0","0","0","0","0","","14"
"202104","노무","외국근로자보험","63","21","0","0","0","0","","87"
"202104","노무","재고용","67","0","0","0","0","0","","68"
"202104","노무","체불임금","38","2","0","1","0","0","","41"
"202104","문화/관광","교류/행사","0","0","0","0","0","0","","0"
"202104","문화/관광","기타","1","0","0","0","0","0","","1"
"202104","문화/관광","불편/개선건의","0","0","0","0","0","0","","0"
"202104","문화/관광","여행/관광","2","0","0","0","0","0","","3"
"202104","문화/관광","자원봉사","3","0","0","0","0","0","","3"
"202104","문화/관광","종교","0","0","0","0","0","0","","0"
"202104","보건/복지","건강보험","45","9","2","0","0","0","","57"
"202104","보건/복지","국민연금","51","6","0","0","0","0","","58"
"202104","보건/복지","기타","35","1","0","0","0","0","","37"
"202104","보건/복지","동물병원","0","0","0","0","0","0","","0"
"202104","보건/복지","무료진료","1","0","0","0","0","0","","2"
"202104","보건/복지","방역","48","2","1","0","0","0","","52"
"202104","보건/복지","불편/개선건의","0","0","0","0","0","0","","0"
"202104","보건/복지","사보험","5","0","0","0","0","0","","5"
"202104","보건/복지","사회복지","9","1","0","0","0","0","","14"
"202104","보건/복지","심리상담","27","20","1","0","0","0","","48"
"202104","보건/복지","의료기관","28","0","0","0","0","0","","30"
"202104","보건/복지","재난지원금","23","0","0","0","0","0","","23"
"202104","보건/복지","중국어 심리상담","2","16","0","0","0","0","","18"
"202104","비즈니스","FDI/금융","0","0","0","0","0","0","","0"
"202104","비즈니스","관세/통관","0","0","0","0","0","0","","0"
"202104","비즈니스","기타","5","1","0","1","0","0","","7"
"202104","비즈니스","노무/인사","0","1","0","0","0","0","","1"
"202104","비즈니스","마케팅","0","0","0","0","0","0","","0"
"202104","비즈니스","무역특화","0","0","0","0","0","0","","0"
"202104","비즈니스","법률/상법","0","2","1","0","0","0","","3"
"202104","비즈니스","불편/개선건의","0","0","0","0","0","0","","0"
"202104","비즈니스","비자","1","2","0","0","0","0","","3"
"202104","비즈니스","비즈네트워킹","1","0","0","0","0","0","","1"
"202104","비즈니스","비즈한국어","0","0","0","0","0","0","","0"
"202104","비즈니스","세금","0","0","0","0","0","0","","0"
"202104","비즈니스","인허가","0","0","0","0","0","0","","0"
"202104","비즈니스","지식재산권","0","0","0","0","0","0","","0"
"202104","비즈니스","창업교육","4","1","0","0","0","0","","5"
"202104","비즈니스","창업보육","2","0","0","0","0","0","","2"
"202104","비즈니스","창업일반","12","1","0","0","0","0","","14"
"202104","비즈니스","회사설립","4","0","0","0","0","0","","4"
"202104","안전","교통사고","4","0","0","0","0","0","","4"
"202104","안전","기타","4","1","0","0","0","0","","5"
"202104","안전","민사사건","24","0","0","0","0","0","","24"
"202104","안전","불편/개선건의","0","0","0","0","0","0","","0"
"202104","안전","일반사고","1","1","0","0","0","0","","2"
"202104","안전","재난/재해","0","0","0","0","0","0","","0"
"202104","안전","형사사건","21","4","0","0","0","0","","25"
"202104","여성/가족","가정폭력","1","0","0","0","0","0","","1"
"202104","여성/가족","가족상담","3","0","0","0","0","0","","4"
"202104","여성/가족","기타","0","1","0","0","0","0","","1"
"202104","여성/가족","불편/개선건의","0","0","0","0","0","0","","0"
"202104","여성/가족","이혼","23","3","0","0","0","0","","26"
"202104","여성/가족","임신/출산","5","2","0","0","0","0","","7"
"202104","정보통신","기타","0","0","0","0","0","0","","0"
"202104","정보통신","불편/개선건의","0","1","0","0","0","0","","1"
"202104","정보통신","우편/택배등","5","2","0","0","0","0","","7"
"202104","정보통신","인터넷","3","1","0","0","0","0","","4"
"202104","정보통신","전화","0","0","0","0","0","0","","0"
"202104","정보통신","케이블/위성TV","0","0","0","0","0","0","","0"
"202104","정보통신","휴대폰","6","2","0","0","0","0","","8"
"202104","주거","공과금","2","0","0","0","0","0","","2"
"202104","주거","기타","8","0","0","0","0","0","","8"
"202104","주거","부동산매매","2","3","0","0","0","0","","5"
"202104","주거","부동산임대","27","3","0","0","0","0","","30"
"202104","주거","불편/개선건의","1","0","0","0","0","0","","1"
"202104","주거","이사","2","0","1","0","0","0","","3"
"202104","주거","주거관련분쟁","11","1","1","0","0","0","","13"
"202104","출입국","검역/세관","0","0","0","0","0","0","","0"
"202104","출입국","귀화/영주권","8","3","1","0","0","0","","12"
"202104","출입국","기타","70","15","2","0","0","0","","91"
"202104","출입국","난민","3","1","0","0","0","0","","5"
"202104","출입국","불편/개선건의","0","0","0","0","0","0","","0"
"202104","출입국","사증변경","43","10","0","0","0","0","","53"
"202104","출입국","사증연장","264","40","0","0","0","0","","324"
"202104","출입국","사증자격","38","4","0","0","0","0","","50"
"202104","출입국","사증취득","13","3","0","0","0","0","","16"
"202104","출입국","외국인등록증","51","7","0","0","0","0","","59"
"202104","출입국","초청","6","3","0","0","0","0","","9"
"202104","출입국","출국/입국","100","37","1","0","0","0","","143"
"202104","행정","공증","1","0","0","0","0","0","","1"
"202104","행정","기타","18","0","0","0","0","0","","18"
"202104","행정","불편/개선건의","0","0","0","0","0","0","","0"
"202104","행정","세무","39","0","2","0","0","0","","43"
"202104","행정","소비자상담","1","0","0","0","0","0","","1"
"202104","행정","쓰레기처리","0","0","0","0","0","0","","0"
"202104","행정","여권","30","1","0","0","0","0","","31"
"202104","행정","운전면허","104","14","4","0","0","0","","122"
"202104","행정","인감","0","0","0","0","0","0","","0"
"202104","행정","일반법률","34","4","1","0","0","0","","39"
"202104","행정","자동차관련","2","0","0","0","0","0","","2"
"202104","행정","출생 및 사망","4","0","2","0","0","0","","6"
"202104","행정","행정기관","96","3","1","0","0","0","","103"
"202104","행정","행정소송","0","0","0","0","0","0","","0"
"202104","행정","혼인관계","5","0","4","1","0","0","","10"
"202103","교육","교육기관","6","0","0","0","0","0","","6"
"202103","교육","기타","2","2","0","0","0","0","","4"
"202103","교육","보육시설","2","0","0","0","0","0","","2"
"202103","교육","불편/개선건의","1","0","0","0","0","0","","1"
"202103","교육","일반교육","18","4","0","0","0","0","","22"
"202103","교육","한국어교육","36","3","48","0","0","0","","91"
"202103","교통","기타","2","0","0","0","0","0","","3"
"202103","교통","대중교통","5","0","0","0","0","0","","5"
"202103","교통","불편/개선건의","0","0","0","0","0","0","","0"
"202103","교통","유실물","0","0","0","0","0","0","","0"
"202103","교통","항공 및 선박","7","1","0","0","0","0","","9"
"202103","금융","기타","1","0","0","0","0","0","","1"
"202103","금융","불편/개선건의","0","0","0","0","0","0","","0"
"202103","금융","신용카드","1","0","0","0","0","0","","1"
"202103","금융","은행업무","24","1","0","0","0","0","","25"
"202103","기타","기타","18","2","0","0","0","0","","20"
"202103","기타","렌탈","0","0","0","0","0","0","","0"
"202103","기타","매매/교환","0","0","0","0","0","0","","0"
"202103","기타","불편/개선건의","1","0","0","0","0","0","","1"
"202103","기타","센터안내","30","1","0","0","0","0","","32"
"202103","기타","통역","93","7","1","0","0","0","","105"
"202103","노무","고용보험","7","0","0","0","0","0","","7"
"202103","노무","구인","0","0","0","0","0","0","","0"
"202103","노무","구직","19","1","0","0","0","0","","22"
"202103","노무","근로자교육","7","0","0","0","0","0","","7"
"202103","노무","근로조건","39","0","0","0","0","0","","39"
"202103","노무","급여","134","13","1","0","0","0","","155"
"202103","노무","기타","47","3","0","0","0","0","","51"
"202103","노무","부당해고","2","0","0","0","0","0","","2"
"202103","노무","불편/개선건의","4","0","0","0","0","0","","6"
"202103","노무","사업장변경","30","0","0","0","0","0","","30"
"202103","노무","사업장이탈","0","0","0","0","0","0","","0"
"202103","노무","산재보험","15","1","0","0","0","0","","16"
"202103","노무","외국근로자보험","47","25","0","0","0","0","","74"
"202103","노무","재고용","16","0","0","0","0","0","","18"
"202103","노무","체불임금","36","3","0","0","0","0","","39"
"202103","문화/관광","교류/행사","4","0","0","0","0","0","","4"
"202103","문화/관광","기타","1","0","0","0","0","0","","1"
"202103","문화/관광","불편/개선건의","0","0","0","0","0","0","","0"
"202103","문화/관광","여행/관광","2","0","0","0","0","0","","2"
"202103","문화/관광","자원봉사","2","1","0","0","0","0","","3"
"202103","문화/관광","종교","0","0","0","0","0","0","","0"
"202103","보건/복지","건강보험","82","0","0","0","0","0","","82"
"202103","보건/복지","국민연금","39","11","0","0","0","0","","51"
"202103","보건/복지","기타","39","0","0","0","0","0","","39"
"202103","보건/복지","동물병원","0","0","0","0","0","0","","0"
"202103","보건/복지","무료진료","3","0","0","0","0","0","","3"
"202103","보건/복지","방역","256","4","1","0","0","0","","265"
"202103","보건/복지","불편/개선건의","1","0","0","0","0","0","","1"
"202103","보건/복지","사보험","2","0","0","0","0","0","","2"
"202103","보건/복지","사회복지","6","1","0","0","0","0","","7"
"202103","보건/복지","심리상담","20","26","0","0","0","0","","46"
"202103","보건/복지","의료기관","41","1","0","0","0","0","","42"
"202103","보건/복지","재난지원금","5","0","0","0","0","0","","5"
"202103","보건/복지","중국어 심리상담","1","10","0","0","0","0","","11"
"202103","비즈니스","FDI/금융","0","0","0","0","0","0","","0"
"202103","비즈니스","관세/통관","0","0","0","0","0","0","","0"
"202103","비즈니스","기타","3","0","0","0","0","0","","3"
"202103","비즈니스","노무/인사","0","0","0","0","0","0","","0"
"202103","비즈니스","마케팅","0","0","0","0","0","0","","0"
"202103","비즈니스","무역특화","0","0","0","0","0","0","","0"
"202103","비즈니스","법률/상법","0","0","0","0","0","0","","0"
"202103","비즈니스","불편/개선건의","0","0","0","0","0","0","","0"
"202103","비즈니스","비자","0","0","0","0","0","0","","0"
"202103","비즈니스","비즈네트워킹","0","0","0","0","0","0","","0"
"202103","비즈니스","비즈한국어","0","0","0","0","0","0","","0"
"202103","비즈니스","세금","0","0","0","0","0","0","","0"
"202103","비즈니스","인허가","0","0","0","0","0","0","","0"
"202103","비즈니스","지식재산권","0","0","0","0","0","0","","0"
"202103","비즈니스","창업교육","6","1","0","0","0","0","","7"
"202103","비즈니스","창업보육","2","1","0","0","0","0","","3"
"202103","비즈니스","창업일반","13","3","0","0","0","0","","16"
"202103","비즈니스","회사설립","5","0","0","0","0","0","","5"
"202103","안전","교통사고","1","1","0","0","0","0","","2"
"202103","안전","기타","1","0","0","0","0","0","","1"
"202103","안전","민사사건","12","2","0","0","0","0","","14"
"202103","안전","불편/개선건의","0","0","0","0","0","0","","0"
"202103","안전","일반사고","0","0","0","0","0","0","","0"
"202103","안전","재난/재해","0","0","0","0","0","0","","0"
"202103","안전","형사사건","16","4","0","0","0","0","","20"
"202103","여성/가족","가정폭력","0","0","0","0","0","0","","0"
"202103","여성/가족","가족상담","1","0","0","0","0","0","","2"
"202103","여성/가족","기타","1","0","0","0","0","0","","2"
"202103","여성/가족","불편/개선건의","0","0","0","0","0","0","","0"
"202103","여성/가족","이혼","42","3","2","0","0","0","","47"
"202103","여성/가족","임신/출산","2","0","0","0","0","0","","2"
"202103","정보통신","기타","0","0","0","0","0","0","","0"
"202103","정보통신","불편/개선건의","0","0","0","0","0","0","","0"
"202103","정보통신","우편/택배등","4","0","1","0","0","0","","5"
"202103","정보통신","인터넷","3","1","0","0","0","0","","4"
"202103","정보통신","전화","0","0","0","0","0","0","","0"
"202103","정보통신","케이블/위성TV","1","0","0","0","0","0","","1"
"202103","정보통신","휴대폰","8","1","0","0","0","0","","9"
"202103","주거","공과금","1","0","0","0","0","0","","1"
"202103","주거","기타","5","2","0","0","0","0","","7"
"202103","주거","부동산매매","8","1","0","0","0","0","","9"
"202103","주거","부동산임대","16","2","1","0","0","0","","19"
"202103","주거","불편/개선건의","0","0","0","0","0","0","","0"
"202103","주거","이사","6","0","0","0","0","0","","6"
"202103","주거","주거관련분쟁","11","2","0","0","0","0","","13"
"202103","출입국","검역/세관","1","0","0","0","0","0","","1"
"202103","출입국","귀화/영주권","17","8","0","0","0","0","","25"
"202103","출입국","기타","52","10","0","0","0","0","","64"
"202103","출입국","난민","3","0","0","0","0","0","","3"
"202103","출입국","불편/개선건의","0","0","0","0","0","0","","0"
"202103","출입국","사증변경","62","23","0","0","0","0","","86"
"202103","출입국","사증연장","187","88","4","0","0","0","","320"
"202103","출입국","사증자격","46","3","1","0","0","0","","60"
"202103","출입국","사증취득","6","1","1","0","0","0","","8"
"202103","출입국","외국인등록증","53","6","0","0","0","0","","59"
"202103","출입국","초청","8","4","0","0","0","0","","12"
"202103","출입국","출국/입국","86","16","1","0","0","0","","105"
"202103","행정","공증","2","0","0","0","0","0","","2"
"202103","행정","기타","20","1","0","0","0","0","","22"
"202103","행정","불편/개선건의","0","0","0","0","0","0","","0"
"202103","행정","세무","49","0","0","0","0","0","","50"
"202103","행정","소비자상담","0","0","0","0","0","0","","0"
"202103","행정","쓰레기처리","1","0","0","0","0","0","","1"
"202103","행정","여권","23","7","0","0","0","0","","30"
"202103","행정","운전면허","64","20","0","0","0","0","","86"
"202103","행정","인감","0","0","0","0","0","0","","0"
"202103","행정","일반법률","35","0","1","0","0","0","","36"
"202103","행정","자동차관련","7","1","0","0","0","0","","8"
"202103","행정","출생 및 사망","2","0","0","0","0","0","","2"
"202103","행정","행정기관","86","7","0","0","0","0","","93"
"202103","행정","행정소송","3","0","0","0","0","0","","3"
"202103","행정","혼인관계","3","0","0","0","0","0","","3"
"202102","교육","교육기관","16","2","0","1","0","0","","19"
"202102","교육","기타","6","1","0","0","0","0","","8"
"202102","교육","보육시설","1","0","0","0","0","0","","1"
"202102","교육","불편/개선건의","0","0","0","0","0","0","","0"
"202102","교육","일반교육","4","0","1","1","0","0","","6"
"202102","교육","한국어교육","61","5","74","8","0","0","","149"
"202102","교통","기타","2","0","0","0","0","0","","2"
"202102","교통","대중교통","4","0","0","0","0","0","","4"
"202102","교통","불편/개선건의","0","0","0","0","0","0","","0"
"202102","교통","유실물","2","0","0","0","0","0","","2"
"202102","교통","항공 및 선박","5","2","0","0","0","0","","7"
"202102","금융","기타","3","0","1","0","0","0","","4"
"202102","금융","불편/개선건의","0","0","0","0","0","0","","0"
"202102","금융","신용카드","0","0","0","0","0","0","","0"
"202102","금융","은행업무","17","2","0","0","0","0","","19"
"202102","기타","기타","18","2","0","0","0","0","","22"
"202102","기타","렌탈","0","0","0","0","0","0","","0"
"202102","기타","매매/교환","0","0","0","0","0","0","","0"
"202102","기타","불편/개선건의","2","0","0","1","0","0","","3"
"202102","기타","센터안내","26","2","0","0","0","0","","28"
"202102","기타","통역","44","1","0","1","0","0","","48"
"202102","노무","고용보험","3","2","0","0","0","0","","5"
"202102","노무","구인","1","0","0","0","0","0","","1"
"202102","노무","구직","22","2","0","3","0","0","","27"
"202102","노무","근로자교육","10","0","0","0","0","0","","10"
"202102","노무","근로조건","28","2","1","1","0","0","","32"
"202102","노무","급여","91","9","0","0","0","0","","100"
"202102","노무","기타","35","0","0","0","0","0","","35"
"202102","노무","부당해고","7","0","0","0","0","0","","7"
"202102","노무","불편/개선건의","12","0","0","0","0","0","","12"
"202102","노무","사업장변경","14","0","0","0","0","0","","14"
"202102","노무","사업장이탈","0","0","0","0","0","0","","0"
"202102","노무","산재보험","15","2","0","0","0","0","","17"
"202102","노무","외국근로자보험","46","20","0","0","0","0","","67"
"202102","노무","재고용","15","0","0","0","0","0","","16"
"202102","노무","체불임금","31","1","0","0","0","0","","32"
"202102","문화/관광","교류/행사","1","0","0","0","0","0","","1"
"202102","문화/관광","기타","0","0","0","0","0","0","","0"
"202102","문화/관광","불편/개선건의","0","0","0","0","0","0","","0"
"202102","문화/관광","여행/관광","0","0","0","0","0","0","","0"
"202102","문화/관광","자원봉사","1","1","0","0","0","0","","2"
"202102","문화/관광","종교","0","0","0","0","0","0","","0"
"202102","보건/복지","건강보험","46","3","0","0","0","0","","55"
"202102","보건/복지","국민연금","39","11","0","1","0","0","","54"
"202102","보건/복지","기타","27","2","1","0","0","0","","31"
"202102","보건/복지","동물병원","0","0","0","0","0","0","","0"
"202102","보건/복지","무료진료","0","0","0","0","0","0","","0"
"202102","보건/복지","방역","11","1","0","0","0","0","","12"
"202102","보건/복지","불편/개선건의","0","1","0","0","0","0","","1"
"202102","보건/복지","사보험","0","1","0","0","0","0","","1"
"202102","보건/복지","사회복지","12","0","0","0","0","0","","12"
"202102","보건/복지","심리상담","7","25","3","0","0","0","","35"
"202102","보건/복지","의료기관","43","0","0","0","0","0","","47"
"202102","보건/복지","재난지원금","14","0","0","0","0","0","","14"
"202102","보건/복지","중국어 심리상담","0","0","0","0","0","0","","0"
"202102","비즈니스","FDI/금융","0","0","0","0","0","0","","0"
"202102","비즈니스","관세/통관","0","0","0","0","0","0","","0"
"202102","비즈니스","기타","6","0","0","0","0","0","","6"
"202102","비즈니스","노무/인사","0","0","0","0","0","0","","0"
"202102","비즈니스","마케팅","0","0","0","0","0","0","","0"
"202102","비즈니스","무역특화","0","0","0","0","0","0","","0"
"202102","비즈니스","법률/상법","0","0","0","0","0","0","","0"
"202102","비즈니스","불편/개선건의","0","0","0","0","0","0","","0"
"202102","비즈니스","비자","0","0","0","0","0","0","","0"
"202102","비즈니스","비즈네트워킹","0","0","0","0","0","0","","0"
"202102","비즈니스","비즈한국어","0","0","0","0","0","0","","0"
"202102","비즈니스","세금","1","0","0","0","0","0","","1"
"202102","비즈니스","인허가","0","0","0","0","0","0","","0"
"202102","비즈니스","지식재산권","0","0","0","0","0","0","","0"
"202102","비즈니스","창업교육","9","0","0","0","0","0","","9"
"202102","비즈니스","창업보육","0","0","0","0","0","0","","0"
"202102","비즈니스","창업일반","10","0","0","0","0","0","","10"
"202102","비즈니스","회사설립","2","1","0","0","0","0","","3"
"202102","안전","교통사고","5","1","0","0","0","0","","6"
"202102","안전","기타","3","0","0","0","0","0","","3"
"202102","안전","민사사건","8","1","0","0","0","0","","9"
"202102","안전","불편/개선건의","0","0","0","0","0","0","","0"
"202102","안전","일반사고","0","0","0","0","0","0","","0"
"202102","안전","재난/재해","0","0","0","0","0","0","","0"
"202102","안전","형사사건","14","1","0","0","0","0","","15"
"202102","여성/가족","가정폭력","2","0","0","0","0","0","","2"
"202102","여성/가족","가족상담","2","2","0","0","0","0","","4"
"202102","여성/가족","기타","0","1","0","0","0","0","","1"
"202102","여성/가족","불편/개선건의","0","0","0","0","0","0","","0"
"202102","여성/가족","이혼","11","1","0","0","0","0","","13"
"202102","여성/가족","임신/출산","0","0","0","0","0","0","","0"
"202102","정보통신","기타","0","0","0","0","0","0","","0"
"202102","정보통신","불편/개선건의","0","0","0","0","0","0","","0"
"202102","정보통신","우편/택배등","1","0","0","0","0","0","","2"
"202102","정보통신","인터넷","0","0","0","0","0","0","","0"
"202102","정보통신","전화","0","0","0","0","0","0","","0"
"202102","정보통신","케이블/위성TV","1","0","0","0","0","0","","1"
"202102","정보통신","휴대폰","7","0","0","0","0","0","","7"
"202102","주거","공과금","1","0","0","0","0","0","","1"
"202102","주거","기타","4","0","0","0","0","0","","4"
"202102","주거","부동산매매","12","1","0","0","0","0","","13"
"202102","주거","부동산임대","3","1","0","0","0","0","","4"
"202102","주거","불편/개선건의","1","0","0","0","0","0","","1"
"202102","주거","이사","6","0","0","0","0","0","","6"
"202102","주거","주거관련분쟁","8","1","0","0","0","0","","9"
"202102","출입국","검역/세관","3","0","0","0","0","0","","3"
"202102","출입국","귀화/영주권","16","4","0","0","0","0","","20"
"202102","출입국","기타","43","8","0","1","0","0","","53"
"202102","출입국","난민","3","5","0","0","0","0","","8"
"202102","출입국","불편/개선건의","0","0","0","0","0","0","","1"
"202102","출입국","사증변경","31","18","0","0","0","0","","49"
"202102","출입국","사증연장","155","40","0","12","0","0","","229"
"202102","출입국","사증자격","37","3","1","0","0","0","","46"
"202102","출입국","사증취득","14","0","0","0","0","0","","14"
"202102","출입국","외국인등록증","35","6","0","0","0","0","","41"
"202102","출입국","초청","1","0","0","0","0","0","","1"
"202102","출입국","출국/입국","87","18","1","0","0","0","","112"
"202102","행정","공증","2","0","0","0","0","0","","2"
"202102","행정","기타","15","1","0","0","0","0","","17"
"202102","행정","불편/개선건의","0","0","0","0","0","0","","0"
"202102","행정","세무","42","3","0","0","0","0","","46"
"202102","행정","소비자상담","0","0","0","1","0","0","","1"
"202102","행정","쓰레기처리","0","0","0","0","0","0","","0"
"202102","행정","여권","17","2","0","0","0","0","","22"
"202102","행정","운전면허","49","18","2","2","0","0","","71"
"202102","행정","인감","1","0","0","0","0","0","","1"
"202102","행정","일반법률","26","8","2","0","0","0","","36"
"202102","행정","자동차관련","6","0","0","0","0","0","","6"
"202102","행정","출생 및 사망","5","0","3","0","0","0","","8"
"202102","행정","행정기관","53","2","0","0","0","0","","55"
"202102","행정","행정소송","0","0","0","0","0","0","","0"
"202102","행정","혼인관계","5","0","2","0","0","0","","7"
"202101","교육","교육기관","12","0","0","0","0","0","","12"
"202101","교육","기타","5","0","0","0","0","0","","5"
"202101","교육","보육시설","1","0","0","0","0","0","","1"
"202101","교육","불편/개선건의","0","0","0","0","0","0","","0"
"202101","교육","일반교육","12","0","0","0","0","0","","12"
"202101","교육","한국어교육","164","6","245","20","0","0","","435"
"202101","교통","기타","3","0","0","0","0","0","","3"
"202101","교통","대중교통","0","0","0","0","0","0","","0"
"202101","교통","불편/개선건의","0","0","0","0","0","0","","0"
"202101","교통","유실물","0","0","0","0","0","0","","0"
"202101","교통","항공 및 선박","3","0","0","0","0","0","","3"
"202101","금융","기타","3","0","0","0","0","0","","3"
"202101","금융","불편/개선건의","0","0","0","0","0","0","","0"
"202101","금융","신용카드","2","0","0","0","0","0","","2"
"202101","금융","은행업무","16","1","0","0","0","0","","17"
"202101","기타","기타","19","0","0","2","0","0","","21"
"202101","기타","렌탈","0","0","0","0","0","0","","0"
"202101","기타","매매/교환","0","0","0","0","0","0","","0"
"202101","기타","불편/개선건의","0","0","0","0","0","0","","0"
"202101","기타","센터안내","30","1","0","1","0","0","","32"
"202101","기타","통역","57","6","2","0","0","0","","65"
"202101","노무","고용보험","13","0","0","0","0","0","","13"
"202101","노무","구인","7","0","0","0","0","0","","7"
"202101","노무","구직","33","0","1","0","0","0","","34"
"202101","노무","근로자교육","22","0","0","0","0","0","","22"
"202101","노무","근로조건","48","4","0","1","0","0","","53"
"202101","노무","급여","135","2","0","2","0","0","","139"
"202101","노무","기타","33","1","0","1","0","0","","35"
"202101","노무","부당해고","10","0","0","0","0","0","","10"
"202101","노무","불편/개선건의","21","0","0","2","0","0","","23"
"202101","노무","사업장변경","28","0","0","2","0","0","","30"
"202101","노무","사업장이탈","0","0","0","0","0","0","","0"
"202101","노무","산재보험","23","0","0","0","0","0","","23"
"202101","노무","외국근로자보험","58","12","0","2","0","0","","72"
"202101","노무","재고용","13","0","0","2","0","0","","15"
"202101","노무","체불임금","48","3","2","0","0","0","","53"
"202101","문화/관광","교류/행사","0","1","0","0","0","0","","1"
"202101","문화/관광","기타","2","0","0","0","0","0","","2"
"202101","문화/관광","불편/개선건의","0","0","0","0","0","0","","0"
"202101","문화/관광","여행/관광","1","0","0","0","0","0","","1"
"202101","문화/관광","자원봉사","3","0","0","0","0","0","","3"
"202101","문화/관광","종교","0","0","0","0","0","0","","0"
"202101","보건/복지","건강보험","61","6","1","0","0","0","","68"
"202101","보건/복지","국민연금","45","3","0","2","0","0","","50"
"202101","보건/복지","기타","39","0","0","0","0","0","","39"
"202101","보건/복지","동물병원","0","0","0","0","0","0","","0"
"202101","보건/복지","무료진료","3","0","0","0","0","0","","3"
"202101","보건/복지","방역","13","0","0","0","0","0","","13"
"202101","보건/복지","불편/개선건의","0","0","0","0","0","0","","0"
"202101","보건/복지","사보험","1","0","0","0","0","0","","1"
"202101","보건/복지","사회복지","23","0","0","0","0","0","","23"
"202101","보건/복지","심리상담","13","30","12","0","0","0","","55"
"202101","보건/복지","의료기관","36","1","0","1","0","0","","38"
"202101","보건/복지","재난지원금","8","0","0","1","0","0","","9"
"202101","보건/복지","중국어 심리상담","2","0","0","0","0","0","","2"
"202101","비즈니스","FDI/금융","0","0","0","0","0","0","","0"
"202101","비즈니스","관세/통관","0","0","0","0","0","0","","0"
"202101","비즈니스","기타","1","0","0","0","0","0","","1"
"202101","비즈니스","노무/인사","0","0","0","0","0","0","","0"
"202101","비즈니스","마케팅","0","0","0","0","0","0","","0"
"202101","비즈니스","무역특화","1","0","0","0","0","0","","1"
"202101","비즈니스","법률/상법","0","0","0","0","0","0","","0"
"202101","비즈니스","불편/개선건의","0","0","0","0","0","0","","0"
"202101","비즈니스","비자","0","0","0","0","0","0","","0"
"202101","비즈니스","비즈네트워킹","0","0","0","0","0","0","","0"
"202101","비즈니스","비즈한국어","0","0","0","0","0","0","","0"
"202101","비즈니스","세금","0","0","0","0","0","0","","0"
"202101","비즈니스","인허가","1","0","0","0","0","0","","1"
"202101","비즈니스","지식재산권","0","0","0","0","0","0","","0"
"202101","비즈니스","창업교육","8","0","0","0","0","0","","8"
"202101","비즈니스","창업보육","1","0","0","0","0","0","","1"
"202101","비즈니스","창업일반","18","0","0","0","0","0","","18"
"202101","비즈니스","회사설립","4","0","0","0","0","0","","4"
"202101","안전","교통사고","11","0","0","0","0","0","","11"
"202101","안전","기타","0","0","0","0","0","0","","0"
"202101","안전","민사사건","16","0","0","0","0","0","","16"
"202101","안전","불편/개선건의","1","0","0","0","0","0","","1"
"202101","안전","일반사고","0","0","0","0","0","0","","0"
"202101","안전","재난/재해","0","0","0","0","0","0","","0"
"202101","안전","형사사건","8","1","0","0","0","0","","9"
"202101","여성/가족","가정폭력","1","0","0","0","0","0","","1"
"202101","여성/가족","가족상담","3","0","0","0","0","0","","3"
"202101","여성/가족","기타","2","0","0","0","0","0","","2"
"202101","여성/가족","불편/개선건의","0","0","0","0","0","0","","0"
"202101","여성/가족","이혼","8","0","0","0","0","0","","8"
"202101","여성/가족","임신/출산","1","0","0","0","0","0","","1"
"202101","정보통신","기타","1","0","0","0","0","0","","1"
"202101","정보통신","불편/개선건의","0","0","0","0","0","0","","0"
"202101","정보통신","우편/택배등","4","0","0","0","0","0","","4"
"202101","정보통신","인터넷","0","0","0","0","0","0","","0"
"202101","정보통신","전화","1","0","0","0","0","0","","1"
"202101","정보통신","케이블/위성TV","0","0","0","0","0","0","","0"
"202101","정보통신","휴대폰","6","0","0","0","0","0","","6"
"202101","주거","공과금","2","0","0","0","0","0","","2"
"202101","주거","기타","2","0","0","0","0","0","","2"
"202101","주거","부동산매매","5","0","0","0","0","0","","5"
"202101","주거","부동산임대","25","0","1","0","0","0","","26"
"202101","주거","불편/개선건의","2","0","0","0","0","0","","2"
"202101","주거","이사","3","0","0","0","0","0","","3"
"202101","주거","주거관련분쟁","8","2","0","0","0","0","","10"
"202101","출입국","검역/세관","0","0","0","0","0","0","","0"
"202101","출입국","귀화/영주권","22","1","0","1","0","0","","24"
"202101","출입국","기타","28","2","0","8","0","0","","38"
"202101","출입국","난민","7","0","0","0","0","0","","7"
"202101","출입국","불편/개선건의","1","0","0","3","0","0","","4"
"202101","출입국","사증변경","60","4","0","1","0","0","","65"
"202101","출입국","사증연장","245","45","2","60","0","0","","352"
"202101","출입국","사증자격","52","3","0","4","0","0","","59"
"202101","출입국","사증취득","15","2","0","1","0","0","","18"
"202101","출입국","외국인등록증","46","2","1","1","0","0","","50"
"202101","출입국","초청","4","0","0","1","0","0","","5"
"202101","출입국","출국/입국","87","10","0","6","0","0","","103"
"202101","행정","공증","2","0","0","1","0","0","","3"
"202101","행정","기타","4","2","1","0","0","0","","7"
"202101","행정","불편/개선건의","0","0","0","0","0","0","","0"
"202101","행정","세무","72","0","1","0","0","0","","73"
"202101","행정","소비자상담","1","0","0","0","0","0","","1"
"202101","행정","쓰레기처리","3","0","0","1","0","0","","4"
"202101","행정","여권","11","3","0","2","0","0","","16"
"202101","행정","운전면허","98","16","0","1","0","0","","115"
"202101","행정","인감","0","0","0","0","0","0","","0"
"202101","행정","일반법률","50","2","0","0","0","0","","52"
"202101","행정","자동차관련","2","0","0","1","0","0","","3"
"202101","행정","출생 및 사망","4","0","0","0","0","0","","4"
"202101","행정","행정기관","83","6","0","2","0","0","","91"
"202101","행정","행정소송","0","0","0","0","0","0","","0"
"202101","행정","혼인관계","7","0","0","1","0","0","","8"
"202012","교육","교육기관","20","0","0","0","0","0","","20"
"202012","교육","기타","4","0","0","0","0","0","","4"
"202012","교육","보육시설","1","0","0","0","0","0","","1"
"202012","교육","불편/개선건의","0","0","0","0","0","0","","0"
"202012","교육","일반교육","16","0","0","1","0","0","","17"
"202012","교육","한국어교육","80","0","565","2","0","0","","647"
"202012","교통","기타","0","0","0","0","0","0","","0"
"202012","교통","대중교통","1","0","0","0","0","0","","1"
"202012","교통","불편/개선건의","0","0","0","0","0","0","","0"
"202012","교통","유실물","0","0","0","2","0","0","","2"
"202012","교통","항공 및 선박","3","0","0","0","0","0","","3"
"202012","금융","기타","0","0","0","0","0","0","","0"
"202012","금융","불편/개선건의","0","0","0","0","0","0","","0"
"202012","금융","신용카드","2","0","0","0","0","0","","2"
"202012","금융","은행업무","21","0","0","0","0","0","","21"
"202012","기타","기타","27","0","0","1","0","0","","28"
"202012","기타","렌탈","0","0","0","0","0","0","","0"
"202012","기타","매매/교환","0","0","0","0","0","0","","0"
"202012","기타","불편/개선건의","0","0","0","0","0","0","","0"
"202012","기타","센터안내","28","0","0","2","0","0","","30"
"202012","기타","통역","48","1","1","2","0","0","","52"
"202012","노무","고용보험","6","1","1","0","0","0","","8"
"202012","노무","구인","1","0","0","0","0","0","","1"
"202012","노무","구직","26","0","0","1","0","0","","27"
"202012","노무","근로자교육","15","0","0","0","0","0","","15"
"202012","노무","근로조건","34","0","0","0","0","0","","34"
"202012","노무","급여","89","2","0","1","0","0","","92"
"202012","노무","기타","38","0","0","0","0","0","","38"
"202012","노무","부당해고","11","1","0","0","0","0","","12"
"202012","노무","불편/개선건의","16","0","0","0","0","0","","16"
"202012","노무","사업장변경","39","2","0","0","0","0","","41"
"202012","노무","사업장이탈","0","0","0","0","0","0","","0"
"202012","노무","산재보험","26","0","0","0","0","0","","26"
"202012","노무","외국근로자보험","63","5","0","0","0","0","","68"
"202012","노무","재고용","21","0","0","0","0","0","","21"
"202012","노무","체불임금","70","3","1","0","0","0","","74"
"202012","문화/관광","교류/행사","0","0","0","0","0","0","","0"
"202012","문화/관광","기타","3","0","0","0","0","0","","3"
"202012","문화/관광","불편/개선건의","0","0","0","0","0","0","","0"
"202012","문화/관광","여행/관광","3","0","0","0","0","0","","3"
"202012","문화/관광","자원봉사","1","0","0","0","0","0","","1"
"202012","문화/관광","종교","0","0","0","0","0","0","","0"
"202012","보건/복지","건강보험","40","1","0","2","0","0","","43"
"202012","보건/복지","국민연금","35","4","1","0","0","0","","40"
"202012","보건/복지","기타","72","0","1","0","0","0","","73"
"202012","보건/복지","동물병원","0","0","0","0","0","0","","0"
"202012","보건/복지","무료진료","6","0","0","0","0","0","","6"
"202012","보건/복지","방역","11","0","0","1","0","0","","12"
"202012","보건/복지","불편/개선건의","0","0","0","0","0","0","","0"
"202012","보건/복지","사보험","0","0","0","0","0","0","","0"
"202012","보건/복지","사회복지","16","1","1","0","0","0","","18"
"202012","보건/복지","심리상담","9","12","9","0","0","0","","30"
"202012","보건/복지","의료기관","56","1","0","2","0","0","","59"
"202012","보건/복지","재난지원금","6","0","0","0","0","0","","6"
"202012","보건/복지","중국어 심리상담","2","0","0","0","0","0","","2"
"202012","비즈니스","FDI/금융","0","0","0","0","0","0","","0"
"202012","비즈니스","관세/통관","0","0","0","0","0","0","","0"
"202012","비즈니스","기타","1","0","0","0","0","0","","1"
"202012","비즈니스","노무/인사","0","0","0","0","0","0","","0"
"202012","비즈니스","마케팅","0","0","0","0","0","0","","0"
"202012","비즈니스","무역특화","0","0","0","0","0","0","","0"
"202012","비즈니스","법률/상법","0","0","0","0","0","0","","0"
"202012","비즈니스","불편/개선건의","0","0","0","0","0","0","","0"
"202012","비즈니스","비자","0","0","0","0","0","0","","0"
"202012","비즈니스","비즈네트워킹","0","0","0","0","0","0","","0"
"202012","비즈니스","비즈한국어","0","0","0","0","0","0","","0"
"202012","비즈니스","세금","0","0","0","0","0","0","","0"
"202012","비즈니스","인허가","0","0","0","0","0","0","","0"
"202012","비즈니스","지식재산권","0","0","0","0","0","0","","0"
"202012","비즈니스","창업교육","1","0","0","0","0","0","","1"
"202012","비즈니스","창업보육","0","0","0","0","0","0","","0"
"202012","비즈니스","창업일반","6","0","0","0","0","0","","6"
"202012","비즈니스","회사설립","1","0","0","0","0","0","","1"
"202012","안전","교통사고","4","0","0","0","0","0","","4"
"202012","안전","기타","4","0","0","0","0","0","","4"
"202012","안전","민사사건","8","0","0","0","0","0","","8"
"202012","안전","불편/개선건의","1","0","0","0","0","0","","1"
"202012","안전","일반사고","1","0","0","0","0","0","","1"
"202012","안전","재난/재해","0","0","0","0","0","0","","0"
"202012","안전","형사사건","16","0","0","0","0","0","","16"
"202012","여성/가족","가정폭력","1","0","0","0","0","0","","1"
"202012","여성/가족","가족상담","3","0","0","0","0","0","","3"
"202012","여성/가족","기타","1","0","0","0","0","0","","1"
"202012","여성/가족","불편/개선건의","0","0","0","0","0","0","","0"
"202012","여성/가족","이혼","6","0","0","0","0","0","","6"
"202012","여성/가족","임신/출산","2","0","0","0","0","0","","2"
"202012","정보통신","기타","1","0","0","0","0","0","","1"
"202012","정보통신","불편/개선건의","0","0","0","0","0","0","","0"
"202012","정보통신","우편/택배등","2","0","0","0","0","0","","2"
"202012","정보통신","인터넷","2","0","0","0","0","0","","2"
"202012","정보통신","전화","1","0","0","0","0","0","","1"
"202012","정보통신","케이블/위성TV","0","0","0","0","0","0","","0"
"202012","정보통신","휴대폰","7","0","0","0","0","0","","7"
"202012","주거","공과금","1","0","0","0","0","0","","1"
"202012","주거","기타","1","0","0","0","0","0","","1"
"202012","주거","부동산매매","2","0","0","0","0","0","","2"
"202012","주거","부동산임대","21","0","1","0","0","0","","22"
"202012","주거","불편/개선건의","0","0","0","0","0","0","","0"
"202012","주거","이사","2","0","0","0","0","0","","2"
"202012","주거","주거관련분쟁","12","0","0","0","0","0","","12"
"202012","출입국","검역/세관","0","0","1","0","0","0","","1"
"202012","출입국","귀화/영주권","9","0","0","0","0","0","","9"
"202012","출입국","기타","55","2","0","8","0","0","","65"
"202012","출입국","난민","5","0","0","0","0","0","","5"
"202012","출입국","불편/개선건의","2","0","0","0","0","0","","2"
"202012","출입국","사증변경","46","0","0","0","0","0","","46"
"202012","출입국","사증연장","189","24","0","27","0","0","","240"
"202012","출입국","사증자격","37","1","1","3","0","0","","42"
"202012","출입국","사증취득","10","0","0","0","0","0","","10"
"202012","출입국","외국인등록증","36","0","0","0","0","0","","36"
"202012","출입국","초청","6","0","0","1","0","0","","7"
"202012","출입국","출국/입국","85","10","1","6","0","0","","102"
"202012","행정","공증","5","0","0","0","0","0","","5"
"202012","행정","기타","21","0","1","0","0","0","","22"
"202012","행정","불편/개선건의","0","0","0","0","0","0","","0"
"202012","행정","세무","31","0","0","0","0","0","","31"
"202012","행정","소비자상담","1","0","0","0","0","0","","1"
"202012","행정","쓰레기처리","1","0","0","0","0","0","","1"
"202012","행정","여권","11","0","0","1","0","0","","12"
"202012","행정","운전면허","99","8","0","2","0","0","","109"
"202012","행정","인감","0","0","0","0","0","0","","0"
"202012","행정","일반법률","56","2","0","0","0","0","","58"
"202012","행정","자동차관련","4","0","0","0","0","0","","4"
"202012","행정","출생 및 사망","1","0","0","0","0","0","","1"
"202012","행정","행정기관","84","0","0","1","0","0","","85"
"202012","행정","행정소송","0","0","0","0","0","0","","0"
"202012","행정","혼인관계","8","0","2","0","0","0","","10"
"202011","교육","교육기관","8","0","0","0","0","0","","8"
"202011","교육","기타","2","1","0","1","0","0","","4"
"202011","교육","보육시설","1","0","1","0","0","0","","2"
"202011","교육","불편/개선건의","0","0","0","0","0","0","","0"
"202011","교육","일반교육","23","3","0","1","0","0","","27"
"202011","교육","한국어교육","62","7","132","7","0","0","","208"
"202011","교통","기타","3","0","0","0","0","0","","3"
"202011","교통","대중교통","4","0","0","0","0","0","","4"
"202011","교통","불편/개선건의","0","0","0","0","0","0","","0"
"202011","교통","유실물","0","1","0","0","0","0","","1"
"202011","교통","항공 및 선박","5","0","0","0","0","0","","5"
"202011","금융","기타","3","0","0","0","0","0","","3"
"202011","금융","불편/개선건의","0","0","0","0","0","0","","0"
"202011","금융","신용카드","0","0","0","0","0","0","","0"
"202011","금융","은행업무","16","1","0","0","0","0","","17"
"202011","기타","기타","15","3","1","0","0","0","","19"
"202011","기타","렌탈","0","0","0","0","0","0","","0"
"202011","기타","매매/교환","1","0","0","0","0","0","","1"
"202011","기타","불편/개선건의","0","0","0","0","0","0","","0"
"202011","기타","센터안내","33","0","1","1","0","0","","35"
"202011","기타","통역","49","3","1","5","0","0","","58"
"202011","노무","고용보험","13","1","0","0","0","0","","14"
"202011","노무","구인","2","0","0","0","0","0","","2"
"202011","노무","구직","26","1","0","0","0","0","","27"
"202011","노무","근로자교육","15","0","0","0","0","0","","15"
"202011","노무","근로조건","29","0","0","0","0","0","","29"
"202011","노무","급여","105","11","0","1","0","0","","117"
"202011","노무","기타","44","0","0","0","0","0","","44"
"202011","노무","부당해고","13","1","0","0","0","0","","14"
"202011","노무","불편/개선건의","20","0","1","1","0","0","","22"
"202011","노무","사업장변경","25","1","0","0","0","0","","26"
"202011","노무","사업장이탈","1","0","0","0","0","0","","1"
"202011","노무","산재보험","31","1","0","0","0","0","","32"
"202011","노무","외국근로자보험","59","14","0","2","0","0","","75"
"202011","노무","재고용","34","0","0","0","0","0","","34"
"202011","노무","체불임금","57","5","0","0","0","0","","62"
"202011","문화/관광","교류/행사","3","0","0","1","0","0","","4"
"202011","문화/관광","기타","10","1","0","0","0","0","","11"
"202011","문화/관광","불편/개선건의","0","0","0","0","0","0","","0"
"202011","문화/관광","여행/관광","1","0","0","0","0","0","","1"
"202011","문화/관광","자원봉사","2","1","0","0","0","0","","3"
"202011","문화/관광","종교","0","0","0","0","0","0","","0"
"202011","보건/복지","건강보험","45","3","0","0","0","0","","48"
"202011","보건/복지","국민연금","45","13","0","0","0","0","","58"
"202011","보건/복지","기타","123","1","0","2","0","0","","126"
"202011","보건/복지","동물병원","0","0","0","0","0","0","","0"
"202011","보건/복지","무료진료","2","0","0","0","0","0","","2"
"202011","보건/복지","방역","11","0","0","0","0","0","","11"
"202011","보건/복지","불편/개선건의","0","0","0","0","0","0","","0"
"202011","보건/복지","사보험","0","0","0","0","0","0","","0"
"202011","보건/복지","사회복지","9","1","0","0","0","0","","10"
"202011","보건/복지","심리상담","6","42","5","0","0","0","","53"
"202011","보건/복지","의료기관","44","0","1","0","0","0","","45"
"202011","보건/복지","재난지원금","2","0","0","0","0","0","","2"
"202011","보건/복지","중국어 심리상담","3","4","0","0","0","0","","7"
"202011","비즈니스","FDI/금융","0","0","0","0","0","0","","0"
"202011","비즈니스","관세/통관","0","0","0","0","0","0","","0"
"202011","비즈니스","기타","2","1","0","0","0","0","","3"
"202011","비즈니스","노무/인사","0","0","0","0","0","0","","0"
"202011","비즈니스","마케팅","0","0","0","0","0","0","","0"
"202011","비즈니스","무역특화","0","0","0","0","0","0","","0"
"202011","비즈니스","법률/상법","0","0","0","0","0","0","","0"
"202011","비즈니스","불편/개선건의","0","0","0","0","0","0","","0"
"202011","비즈니스","비자","0","0","0","0","0","0","","0"
"202011","비즈니스","비즈네트워킹","0","0","0","0","0","0","","0"
"202011","비즈니스","비즈한국어","0","0","0","0","0","0","","0"
"202011","비즈니스","세금","0","0","0","0","0","0","","0"
"202011","비즈니스","인허가","0","0","0","0","0","0","","0"
"202011","비즈니스","지식재산권","0","0","0","0","0","0","","0"
"202011","비즈니스","창업교육","1","2","0","0","0","0","","3"
"202011","비즈니스","창업보육","0","0","0","0","0","0","","0"
"202011","비즈니스","창업일반","5","0","0","0","0","0","","5"
"202011","비즈니스","회사설립","0","0","0","0","0","0","","0"
"202011","안전","교통사고","13","0","0","0","0","0","","13"
"202011","안전","기타","1","0","0","0","0","0","","1"
"202011","안전","민사사건","5","1","0","0","0","0","","6"
"202011","안전","불편/개선건의","0","0","0","0","0","0","","0"
"202011","안전","일반사고","0","0","0","0","0","0","","0"
"202011","안전","재난/재해","0","0","0","0","0","0","","0"
"202011","안전","형사사건","10","2","0","0","0","0","","12"
"202011","여성/가족","가정폭력","0","0","0","0","0","0","","0"
"202011","여성/가족","가족상담","2","0","0","0","0","0","","2"
"202011","여성/가족","기타","1","1","0","0","0","0","","2"
"202011","여성/가족","불편/개선건의","0","0","0","0","0","0","","0"
"202011","여성/가족","이혼","17","0","0","0","0","0","","17"
"202011","여성/가족","임신/출산","3","0","0","0","0","0","","3"
"202011","정보통신","기타","2","0","0","0","0","0","","2"
"202011","정보통신","불편/개선건의","0","0","0","0","0","0","","0"
"202011","정보통신","우편/택배등","1","0","0","0","0","0","","1"
"202011","정보통신","인터넷","2","0","0","1","0","0","","3"
"202011","정보통신","전화","1","0","0","0","0","0","","1"
"202011","정보통신","케이블/위성TV","2","0","0","0","0","0","","2"
"202011","정보통신","휴대폰","8","0","0","0","0","0","","8"
"202011","주거","공과금","1","0","0","0","0","0","","1"
"202011","주거","기타","5","0","0","0","0","0","","5"
"202011","주거","부동산매매","0","0","0","0","0","0","","0"
"202011","주거","부동산임대","19","3","0","0","0","0","","22"
"202011","주거","불편/개선건의","0","0","0","0","0","0","","0"
"202011","주거","이사","6","0","0","0","0","0","","6"
"202011","주거","주거관련분쟁","14","0","0","0","0","0","","14"
"202011","출입국","검역/세관","0","0","0","0","0","0","","0"
"202011","출입국","귀화/영주권","15","2","0","0","0","0","","17"
"202011","출입국","기타","38","3","0","8","0","0","","49"
"202011","출입국","난민","3","2","0","1","0","0","","6"
"202011","출입국","불편/개선건의","3","0","0","0","0","0","","3"
"202011","출입국","사증변경","67","15","0","1","0","0","","83"
"202011","출입국","사증연장","149","79","0","36","0","0","","264"
"202011","출입국","사증자격","37","7","1","2","0","0","","47"
"202011","출입국","사증취득","12","1","0","0","0","0","","13"
"202011","출입국","외국인등록증","42","9","0","0","0","0","","51"
"202011","출입국","초청","7","5","0","0","0","0","","12"
"202011","출입국","출국/입국","91","32","1","11","0","0","","135"
"202011","행정","공증","13","0","0","0","0","0","","13"
"202011","행정","기타","16","0","0","0","0","0","","16"
"202011","행정","불편/개선건의","0","1","0","0","0","0","","1"
"202011","행정","세무","25","1","0","0","0","0","","26"
"202011","행정","소비자상담","2","0","0","0","0","0","","2"
"202011","행정","쓰레기처리","4","0","0","0","0","0","","4"
"202011","행정","여권","21","2","0","2","0","0","","25"
"202011","행정","운전면허","78","8","1","2","0","0","","89"
"202011","행정","인감","0","0","0","0","0","0","","0"
"202011","행정","일반법률","49","6","0","1","0","0","","56"
"202011","행정","자동차관련","2","1","0","0","0","0","","3"
"202011","행정","출생 및 사망","3","1","0","0","0","0","","4"
"202011","행정","행정기관","73","2","1","1","0","0","","77"
"202011","행정","행정소송","2","0","0","0","0","0","","2"
"202011","행정","혼인관계","9","1","0","1","0","0","","11"
"202010","교육","교육기관","18","1","0","0","0","0","","19"
"202010","교육","기타","8","1","1","0","0","0","","10"
"202010","교육","보육시설","1","0","0","0","0","0","","1"
"202010","교육","불편/개선건의","0","0","0","0","0","0","","0"
"202010","교육","일반교육","29","2","0","0","0","0","","31"
"202010","교육","한국어교육","54","3","22","5","0","0","","84"
"202010","교통","기타","4","0","0","0","0","0","","4"
"202010","교통","대중교통","0","0","0","0","0","0","","0"
"202010","교통","불편/개선건의","0","0","0","0","0","0","","0"
"202010","교통","유실물","2","0","0","0","0","0","","2"
"202010","교통","항공 및 선박","6","0","0","0","0","0","","6"
"202010","금융","기타","0","0","0","0","0","0","","0"
"202010","금융","불편/개선건의","1","0","0","0","0","0","","1"
"202010","금융","신용카드","1","0","0","0","0","0","","1"
"202010","금융","은행업무","21","1","0","3","0","0","","25"
"202010","기타","기타","18","3","0","1","0","0","","22"
"202010","기타","렌탈","0","0","0","0","0","0","","0"
"202010","기타","매매/교환","0","0","0","0","0","0","","0"
"202010","기타","불편/개선건의","0","0","0","0","0","0","","0"
"202010","기타","센터안내","33","2","0","4","0","0","","39"
"202010","기타","통역","45","2","0","4","0","0","","51"
"202010","노무","고용보험","5","1","0","0","0","0","","6"
"202010","노무","구인","1","0","0","0","0","0","","1"
"202010","노무","구직","36","1","0","2","0","0","","39"
"202010","노무","근로자교육","8","0","0","0","0","0","","8"
"202010","노무","근로조건","24","1","0","2","0","0","","27"
"202010","노무","급여","103","20","0","0","0","0","","123"
"202010","노무","기타","34","2","0","1","0","0","","37"
"202010","노무","부당해고","12","0","0","0","0","0","","12"
"202010","노무","불편/개선건의","7","0","0","0","0","0","","7"
"202010","노무","사업장변경","30","0","0","0","0","0","","30"
"202010","노무","사업장이탈","0","0","0","0","0","0","","0"
"202010","노무","산재보험","32","1","0","0","0","0","","33"
"202010","노무","외국근로자보험","40","32","0","1","0","0","","73"
"202010","노무","재고용","20","0","0","3","0","0","","23"
"202010","노무","체불임금","37","4","0","0","0","0","","41"
"202010","문화/관광","교류/행사","1","0","0","0","0","0","","1"
"202010","문화/관광","기타","1","0","0","0","0","0","","1"
"202010","문화/관광","불편/개선건의","0","0","0","0","0","0","","0"
"202010","문화/관광","여행/관광","0","1","0","0","0","0","","1"
"202010","문화/관광","자원봉사","1","0","0","0","0","0","","1"
"202010","문화/관광","종교","0","0","0","0","0","0","","0"
"202010","보건/복지","건강보험","48","4","0","2","0","0","","54"
"202010","보건/복지","국민연금","23","20","0","0","0","0","","43"
"202010","보건/복지","기타","70","1","0","0","0","0","","71"
"202010","보건/복지","동물병원","0","0","0","0","0","0","","0"
"202010","보건/복지","무료진료","2","0","0","0","0","0","","2"
"202010","보건/복지","방역","17","0","0","0","0","0","","17"
"202010","보건/복지","불편/개선건의","0","0","0","0","0","0","","0"
"202010","보건/복지","사보험","2","0","0","0","0","0","","2"
"202010","보건/복지","사회복지","6","0","0","0","0","0","","6"
"202010","보건/복지","심리상담","6","28","11","0","0","0","","45"
"202010","보건/복지","의료기관","31","2","0","0","0","0","","33"
"202010","보건/복지","재난지원금","29","2","1","0","0","0","","32"
"202010","보건/복지","중국어 심리상담","10","4","0","0","0","0","","14"
"202010","비즈니스","FDI/금융","0","0","0","0","0","0","","0"
"202010","비즈니스","관세/통관","0","0","0","0","0","0","","0"
"202010","비즈니스","기타","2","1","0","0","0","0","","3"
"202010","비즈니스","노무/인사","0","0","0","0","0","0","","0"
"202010","비즈니스","마케팅","0","0","0","0","0","0","","0"
"202010","비즈니스","무역특화","0","0","0","0","0","0","","0"
"202010","비즈니스","법률/상법","0","0","0","0","0","0","","0"
"202010","비즈니스","불편/개선건의","0","0","0","0","0","0","","0"
"202010","비즈니스","비자","0","0","0","0","0","0","","0"
"202010","비즈니스","비즈네트워킹","0","0","0","0","0","0","","0"
"202010","비즈니스","비즈한국어","0","0","0","0","0","0","","0"
"202010","비즈니스","세금","0","0","0","0","0","0","","0"
"202010","비즈니스","인허가","0","0","0","0","0","0","","0"
"202010","비즈니스","지식재산권","0","0","0","0","0","0","","0"
"202010","비즈니스","창업교육","2","0","0","0","0","0","","2"
"202010","비즈니스","창업보육","0","0","0","0","0","0","","0"
"202010","비즈니스","창업일반","2","0","1","0","0","0","","3"
"202010","비즈니스","회사설립","2","0","0","0","0","0","","2"
"202010","안전","교통사고","4","1","0","0","0","0","","5"
"202010","안전","기타","2","0","0","1","0","0","","3"
"202010","안전","민사사건","6","0","0","1","0","0","","7"
"202010","안전","불편/개선건의","0","0","0","0","0","0","","0"
"202010","안전","일반사고","2","0","0","1","0","0","","3"
"202010","안전","재난/재해","0","0","0","0","0","0","","0"
"202010","안전","형사사건","5","1","0","0","0","0","","6"
"202010","여성/가족","가정폭력","0","0","0","0","0","0","","0"
"202010","여성/가족","가족상담","7","0","0","0","0","0","","7"
"202010","여성/가족","기타","4","0","0","0","0","0","","4"
"202010","여성/가족","불편/개선건의","0","0","0","0","0","0","","0"
"202010","여성/가족","이혼","14","2","0","0","0","0","","16"
"202010","여성/가족","임신/출산","5","0","0","0","0","0","","5"
"202010","정보통신","기타","1","0","0","0","0","0","","1"
"202010","정보통신","불편/개선건의","0","0","0","0","0","0","","0"
"202010","정보통신","우편/택배등","1","0","0","0","0","0","","1"
"202010","정보통신","인터넷","0","1","0","0","0","0","","1"
"202010","정보통신","전화","0","0","0","0","0","0","","0"
"202010","정보통신","케이블/위성TV","0","0","0","0","0","0","","0"
"202010","정보통신","휴대폰","6","0","0","0","0","0","","6"
"202010","주거","공과금","1","0","0","0","0","0","","1"
"202010","주거","기타","2","1","0","0","0","0","","3"
"202010","주거","부동산매매","7","0","0","0","0","0","","7"
"202010","주거","부동산임대","13","2","0","0","0","0","","15"
"202010","주거","불편/개선건의","1","0","0","0","0","0","","1"
"202010","주거","이사","1","0","0","0","0","0","","1"
"202010","주거","주거관련분쟁","15","0","0","0","0","0","","15"
"202010","출입국","검역/세관","0","0","0","0","0","0","","0"
"202010","출입국","귀화/영주권","7","2","0","0","0","0","","9"
"202010","출입국","기타","53","6","1","7","0","0","","67"
"202010","출입국","난민","3","0","0","0","0","0","","3"
"202010","출입국","불편/개선건의","4","0","0","0","0","0","","4"
"202010","출입국","사증변경","49","7","2","1","0","0","","59"
"202010","출입국","사증연장","141","59","0","37","0","0","","237"
"202010","출입국","사증자격","49","7","0","4","0","0","","60"
"202010","출입국","사증취득","20","1","0","0","0","0","","21"
"202010","출입국","외국인등록증","40","4","0","1","0","0","","45"
"202010","출입국","초청","8","3","0","0","0","0","","11"
"202010","출입국","출국/입국","91","22","1","8","0","0","","122"
"202010","행정","공증","8","0","0","0","0","0","","8"
"202010","행정","기타","12","0","1","0","0","0","","13"
"202010","행정","불편/개선건의","0","0","0","0","0","0","","0"
"202010","행정","세무","22","1","0","1","0","0","","24"
"202010","행정","소비자상담","1","0","0","0","0","0","","1"
"202010","행정","쓰레기처리","1","0","0","0","0","0","","1"
"202010","행정","여권","20","2","0","0","0","0","","22"
"202010","행정","운전면허","103","11","1","0","0","0","","115"
"202010","행정","인감","0","0","0","0","0","0","","0"
"202010","행정","일반법률","43","4","0","0","0","0","","47"
"202010","행정","자동차관련","8","2","0","0","0","0","","10"
"202010","행정","출생 및 사망","2","0","0","0","0","0","","2"
"202010","행정","행정기관","67","8","0","0","0","0","","75"
"202010","행정","행정소송","2","0","0","0","0","0","","2"
"202010","행정","혼인관계","4","0","5","0","0","0","","9"
"202009","교육","교육기관","23","0","0","0","0","0","","23"
"202009","교육","기타","8","0","0","0","0","0","","8"
"202009","교육","보육시설","5","0","0","0","0","0","","5"
"202009","교육","불편/개선건의","0","0","0","0","0","0","","0"
"202009","교육","일반교육","11","0","0","1","0","0","","12"
"202009","교육","한국어교육","76","0","80","12","0","0","","168"
"202009","교통","기타","2","0","0","0","0","0","","2"
"202009","교통","대중교통","3","0","0","0","0","0","","3"
"202009","교통","불편/개선건의","0","0","0","0","0","0","","0"
"202009","교통","유실물","0","0","0","0","0","0","","0"
"202009","교통","항공 및 선박","6","0","0","1","0","0","","7"
"202009","금융","기타","0","0","0","0","0","0","","0"
"202009","금융","불편/개선건의","1","0","0","0","0","0","","1"
"202009","금융","신용카드","3","0","0","0","0","0","","3"
"202009","금융","은행업무","29","0","0","0","0","0","","29"
"202009","기타","기타","27","0","0","1","0","0","","28"
"202009","기타","렌탈","0","0","0","0","0","0","","0"
"202009","기타","매매/교환","0","0","0","0","0","0","","0"
"202009","기타","불편/개선건의","0","0","0","0","0","0","","0"
"202009","기타","센터안내","41","1","0","3","0","0","","45"
"202009","기타","통역","70","2","0","6","0","0","","78"
"202009","노무","고용보험","8","0","0","0","0","0","","8"
"202009","노무","구인","3","0","0","0","0","0","","3"
"202009","노무","구직","45","0","0","3","0","0","","48"
"202009","노무","근로자교육","13","1","0","0","0","0","","14"
"202009","노무","근로조건","37","0","1","0","0","0","","38"
"202009","노무","급여","118","1","0","2","0","0","","121"
"202009","노무","기타","61","1","0","1","0","0","","63"
"202009","노무","부당해고","19","0","0","0","0","0","","19"
"202009","노무","불편/개선건의","11","0","0","2","0","0","","13"
"202009","노무","사업장변경","48","0","0","0","0","0","","48"
"202009","노무","사업장이탈","0","0","0","0","0","0","","0"
"202009","노무","산재보험","27","0","0","0","0","0","","27"
"202009","노무","외국근로자보험","60","9","0","4","0","0","","73"
"202009","노무","재고용","23","0","0","0","0","0","","23"
"202009","노무","체불임금","68","2","0","1","0","0","","71"
"202009","문화/관광","교류/행사","1","0","0","0","0","0","","1"
"202009","문화/관광","기타","0","0","0","0","0","0","","0"
"202009","문화/관광","불편/개선건의","0","0","0","0","0","0","","0"
"202009","문화/관광","여행/관광","2","0","0","0","0","0","","2"
"202009","문화/관광","자원봉사","3","0","0","0","0","0","","3"
"202009","문화/관광","종교","0","0","0","0","0","0","","0"
"202009","보건/복지","건강보험","67","0","0","0","0","0","","67"
"202009","보건/복지","국민연금","37","5","0","0","0","0","","42"
"202009","보건/복지","기타","32","0","0","1","0","0","","33"
"202009","보건/복지","동물병원","0","0","0","0","0","0","","0"
"202009","보건/복지","무료진료","6","0","0","0","0","0","","6"
"202009","보건/복지","방역","11","0","0","0","0","0","","11"
"202009","보건/복지","불편/개선건의","2","0","0","0","0","0","","2"
"202009","보건/복지","사보험","4","0","0","0","0","0","","4"
"202009","보건/복지","사회복지","12","0","1","1","0","0","","14"
"202009","보건/복지","심리상담","14","27","7","0","0","0","","48"
"202009","보건/복지","의료기관","49","1","0","3","0","0","","53"
"202009","보건/복지","재난지원금","1646","112","2","6","0","0","","1766"
"202009","보건/복지","중국어 심리상담","12","0","0","0","0","0","","12"
"202009","비즈니스","FDI/금융","0","0","0","0","0","0","","0"
"202009","비즈니스","관세/통관","0","0","0","0","0","0","","0"
"202009","비즈니스","기타","4","0","0","2","0","0","","6"
"202009","비즈니스","노무/인사","0","0","0","0","0","0","","0"
"202009","비즈니스","마케팅","0","0","0","0","0","0","","0"
"202009","비즈니스","무역특화","0","0","0","0","0","0","","0"
"202009","비즈니스","법률/상법","0","0","0","0","0","0","","0"
"202009","비즈니스","불편/개선건의","0","0","0","0","0","0","","0"
"202009","비즈니스","비자","0","0","0","0","0","0","","0"
"202009","비즈니스","비즈네트워킹","0","0","0","1","0","0","","1"
"202009","비즈니스","비즈한국어","0","0","0","0","0","0","","0"
"202009","비즈니스","세금","0","0","0","0","0","0","","0"
"202009","비즈니스","인허가","0","0","0","0","0","0","","0"
"202009","비즈니스","지식재산권","0","0","0","0","0","0","","0"
"202009","비즈니스","창업교육","1","0","0","0","0","0","","1"
"202009","비즈니스","창업보육","0","0","0","0","0","0","","0"
"202009","비즈니스","창업일반","1","0","1","0","0","0","","2"
"202009","비즈니스","회사설립","2","0","0","0","0","0","","2"
"202009","안전","교통사고","4","0","0","0","0","0","","4"
"202009","안전","기타","5","0","0","0","0","0","","5"
"202009","안전","민사사건","4","0","2","0","0","0","","6"
"202009","안전","불편/개선건의","0","0","0","0","0","0","","0"
"202009","안전","일반사고","0","0","0","0","0","0","","0"
"202009","안전","재난/재해","0","0","0","0","0","0","","0"
"202009","안전","형사사건","15","0","0","0","0","0","","15"
"202009","여성/가족","가정폭력","2","0","0","0","0","0","","2"
"202009","여성/가족","가족상담","4","0","0","0","0","0","","4"
"202009","여성/가족","기타","2","0","0","0","0","0","","2"
"202009","여성/가족","불편/개선건의","0","0","0","0","0","0","","0"
"202009","여성/가족","이혼","25","0","1","1","0","0","","27"
"202009","여성/가족","임신/출산","4","0","0","1","0","0","","5"
"202009","정보통신","기타","3","0","0","0","0","0","","3"
"202009","정보통신","불편/개선건의","0","0","0","0","0","0","","0"
"202009","정보통신","우편/택배등","1","0","0","1","0","0","","2"
"202009","정보통신","인터넷","1","0","0","0","0","0","","1"
"202009","정보통신","전화","0","0","0","0","0","0","","0"
"202009","정보통신","케이블/위성TV","0","0","0","0","0","0","","0"
"202009","정보통신","휴대폰","6","0","0","2","0","0","","8"
"202009","주거","공과금","0","0","0","0","0","0","","0"
"202009","주거","기타","4","0","0","0","0","0","","4"
"202009","주거","부동산매매","5","0","0","0","0","0","","5"
"202009","주거","부동산임대","14","0","0","0","0","0","","14"
"202009","주거","불편/개선건의","1","0","0","0","0","0","","1"
"202009","주거","이사","3","0","0","0","0","0","","3"
"202009","주거","주거관련분쟁","12","0","0","0","0","0","","12"
"202009","출입국","검역/세관","0","0","0","0","0","0","","0"
"202009","출입국","귀화/영주권","19","1","0","0","0","0","","20"
"202009","출입국","기타","54","0","0","4","0","0","","58"
"202009","출입국","난민","3","0","0","0","0","0","","3"
"202009","출입국","불편/개선건의","1","0","0","0","0","0","","1"
"202009","출입국","사증변경","85","5","0","6","0","0","","96"
"202009","출입국","사증연장","343","47","2","64","0","0","","456"
"202009","출입국","사증자격","36","1","0","3","0","0","","40"
"202009","출입국","사증취득","19","0","0","0","0","0","","19"
"202009","출입국","외국인등록증","44","0","0","0","0","0","","44"
"202009","출입국","초청","5","0","0","0","0","0","","5"
"202009","출입국","출국/입국","113","11","0","9","0","0","","133"
"202009","행정","공증","5","0","0","0","0","0","","5"
"202009","행정","기타","13","1","0","2","0","0","","16"
"202009","행정","불편/개선건의","2","0","0","0","0","0","","2"
"202009","행정","세무","37","0","0","0","0","0","","37"
"202009","행정","소비자상담","0","0","0","0","0","0","","0"
"202009","행정","쓰레기처리","0","0","0","0","0","0","","0"
"202009","행정","여권","15","0","0","6","0","0","","21"
"202009","행정","운전면허","134","10","2","1","0","0","","147"
"202009","행정","인감","1","0","0","0","0","0","","1"
"202009","행정","일반법률","43","0","0","0","0","0","","43"
"202009","행정","자동차관련","4","0","0","1","0","0","","5"
"202009","행정","출생 및 사망","2","0","0","0","0","0","","2"
"202009","행정","행정기관","98","2","0","0","0","0","","100"
"202009","행정","행정소송","1","0","0","0","0","0","","1"
"202009","행정","혼인관계","13","0","1","1","0","0","","15"
"202008","교육","교육기관","48","2","0","0","0","0","","50"
"202008","교육","기타","9","2","0","1","0","0","","12"
"202008","교육","보육시설","1","0","0","0","0","0","","1"
"202008","교육","불편/개선건의","0","0","0","0","0","0","","0"
"202008","교육","일반교육","6","0","0","1","0","0","","7"
"202008","교육","한국어교육","145","10","24","18","0","0","","197"
"202008","교통","기타","3","0","0","0","0","0","","3"
"202008","교통","대중교통","5","0","0","0","0","0","","5"
"202008","교통","불편/개선건의","0","0","0","0","0","0","","0"
"202008","교통","유실물","0","0","0","0","0","0","","0"
"202008","교통","항공 및 선박","13","0","0","4","0","0","","17"
"202008","금융","기타","1","0","0","0","0","0","","1"
"202008","금융","불편/개선건의","0","0","0","0","0","0","","0"
"202008","금융","신용카드","1","0","0","0","0","0","","1"
"202008","금융","은행업무","7","2","0","0","0","0","","9"
"202008","기타","기타","36","1","0","1","0","0","","38"
"202008","기타","렌탈","0","0","0","1","0","0","","1"
"202008","기타","매매/교환","0","1","0","0","0","0","","1"
"202008","기타","불편/개선건의","1","0","0","0","0","0","","1"
"202008","기타","센터안내","36","2","0","2","0","0","","40"
"202008","기타","통역","64","2","0","6","0","0","","72"
"202008","노무","고용보험","3","1","0","0","0","0","","4"
"202008","노무","구인","5","0","0","0","0","0","","5"
"202008","노무","구직","32","1","0","1","0","0","","34"
"202008","노무","근로자교육","9","0","0","0","0","0","","9"
"202008","노무","근로조건","36","0","0","1","0","0","","37"
"202008","노무","급여","97","3","0","2","0","0","","102"
"202008","노무","기타","35","1","0","6","0","0","","42"
"202008","노무","부당해고","13","0","0","0","0","0","","13"
"202008","노무","불편/개선건의","19","0","0","0","0","0","","19"
"202008","노무","사업장변경","32","0","0","0","0","0","","32"
"202008","노무","사업장이탈","0","0","0","0","0","0","","0"
"202008","노무","산재보험","17","1","0","0","0","0","","18"
"202008","노무","외국근로자보험","63","19","0","0","0","0","","82"
"202008","노무","재고용","20","1","0","0","0","0","","21"
"202008","노무","체불임금","51","4","0","0","0","0","","55"
"202008","문화/관광","교류/행사","1","0","0","0","0","0","","1"
"202008","문화/관광","기타","1","0","0","0","0","0","","1"
"202008","문화/관광","불편/개선건의","1","0","0","0","0","0","","1"
"202008","문화/관광","여행/관광","1","0","0","0","0","0","","1"
"202008","문화/관광","자원봉사","1","0","0","0","0","0","","1"
"202008","문화/관광","종교","0","0","0","0","0","0","","0"
"202008","보건/복지","건강보험","50","4","0","0","0","0","","54"
"202008","보건/복지","국민연금","41","10","0","0","0","0","","51"
"202008","보건/복지","기타","41","0","0","0","0","0","","41"
"202008","보건/복지","동물병원","0","0","0","0","0","0","","0"
"202008","보건/복지","무료진료","13","0","0","0","0","0","","13"
"202008","보건/복지","방역","5","0","0","0","0","0","","5"
"202008","보건/복지","불편/개선건의","0","0","0","0","0","0","","0"
"202008","보건/복지","사보험","3","0","0","0","0","0","","3"
"202008","보건/복지","사회복지","105","2","0","1","0","0","","108"
"202008","보건/복지","심리상담","17","25","2","0","0","0","","44"
"202008","보건/복지","의료기관","43","2","1","0","0","0","","46"
"202008","보건/복지","재난지원금","163","1","0","1","0","0","","165"
"202008","보건/복지","중국어 심리상담","8","7","1","0","0","0","","16"
"202008","비즈니스","FDI/금융","0","0","0","0","0","0","","0"
"202008","비즈니스","관세/통관","0","0","0","0","0","0","","0"
"202008","비즈니스","기타","1","1","0","2","0","0","","4"
"202008","비즈니스","노무/인사","0","0","0","0","0","0","","0"
"202008","비즈니스","마케팅","0","0","0","0","0","0","","0"
"202008","비즈니스","무역특화","0","0","0","0","0","0","","0"
"202008","비즈니스","법률/상법","0","0","0","0","0","0","","0"
"202008","비즈니스","불편/개선건의","0","0","0","0","0","0","","0"
"202008","비즈니스","비자","0","0","0","0","0","0","","0"
"202008","비즈니스","비즈네트워킹","0","0","0","0","0","0","","0"
"202008","비즈니스","비즈한국어","0","0","0","0","0","0","","0"
"202008","비즈니스","세금","0","0","0","0","0","0","","0"
"202008","비즈니스","인허가","0","0","0","0","0","0","","0"
"202008","비즈니스","지식재산권","0","0","0","0","0","0","","0"
"202008","비즈니스","창업교육","0","0","0","0","0","0","","0"
"202008","비즈니스","창업보육","0","0","0","0","0","0","","0"
"202008","비즈니스","창업일반","4","0","0","1","0","0","","5"
"202008","비즈니스","회사설립","1","0","0","0","0","0","","1"
"202008","안전","교통사고","1","0","0","0","0","0","","1"
"202008","안전","기타","7","0","0","2","0","0","","9"
"202008","안전","민사사건","11","0","1","0","0","0","","12"
"202008","안전","불편/개선건의","1","0","0","0","0","0","","1"
"202008","안전","일반사고","0","0","0","0","0","0","","0"
"202008","안전","재난/재해","5","0","0","0","0","0","","5"
"202008","안전","형사사건","8","0","1","0","0","0","","9"
"202008","여성/가족","가정폭력","0","0","0","0","0","0","","0"
"202008","여성/가족","가족상담","4","0","0","0","0","0","","4"
"202008","여성/가족","기타","5","0","0","0","0","0","","5"
"202008","여성/가족","불편/개선건의","0","0","0","0","0","0","","0"
"202008","여성/가족","이혼","11","0","0","0","0","0","","11"
"202008","여성/가족","임신/출산","0","0","0","0","0","0","","0"
"202008","정보통신","기타","0","0","0","0","0","0","","0"
"202008","정보통신","불편/개선건의","0","0","0","0","0","0","","0"
"202008","정보통신","우편/택배등","2","0","0","0","0","0","","2"
"202008","정보통신","인터넷","0","0","0","0","0","0","","0"
"202008","정보통신","전화","0","0","0","0","0","0","","0"
"202008","정보통신","케이블/위성TV","1","0","0","0","0","0","","1"
"202008","정보통신","휴대폰","4","1","0","1","0","0","","6"
"202008","주거","공과금","1","0","0","1","0","0","","2"
"202008","주거","기타","3","0","0","0","0","0","","3"
"202008","주거","부동산매매","6","0","0","0","0","0","","6"
"202008","주거","부동산임대","16","0","0","0","0","0","","16"
"202008","주거","불편/개선건의","1","0","0","0","0","0","","1"
"202008","주거","이사","6","0","0","0","0","0","","6"
"202008","주거","주거관련분쟁","25","1","0","0","0","0","","26"
"202008","출입국","검역/세관","0","0","0","0","0","0","","0"
"202008","출입국","귀화/영주권","11","6","0","0","0","0","","17"
"202008","출입국","기타","53","11","1","6","0","0","","71"
"202008","출입국","난민","3","0","0","0","0","0","","3"
"202008","출입국","불편/개선건의","0","0","0","0","0","0","","0"
"202008","출입국","사증변경","65","15","1","3","0","0","","84"
"202008","출입국","사증연장","240","219","0","47","0","0","","506"
"202008","출입국","사증자격","32","7","0","0","0","0","","39"
"202008","출입국","사증취득","13","0","0","0","0","0","","13"
"202008","출입국","외국인등록증","35","2","0","0","0","0","","37"
"202008","출입국","초청","5","0","0","0","0","0","","5"
"202008","출입국","출국/입국","93","51","0","13","0","0","","157"
"202008","행정","공증","3","0","0","0","0","0","","3"
"202008","행정","기타","23","1","0","0","0","0","","24"
"202008","행정","불편/개선건의","0","0","0","0","0","0","","0"
"202008","행정","세무","39","0","0","1","0","0","","40"
"202008","행정","소비자상담","0","0","0","0","0","0","","0"
"202008","행정","쓰레기처리","3","1","0","0","0","0","","4"
"202008","행정","여권","18","3","0","1","0","0","","22"
"202008","행정","운전면허","115","9","0","4","0","0","","128"
"202008","행정","인감","1","0","0","0","0","0","","1"
"202008","행정","일반법률","43","4","0","0","0","0","","47"
"202008","행정","자동차관련","4","0","0","0","0","0","","4"
"202008","행정","출생 및 사망","2","0","0","0","0","0","","2"
"202008","행정","행정기관","82","2","0","0","0","0","","84"
"202008","행정","행정소송","0","0","0","0","0","0","","0"
"202008","행정","혼인관계","8","1","0","0","0","0","","9"
"202007","교육","교육기관","67","2","1","0","0","0","","70"
"202007","교육","기타","5","5","0","3","0","0","","13"
"202007","교육","보육시설","0","0","0","0","0","0","","0"
"202007","교육","불편/개선건의","1","0","0","0","0","0","","1"
"202007","교육","일반교육","29","3","0","6","0","0","","38"
"202007","교육","한국어교육","103","4","5","10","0","0","","122"
"202007","교통","기타","1","0","0","0","0","0","","1"
"202007","교통","대중교통","2","0","0","0","0","0","","2"
"202007","교통","불편/개선건의","0","0","0","0","0","0","","0"
"202007","교통","유실물","1","0","0","0","0","0","","1"
"202007","교통","항공 및 선박","46","0","0","0","0","0","","46"
"202007","금융","기타","2","0","0","2","0","0","","4"
"202007","금융","불편/개선건의","0","0","0","0","0","0","","0"
"202007","금융","신용카드","0","0","0","0","0","0","","0"
"202007","금융","은행업무","16","3","0","2","0","0","","21"
"202007","기타","기타","32","4","0","0","0","0","","36"
"202007","기타","렌탈","1","0","0","0","0","0","","1"
"202007","기타","매매/교환","0","0","0","0","0","0","","0"
"202007","기타","불편/개선건의","2","0","0","0","0","0","","2"
"202007","기타","센터안내","48","3","2","6","0","0","","59"
"202007","기타","통역","108","0","0","3","0","0","","111"
"202007","노무","고용보험","4","0","0","0","0","0","","4"
"202007","노무","구인","1","0","0","0","0","0","","1"
"202007","노무","구직","39","3","1","2","0","0","","45"
"202007","노무","근로자교육","12","2","0","0","0","0","","14"
"202007","노무","근로조건","61","1","0","1","0","0","","63"
"202007","노무","급여","110","16","0","0","0","0","","126"
"202007","노무","기타","38","0","0","3","0","0","","41"
"202007","노무","부당해고","7","0","0","0","0","0","","7"
"202007","노무","불편/개선건의","17","0","0","0","0","0","","17"
"202007","노무","사업장변경","39","0","0","0","0","0","","39"
"202007","노무","사업장이탈","2","0","0","0","0","0","","2"
"202007","노무","산재보험","28","1","0","0","0","0","","29"
"202007","노무","외국근로자보험","76","25","0","0","0","0","","101"
"202007","노무","재고용","17","0","0","1","0","0","","18"
"202007","노무","체불임금","47","9","0","0","0","0","","56"
"202007","문화/관광","교류/행사","0","0","1","0","0","0","","1"
"202007","문화/관광","기타","1","0","0","0","0","0","","1"
"202007","문화/관광","불편/개선건의","0","0","0","0","0","0","","0"
"202007","문화/관광","여행/관광","3","0","0","1","0","0","","4"
"202007","문화/관광","자원봉사","0","0","2","0","0","0","","2"
"202007","문화/관광","종교","0","0","0","0","0","0","","0"
"202007","보건/복지","건강보험","64","10","0","0","0","0","","74"
"202007","보건/복지","국민연금","59","19","0","1","0","0","","79"
"202007","보건/복지","기타","20","2","1","1","0","0","","24"
"202007","보건/복지","동물병원","0","0","0","0","0","0","","0"
"202007","보건/복지","무료진료","8","0","0","0","0","0","","8"
"202007","보건/복지","불편/개선건의","1","0","0","0","0","0","","1"
"202007","보건/복지","사보험","1","0","0","0","0","0","","1"
"202007","보건/복지","사회복지","65","4","1","1","0","0","","71"
"202007","보건/복지","심리상담","19","35","11","0","0","0","","65"
"202007","보건/복지","의료기관","59","0","0","1","0","0","","60"
"202007","보건/복지","중국어 심리상담","2","13","1","0","0","0","","16"
"202007","비즈니스","FDI/금융","0","0","0","0","0","0","","0"
"202007","비즈니스","관세/통관","0","0","0","0","0","0","","0"
"202007","비즈니스","기타","0","0","0","0","0","0","","0"
"202007","비즈니스","노무/인사","0","0","0","0","0","0","","0"
"202007","비즈니스","마케팅","0","0","0","0","0","0","","0"
"202007","비즈니스","무역특화","0","0","0","0","0","0","","0"
"202007","비즈니스","법률/상법","2","0","0","0","0","0","","2"
"202007","비즈니스","불편/개선건의","1","0","0","0","0","0","","1"
"202007","비즈니스","비자","0","0","0","0","0","0","","0"
"202007","비즈니스","비즈네트워킹","0","0","0","0","0","0","","0"
"202007","비즈니스","비즈한국어","0","0","0","0","0","0","","0"
"202007","비즈니스","세금","0","0","0","0","0","0","","0"
"202007","비즈니스","인허가","0","0","0","0","0","0","","0"
"202007","비즈니스","지식재산권","0","0","0","0","0","0","","0"
"202007","비즈니스","창업교육","0","0","0","0","0","0","","0"
"202007","비즈니스","창업보육","0","0","0","0","0","0","","0"
"202007","비즈니스","창업일반","8","2","1","0","0","0","","11"
"202007","비즈니스","회사설립","4","0","0","0","0","0","","4"
"202007","안전","교통사고","7","1","0","0","0","0","","8"
"202007","안전","기타","2","0","0","1","0","0","","3"
"202007","안전","민사사건","0","2","0","1","0","0","","3"
"202007","안전","불편/개선건의","2","0","0","0","0","0","","2"
"202007","안전","일반사고","0","0","0","0","0","0","","0"
"202007","안전","재난/재해","0","0","0","0","0","0","","0"
"202007","안전","형사사건","7","1","0","0","0","0","","8"
"202007","여성/가족","가정폭력","1","1","0","0","0","0","","2"
"202007","여성/가족","가족상담","6","1","0","0","0","0","","7"
"202007","여성/가족","기타","1","0","0","0","0","0","","1"
"202007","여성/가족","불편/개선건의","0","0","0","0","0","0","","0"
"202007","여성/가족","이혼","31","1","1","0","0","0","","33"
"202007","여성/가족","임신/출산","2","1","0","0","0","0","","3"
"202007","정보통신","기타","0","1","0","0","0","0","","1"
"202007","정보통신","불편/개선건의","0","0","0","0","0","0","","0"
"202007","정보통신","우편/택배등","2","0","0","0","0","0","","2"
"202007","정보통신","인터넷","1","0","1","1","0","0","","3"
"202007","정보통신","전화","0","0","0","0","0","0","","0"
"202007","정보통신","케이블/위성TV","0","0","0","0","0","0","","0"
"202007","정보통신","휴대폰","14","0","0","3","0","0","","17"
"202007","주거","공과금","4","0","0","2","0","0","","6"
"202007","주거","기타","6","0","0","1","0","0","","7"
"202007","주거","부동산매매","3","0","0","0","0","0","","3"
"202007","주거","부동산임대","20","0","0","0","0","0","","20"
"202007","주거","불편/개선건의","0","0","0","0","0","0","","0"
"202007","주거","이사","4","0","0","1","0","0","","5"
"202007","주거","주거관련분쟁","10","1","0","0","0","0","","11"
"202007","출입국","검역/세관","1","0","0","0","0","0","","1"
"202007","출입국","귀화/영주권","13","3","0","0","0","0","","16"
"202007","출입국","기타","51","19","0","9","0","0","","79"
"202007","출입국","난민","5","0","0","1","0","0","","6"
"202007","출입국","불편/개선건의","0","0","1","0","0","0","","1"
"202007","출입국","사증변경","80","14","2","0","0","0","","96"
"202007","출입국","사증연장","283","371","3","15","0","0","","672"
"202007","출입국","사증자격","59","11","0","2","0","0","","72"
"202007","출입국","사증취득","14","2","0","0","0","0","","16"
"202007","출입국","외국인등록증","37","11","0","1","0","0","","49"
"202007","출입국","초청","5","2","0","0","0","0","","7"
"202007","출입국","출국/입국","133","91","0","9","0","0","","233"
"202007","행정","공증","7","0","0","0","0","0","","7"
"202007","행정","기타","21","6","0","0","0","0","","27"
"202007","행정","불편/개선건의","2","0","0","0","0","0","","2"
"202007","행정","세무","34","6","0","0","0","0","","40"
"202007","행정","소비자상담","0","0","1","0","0","0","","1"
"202007","행정","쓰레기처리","1","0","0","0","0","0","","1"
"202007","행정","여권","20","0","0","0","0","0","","20"
"202007","행정","운전면허","153","24","0","0","0","0","","177"
"202007","행정","인감","0","0","0","0","0","0","","0"
"202007","행정","일반법률","69","4","2","0","0","0","","75"
"202007","행정","자동차관련","14","1","0","0","0","0","","15"
"202007","행정","출생 및 사망","7","0","1","0","0","0","","8"
"202007","행정","행정기관","112","10","0","0","0","0","","122"
"202007","행정","행정소송","0","0","0","0","0","0","","0"
"202007","행정","혼인관계","14","2","0","0","0","0","","16"
"202006","교육","교육기관","34","0","0","0","0","0","","34"
"202006","교육","기타","10","1","2","0","0","0","","13"
"202006","교육","보육시설","1","0","0","0","0","0","","1"
"202006","교육","불편/개선건의","0","0","0","0","0","0","","0"
"202006","교육","일반교육","9","1","0","6","0","0","","16"
"202006","교육","한국어교육","75","6","66","9","0","0","","156"
"202006","교통","기타","2","0","0","0","0","0","","2"
"202006","교통","대중교통","1","0","0","0","0","0","","1"
"202006","교통","불편/개선건의","1","0","0","0","0","0","","1"
"202006","교통","유실물","0","0","0","0","0","0","","0"
"202006","교통","항공 및 선박","29","0","0","2","0","0","","31"
"202006","금융","기타","1","0","0","1","0","0","","2"
"202006","금융","불편/개선건의","0","0","0","0","0","0","","0"
"202006","금융","신용카드","0","1","0","2","0","0","","3"
"202006","금융","은행업무","18","4","0","3","0","0","","25"
"202006","기타","기타","21","0","0","2","0","0","","23"
"202006","기타","렌탈","1","0","0","0","0","0","","1"
"202006","기타","매매/교환","1","0","0","0","0","0","","1"
"202006","기타","불편/개선건의","1","0","0","0","0","0","","1"
"202006","기타","센터안내","60","2","0","6","0","0","","68"
"202006","기타","통역","122","2","0","6","0","0","","130"
"202006","노무","고용보험","11","0","0","0","0","0","","11"
"202006","노무","구인","5","0","0","1","0","0","","6"
"202006","노무","구직","45","5","0","1","0","0","","51"
"202006","노무","근로자교육","31","2","0","0","0","0","","33"
"202006","노무","근로조건","45","1","0","0","0","0","","46"
"202006","노무","급여","108","21","0","6","0","0","","135"
"202006","노무","기타","43","2","0","5","0","0","","50"
"202006","노무","부당해고","5","0","0","0","0","0","","5"
"202006","노무","불편/개선건의","22","3","0","0","0","0","","25"
"202006","노무","사업장변경","43","1","0","4","0","0","","48"
"202006","노무","사업장이탈","1","0","0","0","0","0","","1"
"202006","노무","산재보험","29","2","0","0","0","0","","31"
"202006","노무","외국근로자보험","81","28","0","2","0","0","","111"
"202006","노무","재고용","29","0","0","0","0","0","","29"
"202006","노무","체불임금","52","3","0","2","0","0","","57"
"202006","문화/관광","교류/행사","2","0","0","0","0","0","","2"
"202006","문화/관광","기타","0","0","0","0","0","0","","0"
"202006","문화/관광","불편/개선건의","0","0","0","0","0","0","","0"
"202006","문화/관광","여행/관광","1","0","0","1","0","0","","2"
"202006","문화/관광","자원봉사","0","0","0","0","0","0","","0"
"202006","문화/관광","종교","1","0","0","0","0","0","","1"
"202006","보건/복지","건강보험","67","5","1","2","0","0","","75"
"202006","보건/복지","국민연금","38","10","1","0","0","0","","49"
"202006","보건/복지","기타","13","3","0","2","0","0","","18"
"202006","보건/복지","동물병원","0","0","0","0","0","0","","0"
"202006","보건/복지","무료진료","1","0","0","0","0","0","","1"
"202006","보건/복지","불편/개선건의","0","0","0","0","0","0","","0"
"202006","보건/복지","사보험","0","0","0","0","0","0","","0"
"202006","보건/복지","사회복지","53","5","1","1","0","0","","60"
"202006","보건/복지","심리상담","33","29","24","0","0","0","","86"
"202006","보건/복지","의료기관","42","1","0","5","0","0","","48"
"202006","비즈니스","FDI/금융","0","0","0","0","0","0","","0"
"202006","비즈니스","관세/통관","0","0","0","1","0","0","","1"
"202006","비즈니스","기타","4","0","0","1","0","0","","5"
"202006","비즈니스","노무/인사","0","0","0","0","0","0","","0"
"202006","비즈니스","마케팅","0","0","0","0","0","0","","0"
"202006","비즈니스","무역특화","0","0","0","0","0","0","","0"
"202006","비즈니스","법률/상법","0","0","0","0","0","0","","0"
"202006","비즈니스","불편/개선건의","0","0","0","0","0","0","","0"
"202006","비즈니스","비자","0","0","0","0","0","0","","0"
"202006","비즈니스","비즈네트워킹","0","0","0","0","0","0","","0"
"202006","비즈니스","비즈한국어","0","0","0","0","0","0","","0"
"202006","비즈니스","세금","0","0","0","0","0","0","","0"
"202006","비즈니스","인허가","1","0","0","0","0","0","","1"
"202006","비즈니스","지식재산권","0","0","0","0","0","0","","0"
"202006","비즈니스","창업교육","2","0","0","0","0","0","","2"
"202006","비즈니스","창업보육","0","0","0","0","0","0","","0"
"202006","비즈니스","창업일반","7","0","0","0","0","0","","7"
"202006","비즈니스","회사설립","2","0","0","0","0","0","","2"
"202006","안전","교통사고","3","1","0","0","0","0","","4"
"202006","안전","기타","4","0","0","1","0","0","","5"
"202006","안전","민사사건","9","2","0","3","0","0","","14"
"202006","안전","불편/개선건의","0","0","0","0","0","0","","0"
"202006","안전","일반사고","1","0","0","0","0","0","","1"
"202006","안전","재난/재해","0","0","0","0","0","0","","0"
"202006","안전","형사사건","13","0","0","0","0","0","","13"
"202006","여성/가족","가정폭력","2","0","0","0","0","0","","2"
"202006","여성/가족","가족상담","4","0","0","0","0","0","","4"
"202006","여성/가족","기타","5","0","0","0","0","0","","5"
"202006","여성/가족","불편/개선건의","1","0","0","0","0","0","","1"
"202006","여성/가족","이혼","21","3","1","0","0","0","","25"
"202006","여성/가족","임신/출산","2","0","0","0","0","0","","2"
"202006","정보통신","기타","1","0","0","0","0","0","","1"
"202006","정보통신","불편/개선건의","0","0","0","0","0","0","","0"
"202006","정보통신","우편/택배등","4","0","0","1","0","0","","5"
"202006","정보통신","인터넷","0","0","0","0","0","0","","0"
"202006","정보통신","전화","1","0","0","0","0","0","","1"
"202006","정보통신","케이블/위성TV","0","0","0","0","0","0","","0"
"202006","정보통신","휴대폰","6","2","0","1","0","0","","9"
"202006","주거","공과금","2","0","0","1","0","0","","3"
"202006","주거","기타","7","0","0","0","0","0","","7"
"202006","주거","부동산매매","10","0","0","0","0","0","","10"
"202006","주거","부동산임대","14","0","0","0","0","0","","14"
"202006","주거","불편/개선건의","1","0","0","0","0","0","","1"
"202006","주거","이사","2","0","0","0","0","0","","2"
"202006","주거","주거관련분쟁","13","0","0","0","0","0","","13"
"202006","출입국","검역/세관","0","0","0","0","0","0","","0"
"202006","출입국","귀화/영주권","16","1","0","2","0","0","","19"
"202006","출입국","기타","51","16","2","7","0","0","","76"
"202006","출입국","난민","4","0","0","2","0","0","","6"
"202006","출입국","불편/개선건의","1","0","0","0","0","0","","1"
"202006","출입국","사증변경","50","15","0","0","0","0","","65"
"202006","출입국","사증연장","261","313","1","6","0","0","","581"
"202006","출입국","사증자격","44","11","1","9","0","0","","65"
"202006","출입국","사증취득","22","3","1","0","0","0","","26"
"202006","출입국","외국인등록증","41","8","0","1","0","0","","50"
"202006","출입국","초청","8","3","0","1","0","0","","12"
"202006","출입국","출국/입국","194","181","0","25","0","0","","400"
"202006","행정","공증","4","0","0","0","0","0","","4"
"202006","행정","기타","19","3","1","2","0","0","","25"
"202006","행정","불편/개선건의","1","0","0","0","0","0","","1"
"202006","행정","세무","42","2","1","6","0","0","","51"
"202006","행정","소비자상담","0","0","0","0","0","0","","0"
"202006","행정","쓰레기처리","0","0","0","0","0","0","","0"
"202006","행정","여권","18","3","0","0","0","0","","21"
"202006","행정","운전면허","110","15","3","8","0","0","","136"
"202006","행정","인감","0","0","0","0","0","0","","0"
"202006","행정","일반법률","67","2","0","0","0","0","","69"
"202006","행정","자동차관련","6","1","0","0","0","0","","7"
"202006","행정","출생 및 사망","5","0","0","0","0","0","","5"
"202006","행정","행정기관","96","6","0","0","0","0","","102"
"202006","행정","행정소송","2","1","0","0","0","0","","3"
"202006","행정","혼인관계","10","0","8","0","0","0","","18"
"202005","교육","교육기관","22","1","0","0","0","0","","23"
"202005","교육","기타","9","2","1","0","0","0","","12"
"202005","교육","보육시설","1","0","0","0","0","0","","1"
"202005","교육","불편/개선건의","0","0","0","0","0","0","","0"
"202005","교육","일반교육","6","2","0","0","0","0","","8"
"202005","교육","한국어교육","69","6","121","9","0","0","","205"
"202005","교통","기타","3","0","0","0","0","0","","3"
"202005","교통","대중교통","2","0","0","0","0","0","","2"
"202005","교통","불편/개선건의","2","0","0","0","0","0","","2"
"202005","교통","유실물","0","0","0","0","0","0","","0"
"202005","교통","항공 및 선박","31","0","0","0","0","0","","31"
"202005","금융","기타","1","0","0","0","0","0","","1"
"202005","금융","불편/개선건의","0","0","0","1","0","0","","1"
"202005","금융","신용카드","2","0","0","0","0","0","","2"
"202005","금융","은행업무","12","2","0","0","0","0","","14"
"202005","기타","기타","14","1","0","0","0","0","","15"
"202005","기타","렌탈","1","0","0","0","0","0","","1"
"202005","기타","매매/교환","1","0","0","0","0","0","","1"
"202005","기타","불편/개선건의","1","1","0","0","0","0","","2"
"202005","기타","센터안내","43","2","0","5","0","0","","50"
"202005","기타","통역","79","5","0","2","0","0","","86"
"202005","노무","고용보험","14","0","0","0","0","0","","14"
"202005","노무","구인","1","0","0","0","0","0","","1"
"202005","노무","구직","29","0","0","0","0","0","","29"
"202005","노무","근로자교육","12","0","0","0","0","0","","12"
"202005","노무","근로조건","35","1","0","1","0","0","","37"
"202005","노무","급여","111","17","0","3","0","0","","131"
"202005","노무","기타","38","1","0","4","0","0","","43"
"202005","노무","부당해고","18","1","0","0","0","0","","19"
"202005","노무","불편/개선건의","15","0","0","2","0","0","","17"
"202005","노무","사업장변경","41","1","0","1","0","0","","43"
"202005","노무","사업장이탈","0","0","0","0","0","0","","0"
"202005","노무","산재보험","19","1","0","0","0","0","","20"
"202005","노무","외국근로자보험","61","13","0","3","0","0","","77"
"202005","노무","재고용","24","0","0","1","0","0","","25"
"202005","노무","체불임금","43","3","1","2","0","0","","49"
"202005","문화/관광","교류/행사","3","1","0","0","0","0","","4"
"202005","문화/관광","기타","2","0","0","0","0","0","","2"
"202005","문화/관광","불편/개선건의","0","0","0","0","0","0","","0"
"202005","문화/관광","여행/관광","1","0","0","0","0","0","","1"
"202005","문화/관광","자원봉사","2","0","0","0","0","0","","2"
"202005","문화/관광","종교","0","0","0","0","0","0","","0"
"202005","보건/복지","건강보험","78","5","0","1","0","0","","84"
"202005","보건/복지","국민연금","46","5","0","0","0","0","","51"
"202005","보건/복지","기타","9","0","0","0","0","0","","9"
"202005","보건/복지","동물병원","0","0","0","0","0","0","","0"
"202005","보건/복지","무료진료","2","1","0","0","0","0","","3"
"202005","보건/복지","불편/개선건의","0","0","0","0","0","0","","0"
"202005","보건/복지","사보험","1","0","0","0","0","0","","1"
"202005","보건/복지","사회복지","93","3","0","1","0","0","","97"
"202005","보건/복지","심리상담","11","17","6","0","0","0","","34"
"202005","보건/복지","의료기관","44","1","0","2","0","0","","47"
"202005","비즈니스","FDI/금융","0","0","0","0","0","0","","0"
"202005","비즈니스","관세/통관","0","0","0","0","0","0","","0"
"202005","비즈니스","기타","0","0","0","0","0","0","","0"
"202005","비즈니스","노무/인사","0","0","0","0","0","0","","0"
"202005","비즈니스","마케팅","0","0","0","0","0","0","","0"
"202005","비즈니스","무역특화","0","0","0","0","0","0","","0"
"202005","비즈니스","법률/상법","0","0","0","0","0","0","","0"
"202005","비즈니스","불편/개선건의","0","0","0","0","0","0","","0"
"202005","비즈니스","비자","0","1","0","0","0","0","","1"
"202005","비즈니스","비즈네트워킹","0","0","0","0","0","0","","0"
"202005","비즈니스","비즈한국어","0","0","0","0","0","0","","0"
"202005","비즈니스","세금","1","0","0","0","0","0","","1"
"202005","비즈니스","인허가","0","0","0","0","0","0","","0"
"202005","비즈니스","지식재산권","0","0","0","0","0","0","","0"
"202005","비즈니스","창업교육","0","0","0","0","0","0","","0"
"202005","비즈니스","창업보육","0","0","0","0","0","0","","0"
"202005","비즈니스","창업일반","2","0","1","0","0","0","","3"
"202005","비즈니스","회사설립","0","0","0","0","0","0","","0"
"202005","안전","교통사고","3","0","0","0","0","0","","3"
"202005","안전","기타","3","1","0","1","0","0","","5"
"202005","안전","민사사건","7","0","0","1","0","0","","8"
"202005","안전","불편/개선건의","0","0","0","0","0","0","","0"
"202005","안전","일반사고","1","0","0","0","0","0","","1"
"202005","안전","재난/재해","1","0","0","0","0","0","","1"
"202005","안전","형사사건","12","0","0","0","0","0","","12"
"202005","여성/가족","가정폭력","2","1","0","0","0","0","","3"
"202005","여성/가족","가족상담","8","0","0","0","0","0","","8"
"202005","여성/가족","기타","4","1","0","0","0","0","","5"
"202005","여성/가족","불편/개선건의","0","0","0","0","0","0","","0"
"202005","여성/가족","이혼","16","0","0","0","0","0","","16"
"202005","여성/가족","임신/출산","5","0","0","0","0","0","","5"
"202005","정보통신","기타","0","0","0","0","0","0","","0"
"202005","정보통신","불편/개선건의","0","0","0","0","0","0","","0"
"202005","정보통신","우편/택배등","1","0","0","0","0","0","","1"
"202005","정보통신","인터넷","2","0","0","0","0","0","","2"
"202005","정보통신","전화","1","0","0","0","0","0","","1"
"202005","정보통신","케이블/위성TV","0","0","0","0","0","0","","0"
"202005","정보통신","휴대폰","12","0","0","1","0","0","","13"
"202005","주거","공과금","0","0","0","1","0","0","","1"
"202005","주거","기타","3","1","0","0","0","0","","4"
"202005","주거","부동산매매","5","0","0","0","0","0","","5"
"202005","주거","부동산임대","16","1","0","0","0","0","","17"
"202005","주거","불편/개선건의","1","0","0","0","0","0","","1"
"202005","주거","이사","3","0","0","0","0","0","","3"
"202005","주거","주거관련분쟁","17","0","0","0","0","0","","17"
"202005","출입국","검역/세관","1","0","0","0","0","0","","1"
"202005","출입국","귀화/영주권","4","2","0","0","0","0","","6"
"202005","출입국","기타","33","4","0","2","0","0","","39"
"202005","출입국","난민","1","0","0","0","0","0","","1"
"202005","출입국","불편/개선건의","0","0","0","0","0","0","","0"
"202005","출입국","사증변경","55","21","1","1","0","0","","78"
"202005","출입국","사증연장","243","390","3","13","0","0","","649"
"202005","출입국","사증자격","41","4","1","2","0","0","","48"
"202005","출입국","사증취득","20","2","0","0","0","0","","22"
"202005","출입국","외국인등록증","45","3","0","0","0","0","","48"
"202005","출입국","초청","3","1","0","0","0","0","","4"
"202005","출입국","출국/입국","121","27","2","12","0","0","","162"
"202005","행정","공증","0","0","1","0","0","0","","1"
"202005","행정","기타","11","2","0","0","0","0","","13"
"202005","행정","불편/개선건의","2","0","0","0","0","0","","2"
"202005","행정","세무","98","4","0","1","0","0","","103"
"202005","행정","소비자상담","0","0","0","0","0","0","","0"
"202005","행정","쓰레기처리","1","0","0","0","0","0","","1"
"202005","행정","여권","26","1","0","0","0","0","","27"
"202005","행정","운전면허","68","13","1","1","0","0","","83"
"202005","행정","인감","2","0","0","0","0","0","","2"
"202005","행정","일반법률","61","4","0","1","0","0","","66"
"202005","행정","자동차관련","11","0","0","0","0","0","","11"
"202005","행정","출생 및 사망","3","1","1","0","0","0","","5"
"202005","행정","행정기관","74","6","0","0","0","0","","80"
"202005","행정","행정소송","3","0","0","0","0","0","","3"
"202005","행정","혼인관계","9","0","2","0","0","0","","11"
"202004","교육","교육기관","31","2","0","0","0","0","","33"
"202004","교육","기타","5","1","0","0","0","0","","6"
"202004","교육","보육시설","4","0","0","0","0","0","","4"
"202004","교육","불편/개선건의","0","0","0","0","0","0","","0"
"202004","교육","일반교육","14","3","0","0","0","0","","17"
"202004","교육","한국어교육","77","1","66","6","0","0","","150"
"202004","교통","기타","0","0","0","0","0","0","","0"
"202004","교통","대중교통","3","0","0","0","0","0","","3"
"202004","교통","불편/개선건의","0","0","0","0","0","0","","0"
"202004","교통","유실물","2","0","0","0","0","0","","2"
"202004","교통","항공 및 선박","10","0","0","0","0","0","","10"
"202004","금융","기타","1","0","0","1","0","0","","2"
"202004","금융","불편/개선건의","0","0","0","0","0","0","","0"
"202004","금융","신용카드","0","0","0","0","0","0","","0"
"202004","금융","은행업무","18","2","0","1","0","0","","21"
"202004","기타","기타","21","2","0","1","0","0","","24"
"202004","기타","렌탈","0","0","0","0","0","0","","0"
"202004","기타","매매/교환","0","0","0","1","0","0","","1"
"202004","기타","불편/개선건의","0","0","0","0","0","0","","0"
"202004","기타","센터안내","77","1","3","12","0","0","","93"
"202004","기타","통역","124","4","1","8","0","0","","137"
"202004","노무","고용보험","13","0","0","1","0","0","","14"
"202004","노무","구인","1","0","0","0","0","0","","1"
"202004","노무","구직","45","1","0","1","0","0","","47"
"202004","노무","근로자교육","21","1","0","0","0","0","","22"
"202004","노무","근로조건","45","1","1","1","0","0","","48"
"202004","노무","급여","131","5","0","3","0","0","","139"
"202004","노무","기타","28","0","0","5","0","0","","33"
"202004","노무","부당해고","11","0","0","0","0","0","","11"
"202004","노무","불편/개선건의","12","0","0","2","0","0","","14"
"202004","노무","사업장변경","51","1","0","5","0","0","","57"
"202004","노무","사업장이탈","0","0","0","0","0","0","","0"
"202004","노무","산재보험","21","2","0","0","0","0","","23"
"202004","노무","외국근로자보험","62","11","0","1","0","0","","74"
"202004","노무","재고용","13","0","0","1","0","0","","14"
"202004","노무","체불임금","43","4","0","1","0","0","","48"
"202004","문화/관광","교류/행사","1","0","1","0","0","0","","2"
"202004","문화/관광","기타","1","0","0","0","0","0","","1"
"202004","문화/관광","불편/개선건의","0","0","0","0","0","0","","0"
"202004","문화/관광","여행/관광","1","0","0","0","0","0","","1"
"202004","문화/관광","자원봉사","1","0","0","0","0","0","","1"
"202004","문화/관광","종교","1","0","0","0","0","0","","1"
"202004","보건/복지","건강보험","90","1","1","0","0","0","","92"
"202004","보건/복지","국민연금","51","8","1","0","0","0","","60"
"202004","보건/복지","기타","157","2","1","1","0","0","","161"
"202004","보건/복지","동물병원","0","0","0","0","0","0","","0"
"202004","보건/복지","무료진료","4","0","0","0","0","0","","4"
"202004","보건/복지","불편/개선건의","0","0","0","0","0","0","","0"
"202004","보건/복지","사보험","3","1","0","1","0","0","","5"
"202004","보건/복지","사회복지","307","8","8","6","0","0","","329"
"202004","보건/복지","심리상담","2","16","5","0","0","0","","23"
"202004","보건/복지","의료기관","63","0","0","2","0","0","","65"
"202004","비즈니스","FDI/금융","0","0","0","0","0","0","","0"
"202004","비즈니스","관세/통관","0","0","0","0","0","0","","0"
"202004","비즈니스","기타","3","0","0","0","0","0","","3"
"202004","비즈니스","노무/인사","0","0","0","0","0","0","","0"
"202004","비즈니스","마케팅","0","0","0","0","0","0","","0"
"202004","비즈니스","무역특화","0","0","0","0","0","0","","0"
"202004","비즈니스","법률/상법","0","0","0","0","0","0","","0"
"202004","비즈니스","불편/개선건의","0","0","0","0","0","0","","0"
"202004","비즈니스","비자","0","0","0","0","0","0","","0"
"202004","비즈니스","비즈네트워킹","0","0","0","0","0","0","","0"
"202004","비즈니스","비즈한국어","0","0","0","0","0","0","","0"
"202004","비즈니스","세금","0","0","0","0","0","0","","0"
"202004","비즈니스","인허가","0","0","0","0","0","0","","0"
"202004","비즈니스","지식재산권","0","0","0","0","0","0","","0"
"202004","비즈니스","창업교육","0","0","0","0","0","0","","0"
"202004","비즈니스","창업보육","0","0","0","0","0","0","","0"
"202004","비즈니스","창업일반","7","0","1","0","0","0","","8"
"202004","비즈니스","회사설립","0","0","0","0","0","0","","0"
"202004","안전","교통사고","7","0","0","0","0","0","","7"
"202004","안전","기타","5","0","1","0","0","0","","6"
"202004","안전","민사사건","13","0","1","3","0","0","","17"
"202004","안전","불편/개선건의","0","0","0","0","0","0","","0"
"202004","안전","일반사고","1","0","1","0","0","0","","2"
"202004","안전","재난/재해","2","0","0","0","0","0","","2"
"202004","안전","형사사건","3","1","0","0","0","0","","4"
"202004","여성/가족","가정폭력","0","0","0","0","0","0","","0"
"202004","여성/가족","가족상담","4","0","0","0","0","0","","4"
"202004","여성/가족","기타","2","0","0","0","0","0","","2"
"202004","여성/가족","불편/개선건의","0","0","0","0","0","0","","0"
"202004","여성/가족","이혼","8","0","0","2","0","0","","10"
"202004","여성/가족","임신/출산","3","0","0","0","0","0","","3"
"202004","정보통신","기타","0","1","0","0","0","0","","1"
"202004","정보통신","불편/개선건의","0","0","0","0","0","0","","0"
"202004","정보통신","우편/택배등","4","0","0","1","0","0","","5"
"202004","정보통신","인터넷","0","0","0","0","0","0","","0"
"202004","정보통신","전화","0","0","0","0","0","0","","0"
"202004","정보통신","케이블/위성TV","0","0","0","0","0","0","","0"
"202004","정보통신","휴대폰","3","0","0","0","0","0","","3"
"202004","주거","공과금","1","0","0","0","0","0","","1"
"202004","주거","기타","1","0","0","0","0","0","","1"
"202004","주거","부동산매매","4","0","0","0","0","0","","4"
"202004","주거","부동산임대","5","0","0","0","0","0","","5"
"202004","주거","불편/개선건의","1","0","0","1","0","0","","2"
"202004","주거","이사","7","0","0","0","0","0","","7"
"202004","주거","주거관련분쟁","10","0","0","0","0","0","","10"
"202004","출입국","검역/세관","0","0","0","0","0","0","","0"
"202004","출입국","귀화/영주권","14","2","0","0","0","0","","16"
"202004","출입국","기타","70","5","1","6","0","0","","82"
"202004","출입국","난민","10","0","0","1","0","0","","11"
"202004","출입국","불편/개선건의","0","0","0","0","0","0","","0"
"202004","출입국","사증변경","52","12","0","1","0","0","","65"
"202004","출입국","사증연장","341","458","2","73","0","0","","874"
"202004","출입국","사증자격","43","9","2","0","0","0","","54"
"202004","출입국","사증취득","19","1","1","0","0","0","","21"
"202004","출입국","외국인등록증","37","7","0","2","0","0","","46"
"202004","출입국","초청","2","1","0","1","0","0","","4"
"202004","출입국","출국/입국","116","13","1","12","0","0","","142"
"202004","행정","공증","3","0","1","1","0","0","","5"
"202004","행정","기타","15","0","0","0","0","0","","15"
"202004","행정","불편/개선건의","0","0","0","1","0","0","","1"
"202004","행정","세무","35","1","0","4","0","0","","40"
"202004","행정","소비자상담","0","0","1","0","0","0","","1"
"202004","행정","쓰레기처리","1","0","0","0","0","0","","1"
"202004","행정","여권","15","5","0","1","0","0","","21"
"202004","행정","운전면허","115","6","3","1","0","0","","125"
"202004","행정","인감","0","0","0","0","0","0","","0"
"202004","행정","일반법률","45","5","1","0","0","0","","51"
"202004","행정","자동차관련","8","1","1","2","0","0","","12"
"202004","행정","출생 및 사망","2","0","1","0","0","0","","3"
"202004","행정","행정기관","118","4","0","3","0","0","","125"
"202004","행정","행정소송","2","0","0","0","0","0","","2"
"202004","행정","혼인관계","8","1","4","0","0","0","","13"
"202003","교육","교육기관","52","0","0","0","0","0","","52"
"202003","교육","기타","2","0","0","2","0","0","","4"
"202003","교육","보육시설","0","1","0","0","0","0","","1"
"202003","교육","불편/개선건의","1","0","0","0","0","0","","1"
"202003","교육","일반교육","4","0","0","0","0","0","","4"
"202003","교육","한국어교육","40","1","55","5","0","0","","101"
"202003","교통","기타","1","0","0","1","0","0","","2"
"202003","교통","대중교통","0","0","0","0","0","0","","0"
"202003","교통","불편/개선건의","0","0","0","0","0","0","","0"
"202003","교통","유실물","1","0","0","0","0","0","","1"
"202003","교통","항공 및 선박","1","0","0","0","0","0","","1"
"202003","금융","기타","3","0","0","0","0","0","","3"
"202003","금융","불편/개선건의","0","0","0","0","0","0","","0"
"202003","금융","신용카드","1","0","0","0","0","0","","1"
"202003","금융","은행업무","29","5","0","0","0","0","","34"
"202003","기타","기타","20","1","0","2","0","0","","23"
"202003","기타","렌탈","0","0","0","0","0","0","","0"
"202003","기타","매매/교환","0","0","0","0","0","0","","0"
"202003","기타","불편/개선건의","0","0","0","0","0","0","","0"
"202003","기타","센터안내","47","1","5","5","0","0","","58"
"202003","기타","통역","100","3","0","4","0","0","","107"
"202003","노무","고용보험","2","0","1","1","0","0","","4"
"202003","노무","구인","3","0","0","0","0","0","","3"
"202003","노무","구직","28","0","0","0","0","0","","28"
"202003","노무","근로자교육","14","0","0","0","0","0","","14"
"202003","노무","근로조건","43","0","0","0","0","0","","43"
"202003","노무","급여","129","7","0","4","0","0","","140"
"202003","노무","기타","30","0","0","0","0","0","","30"
"202003","노무","부당해고","10","1","0","0","0","0","","11"
"202003","노무","불편/개선건의","29","1","0","3","0","0","","33"
"202003","노무","사업장변경","47","0","0","2","0","0","","49"
"202003","노무","사업장이탈","0","0","0","0","0","0","","0"
"202003","노무","산재보험","18","0","0","1","0","0","","19"
"202003","노무","외국근로자보험","122","30","0","0","0","0","","152"
"202003","노무","재고용","21","0","0","0","0","0","","21"
"202003","노무","체불임금","68","6","1","3","0","0","","78"
"202003","문화/관광","교류/행사","0","0","0","0","0","0","","0"
"202003","문화/관광","기타","1","0","0","0","0","0","","1"
"202003","문화/관광","불편/개선건의","0","0","0","0","0","0","","0"
"202003","문화/관광","여행/관광","1","0","0","0","0","0","","1"
"202003","문화/관광","자원봉사","2","0","0","0","0","0","","2"
"202003","문화/관광","종교","1","0","0","0","0","0","","1"
"202003","보건/복지","건강보험","107","1","1","1","0","0","","110"
"202003","보건/복지","국민연금","71","14","0","0","0","0","","85"
"202003","보건/복지","기타","19","0","0","5","0","0","","24"
"202003","보건/복지","동물병원","0","0","0","0","0","0","","0"
"202003","보건/복지","무료진료","3","0","0","0","0","0","","3"
"202003","보건/복지","불편/개선건의","2","0","0","0","0","0","","2"
"202003","보건/복지","사보험","1","0","0","0","0","0","","1"
"202003","보건/복지","사회복지","17","0","0","0","0","0","","17"
"202003","보건/복지","심리상담","9","13","10","0","0","0","","32"
"202003","보건/복지","의료기관","61","0","2","11","0","0","","74"
"202003","비즈니스","FDI/금융","0","0","0","0","0","0","","0"
"202003","비즈니스","관세/통관","0","0","0","0","0","0","","0"
"202003","비즈니스","기타","4","1","0","0","0","0","","5"
"202003","비즈니스","노무/인사","0","0","0","0","0","0","","0"
"202003","비즈니스","마케팅","0","0","0","0","0","0","","0"
"202003","비즈니스","무역특화","0","0","0","0","0","0","","0"
"202003","비즈니스","법률/상법","1","0","0","0","0","0","","1"
"202003","비즈니스","불편/개선건의","0","0","0","0","0","0","","0"
"202003","비즈니스","비자","1","0","0","0","0","0","","1"
"202003","비즈니스","비즈네트워킹","0","0","0","0","0","0","","0"
"202003","비즈니스","비즈한국어","0","0","0","0","0","0","","0"
"202003","비즈니스","세금","0","0","0","0","0","0","","0"
"202003","비즈니스","인허가","0","0","0","0","0","0","","0"
"202003","비즈니스","지식재산권","0","0","0","0","0","0","","0"
"202003","비즈니스","창업교육","0","0","0","0","0","0","","0"
"202003","비즈니스","창업보육","0","0","0","0","0","0","","0"
"202003","비즈니스","창업일반","5","0","1","1","0","0","","7"
"202003","비즈니스","회사설립","4","0","0","0","0","0","","4"
"202003","안전","교통사고","9","0","0","0","0","0","","9"
"202003","안전","기타","7","0","0","1","0","0","","8"
"202003","안전","민사사건","13","0","0","0","0","0","","13"
"202003","안전","불편/개선건의","0","0","0","0","0","0","","0"
"202003","안전","일반사고","1","0","0","0","0","0","","1"
"202003","안전","재난/재해","2","0","0","0","0","0","","2"
"202003","안전","형사사건","5","0","0","0","0","0","","5"
"202003","여성/가족","가정폭력","1","0","0","0","0","0","","1"
"202003","여성/가족","가족상담","2","0","0","0","0","0","","2"
"202003","여성/가족","기타","2","0","0","0","0","0","","2"
"202003","여성/가족","불편/개선건의","1","1","0","0","0","0","","2"
"202003","여성/가족","이혼","10","1","2","0","0","0","","13"
"202003","여성/가족","임신/출산","4","0","0","0","0","0","","4"
"202003","정보통신","기타","3","0","0","0","0","0","","3"
"202003","정보통신","불편/개선건의","0","0","0","0","0","0","","0"
"202003","정보통신","우편/택배등","6","0","0","0","0","0","","6"
"202003","정보통신","인터넷","1","0","0","0","0","0","","1"
"202003","정보통신","전화","2","0","0","0","0","0","","2"
"202003","정보통신","케이블/위성TV","0","0","0","0","0","0","","0"
"202003","정보통신","휴대폰","3","0","0","0","0","0","","3"
"202003","주거","공과금","3","0","0","1","0","0","","4"
"202003","주거","기타","4","0","0","1","0","0","","5"
"202003","주거","부동산매매","5","0","0","0","0","0","","5"
"202003","주거","부동산임대","8","2","0","0","0","0","","10"
"202003","주거","불편/개선건의","2","0","0","0","0","0","","2"
"202003","주거","이사","0","0","0","0","0","0","","0"
"202003","주거","주거관련분쟁","26","1","0","0","0","0","","27"
"202003","출입국","검역/세관","0","0","0","0","0","0","","0"
"202003","출입국","귀화/영주권","10","4","0","0","0","0","","14"
"202003","출입국","기타","33","1","1","0","0","0","","35"
"202003","출입국","난민","4","1","0","0","0","0","","5"
"202003","출입국","불편/개선건의","2","1","0","0","0","0","","3"
"202003","출입국","사증변경","41","18","1","1","0","0","","61"
"202003","출입국","사증연장","232","158","3","2","0","0","","395"
"202003","출입국","사증자격","31","4","1","0","0","0","","36"
"202003","출입국","사증취득","14","0","1","0","0","0","","15"
"202003","출입국","외국인등록증","91","5","1","1","0","0","","98"
"202003","출입국","초청","6","1","0","0","0","0","","7"
"202003","출입국","출국/입국","176","16","2","6","0","0","","200"
"202003","행정","공증","4","0","0","0","0","0","","4"
"202003","행정","기타","9","0","0","0","0","0","","9"
"202003","행정","불편/개선건의","1","0","0","0","0","0","","1"
"202003","행정","세무","54","1","0","6","0","0","","61"
"202003","행정","소비자상담","0","1","1","0","0","0","","2"
"202003","행정","쓰레기처리","2","0","0","0","0","0","","2"
"202003","행정","여권","15","0","0","0","0","0","","15"
"202003","행정","운전면허","114","8","1","0","0","0","","123"
"202003","행정","인감","1","0","0","0","0","0","","1"
"202003","행정","일반법률","35","2","0","0","0","0","","37"
"202003","행정","자동차관련","0","1","0","0","0","0","","1"
"202003","행정","출생 및 사망","8","0","0","0","0","0","","8"
"202003","행정","행정기관","94","1","0","0","0","0","","95"
"202003","행정","행정소송","0","0","0","0","0","0","","0"
"202003","행정","혼인관계","14","1","3","0","0","0","","18"
"202002","교육","교육기관","85","3","1","0","0","0","","89"
"202002","교육","기타","5","0","0","1","0","0","","6"
"202002","교육","보육시설","1","0","0","0","0","0","","1"
"202002","교육","불편/개선건의","1","0","0","0","0","0","","1"
"202002","교육","일반교육","6","5","1","0","0","0","","12"
"202002","교육","한국어교육","108","12","155","11","0","0","","286"
"202002","교통","기타","1","1","0","0","0","0","","2"
"202002","교통","대중교통","5","0","0","0","0","0","","5"
"202002","교통","불편/개선건의","0","0","0","0","0","0","","0"
"202002","교통","유실물","1","0","0","0","0","0","","1"
"202002","교통","항공 및 선박","0","0","0","0","0","0","","0"
"202002","금융","기타","1","0","0","0","0","0","","1"
"202002","금융","불편/개선건의","0","0","0","0","0","0","","0"
"202002","금융","신용카드","3","0","0","0","0","0","","3"
"202002","금융","은행업무","27","7","0","0","0","0","","34"
"202002","기타","기타","24","3","0","7","0","0","","34"
"202002","기타","렌탈","0","0","0","0","0","0","","0"
"202002","기타","매매/교환","0","0","0","0","0","0","","0"
"202002","기타","불편/개선건의","1","0","0","1","0","0","","2"
"202002","기타","센터안내","87","2","1","3","0","0","","93"
"202002","기타","통역","127","1","0","5","0","0","","133"
"202002","노무","고용보험","11","0","0","0","0","0","","11"
"202002","노무","구인","3","0","0","0","0","0","","3"
"202002","노무","구직","72","4","0","3","0","0","","79"
"202002","노무","근로자교육","20","0","0","0","0","0","","20"
"202002","노무","근로조건","41","3","0","0","0","0","","44"
"202002","노무","급여","114","17","0","1","0","0","","132"
"202002","노무","기타","27","2","2","0","0","0","","31"
"202002","노무","부당해고","12","2","0","0","0","0","","14"
"202002","노무","불편/개선건의","18","0","0","0","0","0","","18"
"202002","노무","사업장변경","52","1","0","0","0","0","","53"
"202002","노무","사업장이탈","2","0","0","0","0","0","","2"
"202002","노무","산재보험","10","1","0","0","0","0","","11"
"202002","노무","외국근로자보험","115","34","0","0","0","0","","149"
"202002","노무","재고용","27","1","0","0","0","0","","28"
"202002","노무","체불임금","61","9","0","2","0","0","","72"
"202002","문화/관광","교류/행사","4","0","0","0","0","0","","4"
"202002","문화/관광","기타","0","0","0","0","0","0","","0"
"202002","문화/관광","불편/개선건의","0","0","0","0","0","0","","0"
"202002","문화/관광","여행/관광","2","1","0","0","0","0","","3"
"202002","문화/관광","자원봉사","1","0","2","0","0","0","","3"
"202002","문화/관광","종교","1","0","0","0","0","0","","1"
"202002","보건/복지","건강보험","72","4","0","0","0","0","","76"
"202002","보건/복지","국민연금","75","19","0","0","0","0","","94"
"202002","보건/복지","기타","10","1","0","0","0","0","","11"
"202002","보건/복지","동물병원","1","0","0","0","0","0","","1"
"202002","보건/복지","무료진료","2","0","0","0","0","0","","2"
"202002","보건/복지","불편/개선건의","2","0","0","0","0","0","","2"
"202002","보건/복지","사보험","1","1","0","0","0","0","","2"
"202002","보건/복지","사회복지","6","2","0","0","0","0","","8"
"202002","보건/복지","심리상담","5","14","5","0","0","0","","24"
"202002","보건/복지","의료기관","36","0","0","0","0","0","","36"
"202002","비즈니스","FDI/금융","0","0","0","0","0","0","","0"
"202002","비즈니스","관세/통관","0","0","0","0","0","0","","0"
"202002","비즈니스","기타","2","0","0","0","0","0","","2"
"202002","비즈니스","노무/인사","0","0","0","0","0","0","","0"
"202002","비즈니스","마케팅","0","0","0","0","0","0","","0"
"202002","비즈니스","무역특화","1","0","0","0","0","0","","1"
"202002","비즈니스","법률/상법","0","0","0","0","0","0","","0"
"202002","비즈니스","불편/개선건의","0","0","0","0","0","0","","0"
"202002","비즈니스","비자","0","0","0","0","0","0","","0"
"202002","비즈니스","비즈네트워킹","0","0","0","0","0","0","","0"
"202002","비즈니스","비즈한국어","0","0","0","0","0","0","","0"
"202002","비즈니스","세금","0","0","0","0","0","0","","0"
"202002","비즈니스","인허가","0","0","0","0","0","0","","0"
"202002","비즈니스","지식재산권","0","0","0","0","0","0","","0"
"202002","비즈니스","창업교육","2","0","0","0","0","0","","2"
"202002","비즈니스","창업보육","0","0","0","0","0","0","","0"
"202002","비즈니스","창업일반","2","1","0","0","0","0","","3"
"202002","비즈니스","회사설립","1","0","0","0","0","0","","1"
"202002","안전","교통사고","7","1","1","0","0","0","","9"
"202002","안전","기타","2","0","0","0","0","0","","2"
"202002","안전","민사사건","9","1","0","3","0","0","","13"
"202002","안전","불편/개선건의","0","0","0","0","0","0","","0"
"202002","안전","일반사고","4","0","0","0","0","0","","4"
"202002","안전","재난/재해","0","0","0","0","0","0","","0"
"202002","안전","형사사건","8","5","0","0","0","0","","13"
"202002","여성/가족","가정폭력","1","0","0","0","0","0","","1"
"202002","여성/가족","가족상담","3","1","0","0","0","0","","4"
"202002","여성/가족","기타","3","0","0","0","0","0","","3"
"202002","여성/가족","불편/개선건의","0","0","0","0","0","0","","0"
"202002","여성/가족","이혼","14","4","1","0","0","0","","19"
"202002","여성/가족","임신/출산","1","0","0","0","0","0","","1"
"202002","정보통신","기타","2","0","0","0","0","0","","2"
"202002","정보통신","불편/개선건의","1","0","0","0","0","0","","1"
"202002","정보통신","우편/택배등","6","0","0","0","0","0","","6"
"202002","정보통신","인터넷","1","0","0","0","0","0","","1"
"202002","정보통신","전화","1","0","0","0","0","0","","1"
"202002","정보통신","케이블/위성TV","0","0","0","0","0","0","","0"
"202002","정보통신","휴대폰","5","7","0","0","0","0","","12"
"202002","주거","공과금","3","0","0","0","0","0","","3"
"202002","주거","기타","4","0","0","0","0","0","","4"
"202002","주거","부동산매매","6","2","0","0","0","0","","8"
"202002","주거","부동산임대","9","3","0","0","0","0","","12"
"202002","주거","불편/개선건의","2","0","0","0","0","0","","2"
"202002","주거","이사","4","0","0","0","0","0","","4"
"202002","주거","주거관련분쟁","15","4","0","0","0","0","","19"
"202002","출입국","검역/세관","0","0","0","0","0","0","","0"
"202002","출입국","귀화/영주권","5","10","0","0","0","0","","15"
"202002","출입국","기타","39","11","0","0","0","0","","50"
"202002","출입국","난민","6","2","0","0","0","0","","8"
"202002","출입국","불편/개선건의","1","0","0","0","0","0","","1"
"202002","출입국","사증변경","47","18","1","0","0","0","","66"
"202002","출입국","사증연장","186","48","1","0","0","0","","235"
"202002","출입국","사증자격","36","12","0","0","0","0","","48"
"202002","출입국","사증취득","19","2","0","1","0","0","","22"
"202002","출입국","외국인등록증","111","23","0","2","0","0","","136"
"202002","출입국","초청","13","3","1","0","0","0","","17"
"202002","출입국","출국/입국","109","53","0","1","0","0","","163"
"202002","행정","공증","4","0","0","0","0","0","","4"
"202002","행정","기타","11","5","0","0","0","0","","16"
"202002","행정","불편/개선건의","0","0","0","0","0","0","","0"
"202002","행정","세무","74","6","2","0","0","0","","82"
"202002","행정","소비자상담","2","0","0","0","0","0","","2"
"202002","행정","쓰레기처리","3","0","0","0","0","0","","3"
"202002","행정","여권","18","10","0","0","0","0","","28"
"202002","행정","운전면허","80","10","0","1","0","0","","91"
"202002","행정","인감","2","0","0","0","0","0","","2"
"202002","행정","일반법률","23","9","1","0","0","0","","33"
"202002","행정","자동차관련","7","0","0","0","0","0","","7"
"202002","행정","출생 및 사망","4","0","0","0","0","0","","4"
"202002","행정","행정기관","69","3","0","0","0","0","","72"
"202002","행정","행정소송","1","0","0","0","0","0","","1"
"202002","행정","혼인관계","12","1","4","0","0","0","","17"
"202001","교육","교육기관","16","5","0","0","0","0","","21"
"202001","교육","기타","1","5","0","0","0","0","","6"
"202001","교육","보육시설","1","0","0","0","0","0","","1"
"202001","교육","불편/개선건의","2","0","0","0","0","0","","2"
"202001","교육","일반교육","17","14","0","0","0","0","","31"
"202001","교육","한국어교육","176","43","11","7","0","0","","237"
"202001","교통","기타","2","0","0","0","0","0","","2"
"202001","교통","대중교통","1","0","0","0","0","0","","1"
"202001","교통","불편/개선건의","0","0","0","0","0","0","","0"
"202001","교통","유실물","3","0","0","0","0","0","","3"
"202001","교통","항공 및 선박","1","0","0","0","0","0","","1"
"202001","금융","기타","3","0","0","0","0","0","","3"
"202001","금융","불편/개선건의","0","0","0","0","0","0","","0"
"202001","금융","신용카드","0","0","0","0","0","0","","0"
"202001","금융","은행업무","37","2","0","0","0","0","","39"
"202001","기타","기타","29","5","1","0","0","0","","35"
"202001","기타","렌탈","2","0","0","0","0","0","","2"
"202001","기타","매매/교환","0","0","0","0","0","0","","0"
"202001","기타","불편/개선건의","2","0","0","0","0","0","","2"
"202001","기타","센터안내","82","5","5","0","0","0","","92"
"202001","기타","통역","102","4","0","1","0","0","","107"
"202001","노무","고용보험","6","0","0","0","0","0","","6"
"202001","노무","구인","8","1","0","0","0","0","","9"
"202001","노무","구직","91","6","0","0","0","0","","97"
"202001","노무","근로자교육","23","3","0","0","0","0","","26"
"202001","노무","근로조건","32","9","0","0","0","0","","41"
"202001","노무","급여","92","15","0","1","0","0","","108"
"202001","노무","기타","27","2","0","0","0","0","","29"
"202001","노무","부당해고","12","1","0","0","0","0","","13"
"202001","노무","불편/개선건의","27","1","0","0","0","0","","28"
"202001","노무","사업장변경","49","1","0","0","0","0","","50"
"202001","노무","사업장이탈","2","0","0","0","0","0","","2"
"202001","노무","산재보험","10","3","0","0","0","0","","13"
"202001","노무","외국근로자보험","80","43","1","0","0","0","","124"
"202001","노무","재고용","23","0","0","0","0","0","","23"
"202001","노무","체불임금","59","15","0","0","0","0","","74"
"202001","문화/관광","교류/행사","3","1","0","0","0","0","","4"
"202001","문화/관광","기타","1","0","0","0","0","0","","1"
"202001","문화/관광","불편/개선건의","0","0","0","0","0","0","","0"
"202001","문화/관광","여행/관광","2","0","1","0","0","0","","3"
"202001","문화/관광","자원봉사","2","0","0","0","0","0","","2"
"202001","문화/관광","종교","0","0","0","0","0","0","","0"
"202001","보건/복지","건강보험","51","4","0","0","0","0","","55"
"202001","보건/복지","국민연금","49","20","0","0","0","0","","69"
"202001","보건/복지","기타","5","1","0","0","0","0","","6"
"202001","보건/복지","동물병원","0","0","0","0","0","0","","0"
"202001","보건/복지","무료진료","3","0","0","0","0","0","","3"
"202001","보건/복지","불편/개선건의","1","0","0","0","0","0","","1"
"202001","보건/복지","사보험","3","0","0","0","0","0","","3"
"202001","보건/복지","사회복지","4","4","0","0","0","0","","8"
"202001","보건/복지","심리상담","12","11","2","0","0","0","","25"
"202001","보건/복지","의료기관","43","0","1","0","0","0","","44"
"202001","비즈니스","FDI/금융","0","0","0","0","0","0","","0"
"202001","비즈니스","관세/통관","0","0","0","0","0","0","","0"
"202001","비즈니스","기타","1","0","0","0","0","0","","1"
"202001","비즈니스","노무/인사","0","0","0","0","0","0","","0"
"202001","비즈니스","마케팅","0","0","0","0","0","0","","0"
"202001","비즈니스","무역특화","0","0","0","0","0","0","","0"
"202001","비즈니스","법률/상법","0","1","0","0","0","0","","1"
"202001","비즈니스","불편/개선건의","0","0","0","0","0","0","","0"
"202001","비즈니스","비자","0","0","0","0","0","0","","0"
"202001","비즈니스","비즈네트워킹","0","0","0","0","0","0","","0"
"202001","비즈니스","비즈한국어","0","0","0","0","0","0","","0"
"202001","비즈니스","세금","1","0","0","0","0","0","","1"
"202001","비즈니스","인허가","0","0","0","0","0","0","","0"
"202001","비즈니스","지식재산권","0","0","0","0","0","0","","0"
"202001","비즈니스","창업교육","0","0","1","0","0","0","","1"
"202001","비즈니스","창업보육","2","0","0","0","0","0","","2"
"202001","비즈니스","창업일반","6","1","0","0","0","0","","7"
"202001","비즈니스","회사설립","4","1","0","0","0","0","","5"
"202001","안전","교통사고","4","0","0","0","0","0","","4"
"202001","안전","기타","7","1","0","0","0","0","","8"
"202001","안전","민사사건","23","5","0","0","0","0","","28"
"202001","안전","불편/개선건의","1","0","0","0","0","0","","1"
"202001","안전","일반사고","6","0","0","0","0","0","","6"
"202001","안전","재난/재해","0","0","0","0","0","0","","0"
"202001","안전","형사사건","12","8","1","0","0","0","","21"
"202001","여성/가족","가정폭력","1","0","0","0","0","0","","1"
"202001","여성/가족","가족상담","2","0","0","0","0","0","","2"
"202001","여성/가족","기타","3","3","0","0","0","0","","6"
"202001","여성/가족","불편/개선건의","3","0","0","0","0","0","","3"
"202001","여성/가족","이혼","11","6","1","0","0","0","","18"
"202001","여성/가족","임신/출산","3","0","0","0","0","0","","3"
"202001","정보통신","기타","1","0","0","0","0","0","","1"
"202001","정보통신","불편/개선건의","0","0","0","0","0","0","","0"
"202001","정보통신","우편/택배등","0","0","0","0","0","0","","0"
"202001","정보통신","인터넷","6","0","0","0","0","0","","6"
"202001","정보통신","전화","0","0","0","0","0","0","","0"
"202001","정보통신","케이블/위성TV","0","0","0","0","0","0","","0"
"202001","정보통신","휴대폰","5","2","0","0","0","0","","7"
"202001","주거","공과금","0","0","0","0","0","0","","0"
"202001","주거","기타","2","1","0","0","0","0","","3"
"202001","주거","부동산매매","4","2","0","0","0","0","","6"
"202001","주거","부동산임대","18","2","0","0","0","0","","20"
"202001","주거","불편/개선건의","0","1","0","0","0","0","","1"
"202001","주거","이사","1","1","0","0","0","0","","2"
"202001","주거","주거관련분쟁","13","8","0","0","0","0","","21"
"202001","출입국","검역/세관","0","0","0","0","0","0","","0"
"202001","출입국","귀화/영주권","9","4","0","0","0","0","","13"
"202001","출입국","기타","28","19","1","0","0","0","","48"
"202001","출입국","난민","6","1","0","0","0","0","","7"
"202001","출입국","불편/개선건의","1","0","0","0","0","0","","1"
"202001","출입국","사증변경","50","28","1","0","0","0","","79"
"202001","출입국","사증연장","106","35","0","0","0","0","","141"
"202001","출입국","사증자격","23","11","0","0","0","0","","34"
"202001","출입국","사증취득","11","5","1","0","0","0","","17"
"202001","출입국","외국인등록증","74","26","0","0","0","0","","100"
"202001","출입국","초청","10","3","0","0","0","0","","13"
"202001","출입국","출국/입국","86","34","1","1","0","0","","122"
"202001","행정","공증","2","1","1","0","0","0","","4"
"202001","행정","기타","14","3","5","0","0","0","","22"
"202001","행정","불편/개선건의","1","0","0","0","0","0","","1"
"202001","행정","세무","78","5","0","0","0","0","","83"
"202001","행정","소비자상담","3","0","0","0","0","0","","3"
"202001","행정","쓰레기처리","1","0","0","0","0","0","","1"
"202001","행정","여권","7","3","0","0","0","0","","10"
"202001","행정","운전면허","115","12","1","0","0","0","","128"
"202001","행정","인감","0","0","0","0","0","0","","0"
"202001","행정","일반법률","40","23","0","0","0","0","","63"
"202001","행정","자동차관련","3","0","0","0","0","0","","3"
"202001","행정","출생 및 사망","4","0","0","0","0","0","","4"
"202001","행정","행정기관","81","6","2","0","0","0","","89"
"202001","행정","행정소송","5","0","0","0","0","0","","5"
"202001","행정","혼인관계","5","0","11","0","0","0","","16"
"201912","교육","교육기관","11","1","0","0","0","0","","12"
"201912","교육","기타","7","4","0","0","0","0","","11"
"201912","교육","보육시설","3","0","0","0","0","0","","3"
"201912","교육","불편/개선건의","0","0","0","0","0","0","","0"
"201912","교육","일반교육","16","17","0","0","0","0","","33"
"201912","교육","한국어교육","93","12","0","1","0","0","","106"
"201912","교통","기타","2","1","0","0","0","0","","3"
"201912","교통","대중교통","1","1","1","0","0","0","","3"
"201912","교통","불편/개선건의","1","0","0","0","0","0","","1"
"201912","교통","유실물","0","0","0","0","0","0","","0"
"201912","교통","항공 및 선박","2","0","0","0","0","0","","2"
"201912","금융","기타","0","0","0","0","0","0","","0"
"201912","금융","불편/개선건의","2","0","0","0","0","0","","2"
"201912","금융","신용카드","1","0","0","0","0","0","","1"
"201912","금융","은행업무","20","0","0","0","0","0","","20"
"201912","기타","기타","23","4","0","0","0","0","","27"
"201912","기타","렌탈","1","0","0","0","0","0","","1"
"201912","기타","매매/교환","0","0","0","0","0","0","","0"
"201912","기타","불편/개선건의","1","0","0","0","0","0","","1"
"201912","기타","센터안내","47","7","2","0","0","0","","56"
"201912","기타","통역","54","3","0","0","0","0","","57"
"201912","노무","고용보험","5","1","1","0","0","0","","7"
"201912","노무","구인","8","1","0","0","0","0","","9"
"201912","노무","구직","47","7","1","0","0","0","","55"
"201912","노무","근로자교육","10","1","0","0","0","0","","11"
"201912","노무","근로조건","39","6","0","0","0","0","","45"
"201912","노무","급여","93","15","0","0","0","0","","108"
"201912","노무","기타","18","3","0","0","0","0","","21"
"201912","노무","부당해고","8","6","0","0","0","0","","14"
"201912","노무","불편/개선건의","8","0","1","0","0","0","","9"
"201912","노무","사업장변경","55","0","0","0","0","0","","55"
"201912","노무","사업장이탈","0","0","0","0","0","0","","0"
"201912","노무","산재보험","13","3","0","0","0","0","","16"
"201912","노무","외국근로자보험","74","9","0","0","0","0","","83"
"201912","노무","재고용","17","0","0","0","0","0","","17"
"201912","노무","체불임금","43","18","0","0","0","0","","61"
"201912","문화/관광","교류/행사","2","1","0","0","0","0","","3"
"201912","문화/관광","기타","0","0","0","0","0","0","","0"
"201912","문화/관광","불편/개선건의","0","0","0","0","0","0","","0"
"201912","문화/관광","여행/관광","1","0","0","0","0","0","","1"
"201912","문화/관광","자원봉사","1","0","0","0","0","0","","1"
"201912","문화/관광","종교","0","0","0","0","0","0","","0"
"201912","보건/복지","건강보험","72","8","0","0","0","0","","80"
"201912","보건/복지","국민연금","31","3","0","0","0","0","","34"
"201912","보건/복지","기타","5","0","0","0","0","0","","5"
"201912","보건/복지","동물병원","0","1","0","0","0","0","","1"
"201912","보건/복지","무료진료","0","0","0","0","0","0","","0"
"201912","보건/복지","불편/개선건의","0","0","0","0","0","0","","0"
"201912","보건/복지","사보험","1","0","0","0","0","0","","1"
"201912","보건/복지","사회복지","2","1","0","0","0","0","","3"
"201912","보건/복지","심리상담","8","17","3","0","0","0","","28"
"201912","보건/복지","의료기관","30","0","1","0","0","0","","31"
"201912","비즈니스","FDI/금융","0","0","0","0","0","0","","0"
"201912","비즈니스","관세/통관","3","0","0","0","0","0","","3"
"201912","비즈니스","기타","0","0","1","0","0","0","","1"
"201912","비즈니스","노무/인사","1","0","0","0","0","0","","1"
"201912","비즈니스","마케팅","0","0","0","0","0","0","","0"
"201912","비즈니스","무역특화","0","0","0","0","0","0","","0"
"201912","비즈니스","법률/상법","0","0","0","0","0","0","","0"
"201912","비즈니스","불편/개선건의","0","0","0","0","0","0","","0"
"201912","비즈니스","비자","0","0","0","0","0","0","","0"
"201912","비즈니스","비즈네트워킹","0","0","0","0","0","0","","0"
"201912","비즈니스","비즈한국어","0","0","0","0","0","0","","0"
"201912","비즈니스","세금","0","0","0","0","0","0","","0"
"201912","비즈니스","인허가","0","0","0","0","0","0","","0"
"201912","비즈니스","지식재산권","0","0","0","0","0","0","","0"
"201912","비즈니스","창업교육","1","0","0","0","0","0","","1"
"201912","비즈니스","창업보육","0","0","0","0","0","0","","0"
"201912","비즈니스","창업일반","5","1","0","0","0","0","","6"
"201912","비즈니스","회사설립","1","0","0","0","0","0","","1"
"201912","안전","교통사고","8","1","0","0","0","0","","9"
"201912","안전","기타","2","0","0","0","0","0","","2"
"201912","안전","민사사건","12","3","1","0","0","0","","16"
"201912","안전","불편/개선건의","1","0","0","0","0","0","","1"
"201912","안전","일반사고","0","0","0","0","0","0","","0"
"201912","안전","재난/재해","1","0","0","0","0","0","","1"
"201912","안전","형사사건","10","1","0","0","0","0","","11"
"201912","여성/가족","가정폭력","4","0","0","0","0","0","","4"
"201912","여성/가족","가족상담","0","0","0","0","0","0","","0"
"201912","여성/가족","기타","2","0","0","1","0","0","","3"
"201912","여성/가족","불편/개선건의","0","0","0","0","0","0","","0"
"201912","여성/가족","이혼","8","2","0","0","0","0","","10"
"201912","여성/가족","임신/출산","7","0","0","0","0","0","","7"
"201912","정보통신","기타","0","0","0","0","0","0","","0"
"201912","정보통신","불편/개선건의","0","0","0","0","0","0","","0"
"201912","정보통신","우편/택배등","2","0","0","0","0","0","","2"
"201912","정보통신","인터넷","0","0","0","0","0","0","","0"
"201912","정보통신","전화","0","0","0","0","0","0","","0"
"201912","정보통신","케이블/위성TV","0","0","0","0","0","0","","0"
"201912","정보통신","휴대폰","7","2","0","0","0","0","","9"
"201912","주거","공과금","0","0","0","0","0","0","","0"
"201912","주거","기타","7","0","0","0","0","0","","7"
"201912","주거","부동산매매","4","0","0","0","0","0","","4"
"201912","주거","부동산임대","15","2","1","0","0","0","","18"
"201912","주거","불편/개선건의","1","0","0","0","0","0","","1"
"201912","주거","이사","1","0","0","0","0","0","","1"
"201912","주거","주거관련분쟁","8","7","0","0","0","0","","15"
"201912","출입국","검역/세관","2","0","0","0","0","0","","2"
"201912","출입국","귀화/영주권","11","5","0","0","0","0","","16"
"201912","출입국","기타","35","14","0","0","0","0","","49"
"201912","출입국","난민","1","5","0","2","0","0","","8"
"201912","출입국","불편/개선건의","0","0","0","1","0","0","","1"
"201912","출입국","사증변경","36","18","0","0","0","0","","54"
"201912","출입국","사증연장","69","45","1","0","0","0","","115"
"201912","출입국","사증자격","50","14","0","0","0","0","","64"
"201912","출입국","사증취득","14","6","1","0","0","0","","21"
"201912","출입국","외국인등록증","57","24","0","0","0","0","","81"
"201912","출입국","초청","9","2","0","0","0","0","","11"
"201912","출입국","출국/입국","37","10","0","0","0","0","","47"
"201912","행정","공증","3","0","0","0","0","0","","3"
"201912","행정","기타","9","0","0","0","0","0","","9"
"201912","행정","불편/개선건의","0","0","0","0","0","0","","0"
"201912","행정","세무","37","3","0","0","0","0","","40"
"201912","행정","소비자상담","4","0","0","0","0","0","","4"
"201912","행정","쓰레기처리","0","0","0","0","0","0","","0"
"201912","행정","여권","21","1","0","0","0","0","","22"
"201912","행정","운전면허","84","17","0","2","0","0","","103"
"201912","행정","인감","0","0","0","0","0","0","","0"
"201912","행정","일반법률","44","19","0","0","0","0","","63"
"201912","행정","자동차관련","6","1","2","0","0","0","","9"
"201912","행정","출생 및 사망","4","0","0","0","0","0","","4"
"201912","행정","행정기관","45","3","0","0","0","0","","48"
"201912","행정","행정소송","8","0","0","0","0","0","","8"
"201912","행정","혼인관계","9","2","3","0","0","0","","14"
"201911","교육","교육기관","8","6","0","0","0","0","","14"
"201911","교육","기타","11","1","0","0","0","0","","12"
"201911","교육","보육시설","2","2","0","0","0","0","","4"
"201911","교육","불편/개선건의","0","0","0","0","0","0","","0"
"201911","교육","일반교육","11","19","0","0","0","0","","30"
"201911","교육","한국어교육","89","24","0","1","0","1","","115"
"201911","교통","기타","0","1","0","0","0","0","","1"
"201911","교통","대중교통","2","0","0","0","0","0","","2"
"201911","교통","불편/개선건의","0","0","0","0","0","0","","0"
"201911","교통","유실물","1","0","0","0","0","0","","1"
"201911","교통","항공 및 선박","1","1","0","0","0","0","","2"
"201911","금융","기타","2","0","0","0","0","0","","2"
"201911","금융","불편/개선건의","0","0","0","0","0","0","","0"
"201911","금융","신용카드","0","0","0","0","0","0","","0"
"201911","금융","은행업무","15","5","0","0","0","0","","20"
"201911","기타","기타","19","5","0","0","0","0","","24"
"201911","기타","렌탈","0","0","0","0","0","0","","0"
"201911","기타","매매/교환","0","0","0","0","0","0","","0"
"201911","기타","불편/개선건의","0","0","0","1","0","0","","1"
"201911","기타","센터안내","62","5","1","0","0","0","","68"
"201911","기타","통역","53","8","0","1","0","0","","62"
"201911","노무","고용보험","14","0","0","0","0","0","","14"
"201911","노무","구인","3","0","0","0","0","0","","3"
"201911","노무","구직","87","8","0","0","0","0","","95"
"201911","노무","근로자교육","19","0","0","0","0","0","","19"
"201911","노무","근로조건","45","2","0","0","0","1","","48"
"201911","노무","급여","96","16","0","0","0","8","","120"
"201911","노무","기타","36","3","0","0","0","1","","40"
"201911","노무","부당해고","8","4","0","0","0","0","","12"
"201911","노무","불편/개선건의","3","0","0","0","0","0","","3"
"201911","노무","사업장변경","24","1","0","0","0","1","","26"
"201911","노무","사업장이탈","1","0","0","0","0","0","","1"
"201911","노무","산재보험","21","4","0","0","0","0","","25"
"201911","노무","외국근로자보험","68","30","0","0","0","49","","147"
"201911","노무","재고용","18","0","0","0","0","0","","18"
"201911","노무","체불임금","37","12","0","0","0","1","","50"
"201911","문화/관광","교류/행사","3","3","0","0","0","0","","6"
"201911","문화/관광","기타","1","0","0","0","0","0","","1"
"201911","문화/관광","불편/개선건의","0","0","0","0","0","0","","0"
"201911","문화/관광","여행/관광","1","0","0","0","0","0","","1"
"201911","문화/관광","자원봉사","2","5","0","0","0","0","","7"
"201911","문화/관광","종교","0","0","0","0","0","0","","0"
"201911","보건/복지","건강보험","109","9","1","0","0","0","","119"
"201911","보건/복지","국민연금","50","10","0","0","0","16","","76"
"201911","보건/복지","기타","6","0","0","0","0","0","","6"
"201911","보건/복지","동물병원","0","0","0","0","0","0","","0"
"201911","보건/복지","무료진료","1","0","0","0","0","0","","1"
"201911","보건/복지","불편/개선건의","1","0","0","0","0","0","","1"
"201911","보건/복지","사보험","2","0","0","0","0","0","","2"
"201911","보건/복지","사회복지","4","1","0","0","0","0","","5"
"201911","보건/복지","심리상담","15","23","5","0","0","0","","43"
"201911","보건/복지","의료기관","42","1","1","0","0","0","","44"
"201911","비즈니스","FDI/금융","0","0","0","0","0","0","","0"
"201911","비즈니스","관세/통관","0","0","0","0","0","0","","0"
"201911","비즈니스","기타","1","0","0","0","0","0","","1"
"201911","비즈니스","노무/인사","1","0","0","0","0","0","","1"
"201911","비즈니스","마케팅","0","0","0","0","0","0","","0"
"201911","비즈니스","무역특화","1","0","0","0","0","0","","1"
"201911","비즈니스","법률/상법","0","0","0","0","0","0","","0"
"201911","비즈니스","불편/개선건의","0","0","0","0","0","0","","0"
"201911","비즈니스","비자","0","0","0","0","0","0","","0"
"201911","비즈니스","비즈네트워킹","0","0","0","0","0","0","","0"
"201911","비즈니스","비즈한국어","0","0","0","0","0","0","","0"
"201911","비즈니스","세금","0","0","0","0","0","0","","0"
"201911","비즈니스","인허가","0","0","0","0","0","0","","0"
"201911","비즈니스","지식재산권","0","0","0","0","0","0","","0"
"201911","비즈니스","창업교육","0","0","0","0","0","0","","0"
"201911","비즈니스","창업보육","0","0","0","0","0","0","","0"
"201911","비즈니스","창업일반","0","0","0","0","0","0","","0"
"201911","비즈니스","회사설립","1","1","0","0","0","0","","2"
"201911","안전","교통사고","10","0","1","0","0","0","","11"
"201911","안전","기타","1","0","0","0","0","0","","1"
"201911","안전","민사사건","21","2","0","0","0","0","","23"
"201911","안전","불편/개선건의","0","0","0","0","0","0","","0"
"201911","안전","일반사고","1","0","0","0","0","0","","1"
"201911","안전","재난/재해","0","0","0","0","0","0","","0"
"201911","안전","형사사건","13","7","0","0","0","0","","20"
"201911","여성/가족","가정폭력","0","0","0","0","0","0","","0"
"201911","여성/가족","가족상담","4","1","0","0","0","0","","5"
"201911","여성/가족","기타","1","0","0","0","0","0","","1"
"201911","여성/가족","불편/개선건의","0","0","0","0","0","0","","0"
"201911","여성/가족","이혼","17","1","0","0","0","0","","18"
"201911","여성/가족","임신/출산","2","0","0","1","0","0","","3"
"201911","정보통신","기타","0","1","0","0","0","0","","1"
"201911","정보통신","불편/개선건의","0","0","0","0","0","0","","0"
"201911","정보통신","우편/택배등","1","0","1","0","0","0","","2"
"201911","정보통신","인터넷","2","0","0","0","0","0","","2"
"201911","정보통신","전화","1","0","0","0","0","0","","1"
"201911","정보통신","케이블/위성TV","0","0","0","0","0","0","","0"
"201911","정보통신","휴대폰","9","2","0","0","0","0","","11"
"201911","주거","공과금","0","0","0","0","0","0","","0"
"201911","주거","기타","7","1","0","0","0","0","","8"
"201911","주거","부동산매매","6","2","0","0","0","0","","8"
"201911","주거","부동산임대","28","8","0","0","0","0","","36"
"201911","주거","불편/개선건의","0","0","0","0","0","0","","0"
"201911","주거","이사","0","0","0","0","0","0","","0"
"201911","주거","주거관련분쟁","14","6","0","1","0","0","","21"
"201911","출입국","검역/세관","1","0","0","0","0","0","","1"
"201911","출입국","귀화/영주권","8","12","0","0","0","0","","20"
"201911","출입국","기타","32","13","0","0","0","1","","46"
"201911","출입국","난민","1","2","0","0","0","0","","3"
"201911","출입국","불편/개선건의","1","0","0","0","0","0","","1"
"201911","출입국","사증변경","31","10","0","0","0","1","","42"
"201911","출입국","사증연장","96","41","2","0","0","0","","139"
"201911","출입국","사증자격","33","10","0","0","0","0","","43"
"201911","출입국","사증취득","15","11","0","0","0","0","","26"
"201911","출입국","외국인등록증","64","26","0","0","0","2","","92"
"201911","출입국","초청","19","5","0","0","0","0","","24"
"201911","출입국","출국/입국","42","20","0","0","0","1","","63"
"201911","행정","공증","4","3","0","0","0","0","","7"
"201911","행정","기타","9","2","0","0","0","0","","11"
"201911","행정","불편/개선건의","1","0","0","0","0","0","","1"
"201911","행정","세무","75","2","1","0","0","2","","80"
"201911","행정","소비자상담","3","0","0","0","0","0","","3"
"201911","행정","쓰레기처리","1","0","0","0","0","0","","1"
"201911","행정","여권","15","0","0","0","0","1","","16"
"201911","행정","운전면허","115","33","1","0","0","0","","149"
"201911","행정","인감","0","0","0","0","0","0","","0"
"201911","행정","일반법률","32","24","0","0","0","0","","56"
"201911","행정","자동차관련","5","0","0","0","0","0","","5"
"201911","행정","출생 및 사망","2","0","0","0","0","0","","2"
"201911","행정","행정기관","92","6","1","0","0","4","","103"
"201911","행정","행정소송","6","0","0","0","0","0","","6"
"201911","행정","혼인관계","7","3","1","0","0","0","","11"
"201910","교육","교육기관","12","3","0","0","0","0","","15"
"201910","교육","기타","5","6","0","0","0","0","","11"
"201910","교육","보육시설","2","0","0","0","0","0","","2"
"201910","교육","불편/개선건의","0","0","0","0","0","0","","0"
"201910","교육","일반교육","6","31","0","0","0","0","","37"
"201910","교육","한국어교육","66","20","1","0","0","2","","89"
"201910","교통","기타","2","3","0","0","0","0","","5"
"201910","교통","대중교통","4","0","0","0","0","0","","4"
"201910","교통","불편/개선건의","0","0","0","0","0","0","","0"
"201910","교통","유실물","1","0","0","0","0","0","","1"
"201910","교통","항공 및 선박","2","0","0","0","0","0","","2"
"201910","금융","기타","1","0","0","0","0","0","","1"
"201910","금융","불편/개선건의","0","0","0","0","0","0","","0"
"201910","금융","신용카드","0","0","0","0","0","0","","0"
"201910","금융","은행업무","14","3","1","0","0","1","","19"
"201910","기타","기타","11","8","0","0","0","0","","19"
"201910","기타","렌탈","0","0","0","0","0","0","","0"
"201910","기타","매매/교환","1","0","0","0","0","0","","1"
"201910","기타","불편/개선건의","0","0","0","0","0","0","","0"
"201910","기타","센터안내","66","7","0","0","0","0","","73"
"201910","기타","통역","71","7","2","0","0","0","","80"
"201910","노무","고용보험","5","0","0","0","0","0","","5"
"201910","노무","구인","2","2","0","0","0","0","","4"
"201910","노무","구직","90","6","0","0","0","0","","96"
"201910","노무","근로자교육","19","3","0","0","0","0","","22"
"201910","노무","근로조건","49","3","0","0","0","0","","52"
"201910","노무","급여","101","21","0","0","0","7","","129"
"201910","노무","기타","26","0","1","0","0","1","","28"
"201910","노무","부당해고","3","2","0","0","0","0","","5"
"201910","노무","불편/개선건의","4","2","0","0","0","0","","6"
"201910","노무","사업장변경","42","0","0","0","0","0","","42"
"201910","노무","사업장이탈","3","0","0","0","0","0","","3"
"201910","노무","산재보험","15","1","0","0","0","0","","16"
"201910","노무","외국근로자보험","80","24","0","0","0","143","","247"
"201910","노무","재고용","21","0","0","0","0","2","","23"
"201910","노무","체불임금","69","39","0","0","0","2","","110"
"201910","문화/관광","교류/행사","13","2","0","0","0","0","","15"
"201910","문화/관광","기타","1","2","0","0","0","0","","3"
"201910","문화/관광","불편/개선건의","0","0","0","0","0","0","","0"
"201910","문화/관광","여행/관광","2","0","0","0","0","0","","2"
"201910","문화/관광","자원봉사","2","1","1","0","0","0","","4"
"201910","문화/관광","종교","0","0","0","0","0","0","","0"
"201910","보건/복지","건강보험","91","9","1","0","0","0","","101"
"201910","보건/복지","국민연금","38","18","1","0","0","120","","177"
"201910","보건/복지","기타","1","1","0","0","0","0","","2"
"201910","보건/복지","동물병원","0","0","0","0","0","0","","0"
"201910","보건/복지","무료진료","0","0","0","0","0","0","","0"
"201910","보건/복지","불편/개선건의","1","0","0","0","0","0","","1"
"201910","보건/복지","사보험","2","0","0","0","0","0","","2"
"201910","보건/복지","사회복지","6","2","0","0","0","0","","8"
"201910","보건/복지","심리상담","17","40","3","0","0","0","","60"
"201910","보건/복지","의료기관","43","3","0","0","0","0","","46"
"201910","비즈니스","FDI/금융","0","0","0","0","0","0","","0"
"201910","비즈니스","관세/통관","0","0","0","0","0","0","","0"
"201910","비즈니스","기타","3","0","0","0","0","0","","3"
"201910","비즈니스","노무/인사","0","0","0","0","0","0","","0"
"201910","비즈니스","마케팅","0","0","0","0","0","0","","0"
"201910","비즈니스","무역특화","0","0","0","0","0","0","","0"
"201910","비즈니스","법률/상법","0","0","0","0","0","0","","0"
"201910","비즈니스","불편/개선건의","0","0","0","0","0","0","","0"
"201910","비즈니스","비자","0","0","0","0","0","0","","0"
"201910","비즈니스","비즈네트워킹","0","0","0","0","0","0","","0"
"201910","비즈니스","비즈한국어","0","0","0","0","0","0","","0"
"201910","비즈니스","세금","0","0","0","0","0","0","","0"
"201910","비즈니스","인허가","0","0","0","0","0","0","","0"
"201910","비즈니스","지식재산권","0","0","0","0","0","0","","0"
"201910","비즈니스","창업교육","0","0","0","0","0","0","","0"
"201910","비즈니스","창업보육","0","0","0","0","0","0","","0"
"201910","비즈니스","창업일반","0","0","0","0","0","0","","0"
"201910","비즈니스","회사설립","2","1","0","0","0","0","","3"
"201910","안전","교통사고","5","0","0","0","0","0","","5"
"201910","안전","기타","6","0","0","0","0","0","","6"
"201910","안전","민사사건","18","9","0","0","0","0","","27"
"201910","안전","불편/개선건의","2","0","0","0","0","0","","2"
"201910","안전","일반사고","3","0","0","0","0","0","","3"
"201910","안전","재난/재해","0","0","0","0","0","0","","0"
"201910","안전","형사사건","15","13","1","0","0","0","","29"
"201910","여성/가족","가정폭력","3","2","0","0","0","0","","5"
"201910","여성/가족","가족상담","0","1","0","0","0","0","","1"
"201910","여성/가족","기타","3","0","0","0","0","0","","3"
"201910","여성/가족","불편/개선건의","0","0","0","0","0","0","","0"
"201910","여성/가족","이혼","13","3","0","0","0","0","","16"
"201910","여성/가족","임신/출산","3","0","0","0","0","1","","4"
"201910","정보통신","기타","2","0","0","0","0","0","","2"
"201910","정보통신","불편/개선건의","0","0","0","0","0","0","","0"
"201910","정보통신","우편/택배등","2","0","0","0","0","0","","2"
"201910","정보통신","인터넷","3","0","1","0","0","0","","4"
"201910","정보통신","전화","2","0","0","0","0","0","","2"
"201910","정보통신","케이블/위성TV","1","0","0","0","0","0","","1"
"201910","정보통신","휴대폰","10","1","0","0","0","0","","11"
"201910","주거","공과금","1","0","0","0","0","0","","1"
"201910","주거","기타","9","2","0","0","0","0","","11"
"201910","주거","부동산매매","5","3","0","0","0","0","","8"
"201910","주거","부동산임대","13","4","0","0","0","0","","17"
"201910","주거","불편/개선건의","0","0","0","0","0","0","","0"
"201910","주거","이사","4","1","0","0","0","0","","5"
"201910","주거","주거관련분쟁","14","5","0","0","0","0","","19"
"201910","출입국","검역/세관","0","0","0","0","0","0","","0"
"201910","출입국","귀화/영주권","9","9","0","0","0","0","","18"
"201910","출입국","기타","40","15","0","0","0","0","","55"
"201910","출입국","난민","3","1","0","0","0","0","","4"
"201910","출입국","불편/개선건의","1","0","0","0","0","0","","1"
"201910","출입국","사증변경","44","27","0","0","0","1","","72"
"201910","출입국","사증연장","90","43","1","0","0","0","","134"
"201910","출입국","사증자격","32","8","0","1","0","0","","41"
"201910","출입국","사증취득","32","4","0","0","0","0","","36"
"201910","출입국","외국인등록증","105","43","0","0","0","0","","148"
"201910","출입국","초청","9","8","0","0","0","1","","18"
"201910","출입국","출국/입국","55","15","0","0","0","1","","71"
"201910","행정","공증","7","2","0","0","0","0","","9"
"201910","행정","기타","11","6","0","0","0","0","","17"
"201910","행정","불편/개선건의","0","0","0","0","0","0","","0"
"201910","행정","세무","71","3","0","0","0","6","","80"
"201910","행정","소비자상담","2","1","0","0","0","0","","3"
"201910","행정","쓰레기처리","1","0","0","0","0","0","","1"
"201910","행정","여권","16","6","0","0","0","0","","22"
"201910","행정","운전면허","128","35","0","0","0","0","","163"
"201910","행정","인감","0","1","0","0","0","0","","1"
"201910","행정","일반법률","38","17","2","0","0","0","","57"
"201910","행정","자동차관련","5","0","0","0","0","0","","5"
"201910","행정","출생 및 사망","3","2","0","0","0","0","","5"
"201910","행정","행정기관","99","12","2","0","0","3","","116"
"201910","행정","행정소송","1","0","0","0","0","0","","1"
"201910","행정","혼인관계","9","1","0","0","0","1","","11"
"201909","교육","교육기관","10","6","0","0","0","0","","16"
"201909","교육","기타","21","8","0","0","0","0","","29"
"201909","교육","보육시설","5","3","0","0","0","0","","8"
"201909","교육","불편/개선건의","1","0","0","0","0","0","","1"
"201909","교육","일반교육","17","18","0","0","0","0","","35"
"201909","교육","한국어교육","118","32","2","1","0","1","","154"
"201909","교통","기타","2","0","0","0","0","0","","2"
"201909","교통","대중교통","4","1","0","0","0","0","","5"
"201909","교통","불편/개선건의","0","0","0","0","0","0","","0"
"201909","교통","유실물","0","1","0","0","0","0","","1"
"201909","교통","항공 및 선박","0","0","0","0","0","0","","0"
"201909","금융","기타","0","1","0","0","0","0","","1"
"201909","금융","불편/개선건의","0","0","0","0","0","0","","0"
"201909","금융","신용카드","1","2","0","0","0","0","","3"
"201909","금융","은행업무","13","3","0","0","0","0","","16"
"201909","기타","기타","5","4","0","0","0","0","","9"
"201909","기타","렌탈","0","0","0","0","0","0","","0"
"201909","기타","매매/교환","0","0","0","0","0","0","","0"
"201909","기타","불편/개선건의","1","0","0","0","0","0","","1"
"201909","기타","센터안내","76","2","4","0","0","0","","82"
"201909","기타","통역","52","4","1","0","0","2","","59"
"201909","노무","고용보험","7","0","0","0","0","0","","7"
"201909","노무","구인","2","0","0","0","0","1","","3"
"201909","노무","구직","73","5","0","0","0","0","","78"
"201909","노무","근로자교육","22","2","0","0","0","0","","24"
"201909","노무","근로조건","40","3","1","0","0","3","","47"
"201909","노무","급여","94","24","0","0","0","4","","122"
"201909","노무","기타","25","3","1","0","0","1","","30"
"201909","노무","부당해고","8","3","0","0","0","0","","11"
"201909","노무","불편/개선건의","5","0","0","0","0","0","","5"
"201909","노무","사업장변경","41","1","1","0","0","1","","44"
"201909","노무","사업장이탈","2","0","0","0","0","0","","2"
"201909","노무","산재보험","29","1","0","0","0","1","","31"
"201909","노무","외국근로자보험","68","39","0","0","0","133","","240"
"201909","노무","재고용","10","0","0","0","0","1","","11"
"201909","노무","체불임금","40","15","0","0","0","2","","57"
"201909","문화/관광","교류/행사","1","0","0","0","0","0","","1"
"201909","문화/관광","기타","0","0","1","0","0","0","","1"
"201909","문화/관광","불편/개선건의","0","0","0","0","0","0","","0"
"201909","문화/관광","여행/관광","2","0","0","0","0","0","","2"
"201909","문화/관광","자원봉사","2","0","0","0","0","0","","2"
"201909","문화/관광","종교","0","0","0","0","0","0","","0"
"201909","보건/복지","건강보험","96","8","2","0","0","0","","106"
"201909","보건/복지","국민연금","29","18","0","0","0","175","","222"
"201909","보건/복지","기타","7","2","0","0","0","0","","9"
"201909","보건/복지","동물병원","0","0","0","0","0","1","","1"
"201909","보건/복지","무료진료","2","0","1","0","0","0","","3"
"201909","보건/복지","불편/개선건의","0","0","0","0","0","0","","0"
"201909","보건/복지","사보험","0","0","0","0","0","0","","0"
"201909","보건/복지","사회복지","5","4","0","0","0","0","","9"
"201909","보건/복지","심리상담","7","29","0","1","0","0","","37"
"201909","보건/복지","의료기관","36","1","1","0","0","0","","38"
"201909","비즈니스","FDI/금융","0","0","0","0","0","0","","0"
"201909","비즈니스","관세/통관","3","1","0","0","0","0","","4"
"201909","비즈니스","기타","0","0","0","0","0","0","","0"
"201909","비즈니스","노무/인사","0","0","0","0","0","0","","0"
"201909","비즈니스","마케팅","0","0","0","0","0","0","","0"
"201909","비즈니스","무역특화","0","0","0","0","0","0","","0"
"201909","비즈니스","법률/상법","0","0","0","0","0","0","","0"
"201909","비즈니스","불편/개선건의","0","0","0","0","0","0","","0"
"201909","비즈니스","비자","0","0","0","0","0","0","","0"
"201909","비즈니스","비즈네트워킹","0","0","0","0","0","0","","0"
"201909","비즈니스","비즈한국어","0","0","0","0","0","0","","0"
"201909","비즈니스","세금","0","0","0","0","0","0","","0"
"201909","비즈니스","인허가","0","0","0","0","0","0","","0"
"201909","비즈니스","지식재산권","0","0","0","0","0","0","","0"
"201909","비즈니스","창업교육","0","0","0","0","0","0","","0"
"201909","비즈니스","창업보육","0","0","0","0","0","0","","0"
"201909","비즈니스","창업일반","3","0","0","0","0","0","","3"
"201909","비즈니스","회사설립","0","0","0","0","0","0","","0"
"201909","안전","교통사고","10","3","0","0","0","0","","13"
"201909","안전","기타","3","2","0","0","0","0","","5"
"201909","안전","민사사건","21","5","2","0","0","0","","28"
"201909","안전","불편/개선건의","0","0","0","0","0","0","","0"
"201909","안전","일반사고","2","0","0","0","0","0","","2"
"201909","안전","재난/재해","0","0","0","0","0","0","","0"
"201909","안전","형사사건","24","13","1","0","0","0","","38"
"201909","여성/가족","가정폭력","1","0","0","0","0","0","","1"
"201909","여성/가족","가족상담","2","2","0","0","0","0","","4"
"201909","여성/가족","기타","2","0","0","0","0","0","","2"
"201909","여성/가족","불편/개선건의","0","0","0","0","0","0","","0"
"201909","여성/가족","이혼","19","9","0","0","0","0","","28"
"201909","여성/가족","임신/출산","0","0","0","0","0","0","","0"
"201909","정보통신","기타","0","2","0","0","0","0","","2"
"201909","정보통신","불편/개선건의","0","0","0","0","0","0","","0"
"201909","정보통신","우편/택배등","3","2","0","0","0","0","","5"
"201909","정보통신","인터넷","3","0","0","0","0","0","","3"
"201909","정보통신","전화","1","0","0","0","0","0","","1"
"201909","정보통신","케이블/위성TV","0","0","0","0","0","0","","0"
"201909","정보통신","휴대폰","5","2","0","0","0","1","","8"
"201909","주거","공과금","2","0","0","0","0","0","","2"
"201909","주거","기타","6","1","0","0","0","0","","7"
"201909","주거","부동산매매","0","0","0","0","0","0","","0"
"201909","주거","부동산임대","9","10","0","0","0","0","","19"
"201909","주거","불편/개선건의","1","0","0","0","0","0","","1"
"201909","주거","이사","4","0","1","0","0","0","","5"
"201909","주거","주거관련분쟁","4","5","0","0","0","0","","9"
"201909","출입국","검역/세관","0","0","0","0","0","0","","0"
"201909","출입국","귀화/영주권","3","4","0","0","0","0","","7"
"201909","출입국","기타","42","17","2","0","0","1","","62"
"201909","출입국","난민","2","2","0","0","0","0","","4"
"201909","출입국","불편/개선건의","2","0","0","0","0","0","","2"
"201909","출입국","사증변경","44","26","0","1","0","1","","72"
"201909","출입국","사증연장","129","52","1","0","0","0","","182"
"201909","출입국","사증자격","28","14","0","0","0","0","","42"
"201909","출입국","사증취득","30","6","0","0","0","0","","36"
"201909","출입국","외국인등록증","116","33","0","0","0","0","","149"
"201909","출입국","초청","10","5","0","0","0","1","","16"
"201909","출입국","출국/입국","28","3","4","0","0","1","","36"
"201909","행정","공증","3","1","0","0","0","0","","4"
"201909","행정","기타","16","3","0","0","0","0","","19"
"201909","행정","불편/개선건의","0","0","0","0","0","0","","0"
"201909","행정","세무","29","3","5","0","0","1","","38"
"201909","행정","소비자상담","6","0","0","0","0","0","","6"
"201909","행정","쓰레기처리","0","0","0","0","0","0","","0"
"201909","행정","여권","12","5","0","0","0","0","","17"
"201909","행정","운전면허","144","28","2","0","0","0","","174"
"201909","행정","인감","0","0","0","0","0","0","","0"
"201909","행정","일반법률","24","6","0","0","0","1","","31"
"201909","행정","자동차관련","7","2","0","0","0","0","","9"
"201909","행정","출생 및 사망","3","0","0","0","0","0","","3"
"201909","행정","행정기관","59","5","1","0","0","0","","65"
"201909","행정","행정소송","0","1","0","0","0","0","","1"
"201909","행정","혼인관계","9","0","6","0","0","0","","15"
"201908","교육","교육기관","5","4","0","0","0","0","","9"
"201908","교육","기타","10","6","1","0","0","0","","17"
"201908","교육","보육시설","1","0","1","0","0","0","","2"
"201908","교육","불편/개선건의","1","0","0","0","0","0","","1"
"201908","교육","일반교육","7","13","0","0","0","0","","20"
"201908","교육","한국어교육","144","39","16","0","0","0","","199"
"201908","교통","기타","1","1","1","0","0","0","","3"
"201908","교통","대중교통","1","0","2","0","0","0","","3"
"201908","교통","불편/개선건의","0","0","0","0","0","0","","0"
"201908","교통","유실물","0","0","0","0","0","0","","0"
"201908","교통","항공 및 선박","1","0","0","0","0","0","","1"
"201908","금융","기타","1","0","0","0","0","0","","1"
"201908","금융","불편/개선건의","0","0","0","0","0","0","","0"
"201908","금융","신용카드","1","0","0","0","0","0","","1"
"201908","금융","은행업무","20","1","0","0","0","0","","21"
"201908","기타","기타","14","7","0","0","0","0","","21"
"201908","기타","렌탈","0","0","0","0","0","0","","0"
"201908","기타","매매/교환","1","0","0","0","0","0","","1"
"201908","기타","불편/개선건의","2","0","0","0","0","0","","2"
"201908","기타","센터안내","80","6","1","0","0","0","","87"
"201908","기타","통역","87","10","2","0","0","0","","99"
"201908","노무","고용보험","6","1","0","0","0","0","","7"
"201908","노무","구인","5","0","0","0","0","0","","5"
"201908","노무","구직","71","5","1","0","0","0","","77"
"201908","노무","근로자교육","15","1","0","0","0","0","","16"
"201908","노무","근로조건","37","7","0","0","0","0","","44"
"201908","노무","급여","62","22","0","0","0","0","","84"
"201908","노무","기타","27","7","0","0","0","0","","34"
"201908","노무","부당해고","16","6","0","0","0","0","","22"
"201908","노무","불편/개선건의","5","2","0","0","0","0","","7"
"201908","노무","사업장변경","54","1","1","0","0","0","","56"
"201908","노무","사업장이탈","1","0","0","0","0","0","","1"
"201908","노무","산재보험","22","2","0","0","0","0","","24"
"201908","노무","외국근로자보험","84","62","0","0","0","0","","146"
"201908","노무","재고용","11","2","0","0","0","0","","13"
"201908","노무","체불임금","56","17","0","0","0","0","","73"
"201908","문화/관광","교류/행사","10","1","0","0","0","0","","11"
"201908","문화/관광","기타","0","0","0","0","0","0","","0"
"201908","문화/관광","불편/개선건의","0","0","0","0","0","0","","0"
"201908","문화/관광","여행/관광","2","1","0","0","0","0","","3"
"201908","문화/관광","자원봉사","0","2","0","0","0","0","","2"
"201908","문화/관광","종교","0","0","0","0","0","0","","0"
"201908","보건/복지","건강보험","68","5","5","0","0","0","","78"
"201908","보건/복지","국민연금","23","35","0","0","0","0","","58"
"201908","보건/복지","기타","4","1","2","0","0","0","","7"
"201908","보건/복지","동물병원","0","0","0","0","0","0","","0"
"201908","보건/복지","무료진료","1","0","0","0","0","0","","1"
"201908","보건/복지","불편/개선건의","0","0","0","0","0","0","","0"
"201908","보건/복지","사보험","0","1","0","0","0","0","","1"
"201908","보건/복지","사회복지","7","1","0","0","0","0","","8"
"201908","보건/복지","심리상담","12","12","2","0","0","0","","26"
"201908","보건/복지","의료기관","29","0","2","0","0","0","","31"
"201908","비즈니스","FDI/금융","0","0","0","0","0","0","","0"
"201908","비즈니스","관세/통관","0","1","0","0","0","0","","1"
"201908","비즈니스","기타","0","2","0","0","0","0","","2"
"201908","비즈니스","노무/인사","1","0","0","0","0","0","","1"
"201908","비즈니스","마케팅","0","0","0","0","0","0","","0"
"201908","비즈니스","무역특화","0","0","0","0","0","0","","0"
"201908","비즈니스","법률/상법","0","0","0","0","0","0","","0"
"201908","비즈니스","불편/개선건의","0","0","0","0","0","0","","0"
"201908","비즈니스","비자","0","0","0","0","0","0","","0"
"201908","비즈니스","비즈네트워킹","0","0","0","0","0","0","","0"
"201908","비즈니스","비즈한국어","0","0","0","0","0","0","","0"
"201908","비즈니스","세금","0","2","0","0","0","0","","2"
"201908","비즈니스","인허가","0","0","0","0","0","0","","0"
"201908","비즈니스","지식재산권","0","0","0","0","0","0","","0"
"201908","비즈니스","창업교육","1","0","0","0","0","0","","1"
"201908","비즈니스","창업보육","0","0","0","0","0","0","","0"
"201908","비즈니스","창업일반","6","0","0","0","0","0","","6"
"201908","비즈니스","회사설립","1","0","0","0","0","0","","1"
"201908","안전","교통사고","8","1","0","0","0","0","","9"
"201908","안전","기타","4","0","0","0","0","0","","4"
"201908","안전","민사사건","15","11","2","0","0","0","","28"
"201908","안전","불편/개선건의","1","0","0","0","0","0","","1"
"201908","안전","일반사고","1","1","0","0","0","0","","2"
"201908","안전","재난/재해","0","0","0","0","0","0","","0"
"201908","안전","형사사건","20","12","1","0","0","0","","33"
"201908","여성/가족","가정폭력","4","0","0","0","0","0","","4"
"201908","여성/가족","가족상담","0","2","1","0","0","0","","3"
"201908","여성/가족","기타","3","0","0","0","0","0","","3"
"201908","여성/가족","불편/개선건의","0","0","0","0","0","0","","0"
"201908","여성/가족","이혼","21","3","0","0","0","0","","24"
"201908","여성/가족","임신/출산","1","0","0","0","0","0","","1"
"201908","정보통신","기타","0","0","0","0","0","0","","0"
"201908","정보통신","불편/개선건의","0","0","0","0","0","0","","0"
"201908","정보통신","우편/택배등","2","0","0","0","0","0","","2"
"201908","정보통신","인터넷","2","1","0","0","0","0","","3"
"201908","정보통신","전화","0","0","0","0","0","0","","0"
"201908","정보통신","케이블/위성TV","0","0","0","0","0","0","","0"
"201908","정보통신","휴대폰","4","3","0","0","0","0","","7"
"201908","주거","공과금","2","1","0","0","0","0","","3"
"201908","주거","기타","9","0","0","0","0","0","","9"
"201908","주거","부동산매매","7","3","0","0","0","0","","10"
"201908","주거","부동산임대","21","12","0","0","0","0","","33"
"201908","주거","불편/개선건의","5","0","0","0","0","0","","5"
"201908","주거","이사","4","1","1","0","0","0","","6"
"201908","주거","주거관련분쟁","20","6","0","0","0","0","","26"
"201908","출입국","검역/세관","0","0","0","0","0","0","","0"
"201908","출입국","귀화/영주권","9","8","0","0","0","0","","17"
"201908","출입국","기타","38","16","0","0","0","0","","54"
"201908","출입국","난민","6","1","0","0","0","0","","7"
"201908","출입국","불편/개선건의","0","0","0","0","0","0","","0"
"201908","출입국","사증변경","43","23","2","1","0","0","","69"
"201908","출입국","사증연장","114","71","1","0","0","0","","186"
"201908","출입국","사증자격","41","18","0","0","0","0","","59"
"201908","출입국","사증취득","27","4","0","0","0","0","","31"
"201908","출입국","외국인등록증","63","38","0","0","0","0","","101"
"201908","출입국","초청","9","3","0","0","0","0","","12"
"201908","출입국","출국/입국","18","7","2","0","0","0","","27"
"201908","행정","공증","2","0","0","0","0","0","","2"
"201908","행정","기타","16","9","1","0","0","0","","26"
"201908","행정","불편/개선건의","0","0","0","0","0","0","","0"
"201908","행정","세무","20","6","1","0","0","0","","27"
"201908","행정","소비자상담","5","0","0","0","0","0","","5"
"201908","행정","쓰레기처리","0","0","0","0","0","0","","0"
"201908","행정","여권","7","2","0","0","0","0","","9"
"201908","행정","운전면허","150","47","7","0","0","0","","204"
"201908","행정","인감","0","0","0","0","0","0","","0"
"201908","행정","일반법률","29","8","0","0","0","0","","37"
"201908","행정","자동차관련","6","1","0","0","0","0","","7"
"201908","행정","출생 및 사망","7","1","1","0","0","0","","9"
"201908","행정","행정기관","51","5","1","0","0","0","","57"
"201908","행정","행정소송","2","0","0","0","0","0","","2"
"201908","행정","혼인관계","9","2","5","0","0","0","","16"
"201907","교육","교육기관","14","5","0","0","0","0","","19"
"201907","교육","기타","6","2","1","0","0","0","","9"
"201907","교육","보육시설","2","0","1","0","0","0","","3"
"201907","교육","불편/개선건의","2","0","0","0","0","0","","2"
"201907","교육","일반교육","11","2","1","0","0","0","","14"
"201907","교육","한국어교육","107","25","47","1","0","0","","180"
"201907","교통","기타","0","0","0","0","0","0","","0"
"201907","교통","대중교통","4","0","2","0","0","0","","6"
"201907","교통","불편/개선건의","0","0","0","0","0","0","","0"
"201907","교통","유실물","2","0","0","0","0","0","","2"
"201907","교통","항공 및 선박","0","0","0","0","0","0","","0"
"201907","금융","기타","6","2","0","0","0","0","","8"
"201907","금융","불편/개선건의","0","0","0","0","0","0","","0"
"201907","금융","신용카드","2","1","0","0","0","0","","3"
"201907","금융","은행업무","19","6","0","0","0","0","","25"
"201907","기타","기타","17","5","0","0","0","0","","22"
"201907","기타","렌탈","0","0","0","0","0","0","","0"
"201907","기타","매매/교환","0","0","0","0","0","0","","0"
"201907","기타","불편/개선건의","1","0","0","0","0","0","","1"
"201907","기타","센터안내","71","4","1","0","0","0","","76"
"201907","기타","통역","103","5","1","0","0","0","","109"
"201907","노무","고용보험","9","2","0","0","0","0","","11"
"201907","노무","구인","1","0","0","0","0","0","","1"
"201907","노무","구직","52","5","1","0","0","0","","58"
"201907","노무","근로자교육","24","0","0","0","0","0","","24"
"201907","노무","근로조건","49","3","1","0","0","0","","53"
"201907","노무","급여","119","23","0","0","0","0","","142"
"201907","노무","기타","37","2","0","0","0","0","","39"
"201907","노무","부당해고","29","7","1","0","0","0","","37"
"201907","노무","불편/개선건의","6","0","0","0","0","0","","6"
"201907","노무","사업장변경","47","1","0","0","0","0","","48"
"201907","노무","사업장이탈","0","0","0","0","0","0","","0"
"201907","노무","산재보험","29","4","0","0","0","0","","33"
"201907","노무","외국근로자보험","78","42","0","0","0","0","","120"
"201907","노무","재고용","20","0","0","0","0","0","","20"
"201907","노무","체불임금","41","17","1","0","0","0","","59"
"201907","문화/관광","교류/행사","9","1","0","0","0","0","","10"
"201907","문화/관광","기타","1","0","0","0","0","0","","1"
"201907","문화/관광","불편/개선건의","0","0","0","0","0","0","","0"
"201907","문화/관광","여행/관광","5","0","0","0","0","0","","5"
"201907","문화/관광","자원봉사","2","0","0","0","0","0","","2"
"201907","문화/관광","종교","0","0","0","0","0","0","","0"
"201907","보건/복지","건강보험","223","13","1","0","0","0","","237"
"201907","보건/복지","국민연금","70","25","0","0","0","0","","95"
"201907","보건/복지","기타","1","0","0","0","0","0","","1"
"201907","보건/복지","동물병원","1","1","0","0","0","0","","2"
"201907","보건/복지","무료진료","3","0","0","0","0","0","","3"
"201907","보건/복지","불편/개선건의","0","0","0","0","0","0","","0"
"201907","보건/복지","사보험","3","0","0","0","0","0","","3"
"201907","보건/복지","사회복지","2","0","0","0","0","0","","2"
"201907","보건/복지","심리상담","12","24","3","0","0","0","","39"
"201907","보건/복지","의료기관","33","1","0","0","0","0","","34"
"201907","비즈니스","FDI/금융","0","0","0","0","0","0","","0"
"201907","비즈니스","관세/통관","1","0","0","0","0","0","","1"
"201907","비즈니스","기타","0","1","0","0","0","0","","1"
"201907","비즈니스","노무/인사","0","1","0","0","0","0","","1"
"201907","비즈니스","마케팅","0","0","0","0","0","0","","0"
"201907","비즈니스","무역특화","0","0","0","0","0","0","","0"
"201907","비즈니스","법률/상법","0","0","0","0","0","0","","0"
"201907","비즈니스","불편/개선건의","0","0","0","0","0","0","","0"
"201907","비즈니스","비자","0","0","0","0","0","0","","0"
"201907","비즈니스","비즈네트워킹","0","0","0","0","0","0","","0"
"201907","비즈니스","비즈한국어","0","0","0","0","0","0","","0"
"201907","비즈니스","세금","0","1","0","0","0","0","","1"
"201907","비즈니스","인허가","0","0","0","0","0","0","","0"
"201907","비즈니스","지식재산권","0","0","0","0","0","0","","0"
"201907","비즈니스","창업교육","2","0","0","0","0","0","","2"
"201907","비즈니스","창업보육","0","0","0","0","0","0","","0"
"201907","비즈니스","창업일반","8","0","1","0","0","0","","9"
"201907","비즈니스","회사설립","0","0","0","0","0","0","","0"
"201907","안전","교통사고","4","0","0","0","0","0","","4"
"201907","안전","기타","2","0","0","0","0","0","","2"
"201907","안전","민사사건","17","12","0","0","0","0","","29"
"201907","안전","불편/개선건의","0","0","0","0","0","0","","0"
"201907","안전","일반사고","3","0","0","0","0","0","","3"
"201907","안전","재난/재해","0","0","0","0","0","0","","0"
"201907","안전","형사사건","23","10","1","0","0","0","","34"
"201907","여성/가족","가정폭력","1","0","0","0","0","0","","1"
"201907","여성/가족","가족상담","2","0","0","0","0","0","","2"
"201907","여성/가족","기타","3","1","0","0","0","0","","4"
"201907","여성/가족","불편/개선건의","0","0","0","0","0","0","","0"
"201907","여성/가족","이혼","16","3","0","0","0","0","","19"
"201907","여성/가족","임신/출산","0","0","0","0","0","0","","0"
"201907","정보통신","기타","1","0","0","0","0","0","","1"
"201907","정보통신","불편/개선건의","0","0","0","0","0","0","","0"
"201907","정보통신","우편/택배등","2","0","0","0","0","0","","2"
"201907","정보통신","인터넷","1","1","0","0","0","0","","2"
"201907","정보통신","전화","2","0","0","0","0","0","","2"
"201907","정보통신","케이블/위성TV","0","0","0","0","0","0","","0"
"201907","정보통신","휴대폰","1","3","0","0","0","0","","4"
"201907","주거","공과금","0","0","0","0","0","0","","0"
"201907","주거","기타","2","1","0","0","0","0","","3"
"201907","주거","부동산매매","4","3","0","0","0","0","","7"
"201907","주거","부동산임대","16","3","1","0","0","0","","20"
"201907","주거","불편/개선건의","0","0","0","0","0","0","","0"
"201907","주거","이사","4","0","0","0","0","0","","4"
"201907","주거","주거관련분쟁","8","0","0","0","0","0","","8"
"201907","출입국","검역/세관","0","0","0","0","0","0","","0"
"201907","출입국","귀화/영주권","7","5","0","0","0","0","","12"
"201907","출입국","기타","58","20","0","0","0","0","","78"
"201907","출입국","난민","3","0","0","0","0","0","","3"
"201907","출입국","불편/개선건의","1","0","0","0","0","0","","1"
"201907","출입국","사증변경","65","32","2","0","0","0","","99"
"201907","출입국","사증연장","135","51","2","0","0","0","","188"
"201907","출입국","사증자격","35","16","0","0","0","0","","51"
"201907","출입국","사증취득","24","8","0","0","0","0","","32"
"201907","출입국","외국인등록증","87","44","0","0","0","0","","131"
"201907","출입국","초청","11","7","0","0","0","0","","18"
"201907","출입국","출국/입국","29","1","0","0","0","0","","30"
"201907","행정","공증","2","1","0","0","0","0","","3"
"201907","행정","기타","14","1","1","0","0","0","","16"
"201907","행정","불편/개선건의","0","0","0","0","0","0","","0"
"201907","행정","세무","16","1","0","0","0","0","","17"
"201907","행정","소비자상담","6","0","0","0","0","0","","6"
"201907","행정","쓰레기처리","1","1","0","0","0","0","","2"
"201907","행정","여권","4","1","0","0","0","0","","5"
"201907","행정","운전면허","168","31","5","1","0","0","","205"
"201907","행정","인감","0","0","0","0","0","0","","0"
"201907","행정","일반법률","36","5","0","0","0","0","","41"
"201907","행정","자동차관련","8","1","1","0","0","0","","10"
"201907","행정","출생 및 사망","8","0","2","0","0","0","","10"
"201907","행정","행정기관","98","7","0","0","0","0","","105"
"201907","행정","행정소송","3","0","0","0","0","0","","3"
"201907","행정","혼인관계","6","3","13","0","0","0","","22"